ISO-10303-21;
HEADER;
FILE_DESCRIPTION(('FreeCAD Model'),'2;1');
FILE_NAME('Open CASCADE Shape Model','2026-08-22T13:55:01',('FreeCAD'),(
    'FreeCAD'),'Open CASCADE STEP processor 7.9','FreeCAD','Unknown');
FILE_SCHEMA(('AUTOMOTIVE_DESIGN { 1 0 10303 214 1 1 1 1 }'));
ENDSEC;
DATA;
#1 = APPLICATION_PROTOCOL_DEFINITION('international standard',
  'automotive_design',2000,#2);
#2 = APPLICATION_CONTEXT(
  'core data for automotive mechanical design processes');
#3 = SHAPE_DEFINITION_REPRESENTATION(#4,#10);
#4 = PRODUCT_DEFINITION_SHAPE('','',#5);
#5 = PRODUCT_DEFINITION('design','',#6,#9);
#6 = PRODUCT_DEFINITION_FORMATION('','',#7);
#7 = PRODUCT('Open CASCADE STEP translator 7.9 1',
  'Open CASCADE STEP translator 7.9 1','',(#8));
#8 = PRODUCT_CONTEXT('',#2,'mechanical');
#9 = PRODUCT_DEFINITION_CONTEXT('part definition',#2,'design');
#10 = ADVANCED_BREP_SHAPE_REPRESENTATION('',(#11,#15),#17431);
#11 = AXIS2_PLACEMENT_3D('',#12,#13,#14);
#12 = CARTESIAN_POINT('',(0.,0.,0.));
#13 = DIRECTION('',(0.,0.,1.));
#14 = DIRECTION('',(1.,0.,-0.));
#15 = BREP_WITH_VOIDS('',#16,(#17193,#17312));
#16 = CLOSED_SHELL('',(#17,#59,#101,#143,#185,#227,#269,#322,#366,#419,
    #463,#495,#527,#569,#611,#655,#697,#725,#767,#809,#851,#893,#935,
    #977,#1036,#1076,#1116,#1156,#1196,#1236,#1262,#1309,#1342,#1362,
    #1374,#1398,#1409,#1561,#1713,#1737,#1761,#1801,#1832,#1863,#1914,
    #1963,#2003,#2033,#2063,#2103,#2134,#2165,#2214,#2265,#2305,#2335,
    #2365,#2421,#2455,#2489,#2545,#2565,#2599,#2633,#2689,#2745,#2765,
    #2806,#2847,#2999,#3032,#3065,#3106,#3147,#3276,#3309,#3342,#3382,
    #3415,#3446,#3477,#3503,#3527,#3546,#3586,#3617,#3648,#3670,#3703,
    #3734,#3765,#3796,#3823,#3847,#3867,#3907,#3938,#3969,#3991,#4015,
    #4039,#4063,#4094,#4118,#4135,#4166,#4190,#4264,#4281,#4298,#4315,
    #4339,#4363,#4387,#4418,#4442,#4459,#4490,#4512,#4534,#4582,#4599,
    #4616,#4845,#4857,#4889,#4912,#4942,#4966,#5098,#5122,#5146,#5163,
    #5187,#5211,#5228,#5252,#5276,#5293,#5317,#5341,#5358,#5384,#5407,
    #5430,#5659,#5671,#5701,#5726,#5749,#5779,#5803,#5935,#5959,#5983,
    #6000,#6024,#6048,#6065,#6089,#6113,#6130,#6154,#6178,#6195,#6221,
    #6244,#6261,#6278,#6290,#6307,#6324,#6336,#6353,#6370,#6382,#6399,
    #6416,#6428,#6452,#6476,#6488,#6500,#6524,#6548,#6560,#6572,#6596,
    #6620,#6632,#6644,#6668,#6692,#6704,#6716,#6765,#6816,#6850,#6884,
    #6903,#6922,#6950,#6978,#6997,#7037,#7068,#7099,#7129,#7148,#7173,
    #7187,#7238,#7272,#7314,#7355,#7374,#7393,#7421,#7449,#7468,#7508,
    #7539,#7570,#7600,#7619,#7644,#7658,#7691,#7703,#7715,#7727,#7739,
    #7772,#7808,#7844,#7877,#7889,#7901,#7913,#7925,#7958,#7989,#8008,
    #8034,#8058,#8091,#8115,#8133,#8158,#8182,#8215,#8239,#8258,#8284,
    #8308,#8341,#8365,#8383,#8408,#8432,#8458,#8532,#8554,#8585,#8650,
    #8672,#8694,#8720,#8732,#8744,#8756,#8768,#8786,#8798,#8810,#8834,
    #8859,#8883,#8908,#8925,#8949,#8974,#8998,#9023,#9040,#9065,#9090,
    #9115,#9140,#9156,#9174,#9216,#9249,#9289,#9320,#9343,#9370,#9410,
    #9441,#9472,#9512,#9543,#9583,#9614,#9641,#9672,#9695,#9735,#9766,
    #9806,#9851,#9891,#9922,#9953,#9984,#10024,#10055,#10086,#10126,
    #10171,#10211,#10242,#10273,#10304,#10328,#10352,#10383,#10455,
    #10479,#10497,#10528,#10547,#10572,#10598,#10622,#10641,#10667,
    #10686,#10719,#10743,#10762,#10787,#10813,#10837,#10856,#10875,
    #10901,#10926,#10952,#10976,#11002,#11029,#11048,#11081,#11113,
    #11132,#11165,#11191,#11218,#11244,#11268,#11287,#11319,#11347,
    #11372,#11393,#11435,#11477,#11519,#11561,#11594,#11619,#11646,
    #11671,#11696,#11721,#11748,#11765,#11796,#11820,#11844,#11875,
    #11899,#11923,#11956,#11981,#12006,#12033,#12058,#12083,#12108,
    #12127,#12152,#12177,#12202,#12227,#12252,#12277,#12294,#12325,
    #12358,#12389,#12422,#12439,#12479,#12512,#12534,#12559,#12584,
    #12609,#12634,#12651,#12691,#12731,#12771,#12802,#12833,#12873,
    #12904,#12935,#12982,#13013,#13062,#13093,#13124,#13155,#13186,
    #13235,#13266,#13297,#13328,#13359,#13383,#13407,#13438,#13462,
    #13486,#13526,#13557,#13588,#13619,#13644,#13675,#13699,#13724,
    #13748,#13772,#13796,#13821,#13838,#13869,#13893,#13917,#13942,
    #13966,#13990,#14014,#14032,#14072,#14112,#14146,#14164,#14188,
    #14212,#14236,#14254,#14281,#14298,#14323,#14350,#14374,#14401,
    #14419,#14443,#14467,#14484,#14524,#14541,#14558,#14598,#14629,
    #14677,#14717,#14748,#14787,#14827,#14858,#14897,#14937,#14968,
    #15016,#15049,#15066,#15083,#15175,#15192,#15225,#15242,#15259,
    #15351,#15383,#15409,#15426,#15532,#15556,#15580,#15611,#15636,
    #15668,#15687,#15755,#15785,#15813,#15832,#15868,#15896,#15915,
    #15951,#15979,#15998,#16028,#16056,#16075,#16085,#16095,#16201,
    #16223,#16245,#16257,#16269,#16323,#16363,#16394,#16425,#16465,
    #16505,#16527,#16558,#16589,#16621,#16655,#16674,#16693,#16712,
    #16731,#16764,#16797,#16830,#16863,#16880,#16897,#16914,#16931,
    #16948,#16970,#16982,#17004,#17021,#17033,#17045,#17057,#17119,
    #17129,#17161));
#17 = ADVANCED_FACE('',(#18),#54,.T.);
#18 = FACE_BOUND('',#19,.T.);
#19 = EDGE_LOOP('',(#20,#31,#39,#48));
#20 = ORIENTED_EDGE('',*,*,#21,.T.);
#21 = EDGE_CURVE('',#22,#24,#26,.T.);
#22 = VERTEX_POINT('',#23);
#23 = CARTESIAN_POINT('',(-6.925,0.3,1.4995));
#24 = VERTEX_POINT('',#25);
#25 = CARTESIAN_POINT('',(-6.925,-1.428268100668E-15,1.6495));
#26 = CIRCLE('',#27,0.375);
#27 = AXIS2_PLACEMENT_3D('',#28,#29,#30);
#28 = CARTESIAN_POINT('',(-6.925,-1.428268100668E-15,1.2745));
#29 = DIRECTION('',(1.,1.249318835986E-16,-1.367897097256E-14));
#30 = DIRECTION('',(1.249318835986E-16,-1.,2.446312584876E-30));
#31 = ORIENTED_EDGE('',*,*,#32,.T.);
#32 = EDGE_CURVE('',#24,#33,#35,.T.);
#33 = VERTEX_POINT('',#34);
#34 = CARTESIAN_POINT('',(-6.3,-1.294298963497E-15,1.6495));
#35 = LINE('',#36,#37);
#36 = CARTESIAN_POINT('',(-6.925,-1.428268100668E-15,1.6495));
#37 = VECTOR('',#38,1.);
#38 = DIRECTION('',(1.,1.249318835986E-16,2.486067977623E-16));
#39 = ORIENTED_EDGE('',*,*,#40,.T.);
#40 = EDGE_CURVE('',#33,#41,#43,.T.);
#41 = VERTEX_POINT('',#42);
#42 = CARTESIAN_POINT('',(-6.3,0.3,1.4995));
#43 = CIRCLE('',#44,0.375);
#44 = AXIS2_PLACEMENT_3D('',#45,#46,#47);
#45 = CARTESIAN_POINT('',(-6.3,-1.350185673419E-15,1.2745));
#46 = DIRECTION('',(-1.,-1.249318835986E-16,-2.486067977623E-16));
#47 = DIRECTION('',(2.486067977623E-16,3.105891551988E-32,-1.));
#48 = ORIENTED_EDGE('',*,*,#49,.F.);
#49 = EDGE_CURVE('',#22,#41,#50,.T.);
#50 = LINE('',#51,#52);
#51 = CARTESIAN_POINT('',(-6.925,0.3,1.4995));
#52 = VECTOR('',#53,1.);
#53 = DIRECTION('',(1.,1.249318835986E-16,2.486067977623E-16));
#54 = CYLINDRICAL_SURFACE('',#55,0.375);
#55 = AXIS2_PLACEMENT_3D('',#56,#57,#58);
#56 = CARTESIAN_POINT('',(-6.925,-1.428268100668E-15,1.2745));
#57 = DIRECTION('',(1.,1.249318835986E-16,2.486067977623E-16));
#58 = DIRECTION('',(-2.486067977623E-16,-3.105891551988E-32,1.));
#59 = ADVANCED_FACE('',(#60),#96,.F.);
#60 = FACE_BOUND('',#61,.F.);
#61 = EDGE_LOOP('',(#62,#72,#81,#89));
#62 = ORIENTED_EDGE('',*,*,#63,.T.);
#63 = EDGE_CURVE('',#64,#66,#68,.T.);
#64 = VERTEX_POINT('',#65);
#65 = CARTESIAN_POINT('',(-6.925,-0.212132034356,1.3495));
#66 = VERTEX_POINT('',#67);
#67 = CARTESIAN_POINT('',(-6.3,-0.212132034356,1.3495));
#68 = LINE('',#69,#70);
#69 = CARTESIAN_POINT('',(-6.925,-0.212132034356,1.3495));
#70 = VECTOR('',#71,1.);
#71 = DIRECTION('',(1.,1.249318835986E-16,2.486067977623E-16));
#72 = ORIENTED_EDGE('',*,*,#73,.T.);
#73 = EDGE_CURVE('',#66,#74,#76,.T.);
#74 = VERTEX_POINT('',#75);
#75 = CARTESIAN_POINT('',(-6.3,-1.294298963497E-15,1.4995));
#76 = CIRCLE('',#77,0.225);
#77 = AXIS2_PLACEMENT_3D('',#78,#79,#80);
#78 = CARTESIAN_POINT('',(-6.3,-1.350185673419E-15,1.2745));
#79 = DIRECTION('',(-1.,-1.249318835986E-16,-2.486067977623E-16));
#80 = DIRECTION('',(2.486067977623E-16,3.105891551988E-32,-1.));
#81 = ORIENTED_EDGE('',*,*,#82,.F.);
#82 = EDGE_CURVE('',#83,#74,#85,.T.);
#83 = VERTEX_POINT('',#84);
#84 = CARTESIAN_POINT('',(-6.925,-1.48415481059E-15,1.4995));
#85 = LINE('',#86,#87);
#86 = CARTESIAN_POINT('',(-6.925,-1.428268100668E-15,1.4995));
#87 = VECTOR('',#88,1.);
#88 = DIRECTION('',(1.,1.249318835986E-16,2.486067977623E-16));
#89 = ORIENTED_EDGE('',*,*,#90,.T.);
#90 = EDGE_CURVE('',#83,#64,#91,.T.);
#91 = CIRCLE('',#92,0.225);
#92 = AXIS2_PLACEMENT_3D('',#93,#94,#95);
#93 = CARTESIAN_POINT('',(-6.925,-1.428268100668E-15,1.2745));
#94 = DIRECTION('',(1.,1.249318835986E-16,-1.723168465136E-14));
#95 = DIRECTION('',(1.249318835986E-16,-1.,3.081670917045E-30));
#96 = CYLINDRICAL_SURFACE('',#97,0.225);
#97 = AXIS2_PLACEMENT_3D('',#98,#99,#100);
#98 = CARTESIAN_POINT('',(-6.925,-1.428268100668E-15,1.2745));
#99 = DIRECTION('',(1.,1.249318835986E-16,2.486067977623E-16));
#100 = DIRECTION('',(-2.486067977623E-16,-3.105891551988E-32,1.));
#101 = ADVANCED_FACE('',(#102),#138,.T.);
#102 = FACE_BOUND('',#103,.T.);
#103 = EDGE_LOOP('',(#104,#115,#123,#132));
#104 = ORIENTED_EDGE('',*,*,#105,.T.);
#105 = EDGE_CURVE('',#106,#108,#110,.T.);
#106 = VERTEX_POINT('',#107);
#107 = CARTESIAN_POINT('',(-6.925,-2.2,1.4995));
#108 = VERTEX_POINT('',#109);
#109 = CARTESIAN_POINT('',(-6.925,-2.5,1.6495));
#110 = CIRCLE('',#111,0.375);
#111 = AXIS2_PLACEMENT_3D('',#112,#113,#114);
#112 = CARTESIAN_POINT('',(-6.925,-2.5,1.2745));
#113 = DIRECTION('',(1.,1.249318835986E-16,-1.367897097256E-14));
#114 = DIRECTION('',(1.249318835986E-16,-1.,2.446312584876E-30));
#115 = ORIENTED_EDGE('',*,*,#116,.T.);
#116 = EDGE_CURVE('',#108,#117,#119,.T.);
#117 = VERTEX_POINT('',#118);
#118 = CARTESIAN_POINT('',(-6.,-2.5,1.6495));
#119 = LINE('',#120,#121);
#120 = CARTESIAN_POINT('',(-6.925,-2.5,1.6495));
#121 = VECTOR('',#122,1.);
#122 = DIRECTION('',(1.,1.249318835986E-16,2.854496229877E-15));
#123 = ORIENTED_EDGE('',*,*,#124,.F.);
#124 = EDGE_CURVE('',#125,#117,#127,.T.);
#125 = VERTEX_POINT('',#126);
#126 = CARTESIAN_POINT('',(-6.,-2.2,1.4995));
#127 = CIRCLE('',#128,0.375);
#128 = AXIS2_PLACEMENT_3D('',#129,#130,#131);
#129 = CARTESIAN_POINT('',(-6.,-2.5,1.2745));
#130 = DIRECTION('',(1.,3.037693553488E-16,-0.));
#131 = DIRECTION('',(-3.037693553488E-16,1.,0.));
#132 = ORIENTED_EDGE('',*,*,#133,.F.);
#133 = EDGE_CURVE('',#106,#125,#134,.T.);
#134 = LINE('',#135,#136);
#135 = CARTESIAN_POINT('',(-6.925,-2.2,1.4995));
#136 = VECTOR('',#137,1.);
#137 = DIRECTION('',(1.,1.249318835986E-16,2.854496229877E-15));
#138 = CYLINDRICAL_SURFACE('',#139,0.375);
#139 = AXIS2_PLACEMENT_3D('',#140,#141,#142);
#140 = CARTESIAN_POINT('',(-6.925,-2.5,1.2745));
#141 = DIRECTION('',(1.,1.249318835986E-16,2.854496229877E-15));
#142 = DIRECTION('',(-2.854496229877E-15,-7.702623382295E-31,1.));
#143 = ADVANCED_FACE('',(#144),#180,.F.);
#144 = FACE_BOUND('',#145,.F.);
#145 = EDGE_LOOP('',(#146,#156,#165,#173));
#146 = ORIENTED_EDGE('',*,*,#147,.T.);
#147 = EDGE_CURVE('',#148,#150,#152,.T.);
#148 = VERTEX_POINT('',#149);
#149 = CARTESIAN_POINT('',(-6.925,-2.712132034356,1.3495));
#150 = VERTEX_POINT('',#151);
#151 = CARTESIAN_POINT('',(-6.,-2.712132034356,1.3495));
#152 = LINE('',#153,#154);
#153 = CARTESIAN_POINT('',(-6.925,-2.712132034356,1.3495));
#154 = VECTOR('',#155,1.);
#155 = DIRECTION('',(1.,1.249318835986E-16,2.486067977623E-16));
#156 = ORIENTED_EDGE('',*,*,#157,.F.);
#157 = EDGE_CURVE('',#158,#150,#160,.T.);
#158 = VERTEX_POINT('',#159);
#159 = CARTESIAN_POINT('',(-6.,-2.5,1.4995));
#160 = CIRCLE('',#161,0.225);
#161 = AXIS2_PLACEMENT_3D('',#162,#163,#164);
#162 = CARTESIAN_POINT('',(-6.,-2.5,1.2745));
#163 = DIRECTION('',(1.,3.037693553488E-16,-0.));
#164 = DIRECTION('',(-3.037693553488E-16,1.,0.));
#165 = ORIENTED_EDGE('',*,*,#166,.F.);
#166 = EDGE_CURVE('',#167,#158,#169,.T.);
#167 = VERTEX_POINT('',#168);
#168 = CARTESIAN_POINT('',(-6.925,-2.5,1.4995));
#169 = LINE('',#170,#171);
#170 = CARTESIAN_POINT('',(-6.925,-2.5,1.4995));
#171 = VECTOR('',#172,1.);
#172 = DIRECTION('',(1.,1.249318835986E-16,2.486067977623E-16));
#173 = ORIENTED_EDGE('',*,*,#174,.T.);
#174 = EDGE_CURVE('',#167,#148,#175,.T.);
#175 = CIRCLE('',#176,0.225);
#176 = AXIS2_PLACEMENT_3D('',#177,#178,#179);
#177 = CARTESIAN_POINT('',(-6.925,-2.5,1.2745));
#178 = DIRECTION('',(1.,1.249318835986E-16,-1.723168465136E-14));
#179 = DIRECTION('',(1.249318835986E-16,-1.,3.081670917045E-30));
#180 = CYLINDRICAL_SURFACE('',#181,0.225);
#181 = AXIS2_PLACEMENT_3D('',#182,#183,#184);
#182 = CARTESIAN_POINT('',(-6.925,-2.5,1.2745));
#183 = DIRECTION('',(1.,1.249318835986E-16,2.486067977623E-16));
#184 = DIRECTION('',(-2.486067977623E-16,-3.105891551988E-32,1.));
#185 = ADVANCED_FACE('',(#186),#222,.T.);
#186 = FACE_BOUND('',#187,.T.);
#187 = EDGE_LOOP('',(#188,#199,#207,#216));
#188 = ORIENTED_EDGE('',*,*,#189,.F.);
#189 = EDGE_CURVE('',#190,#192,#194,.T.);
#190 = VERTEX_POINT('',#191);
#191 = CARTESIAN_POINT('',(-6.925,2.5,1.6495));
#192 = VERTEX_POINT('',#193);
#193 = CARTESIAN_POINT('',(-6.925,2.8,1.4995));
#194 = CIRCLE('',#195,0.375);
#195 = AXIS2_PLACEMENT_3D('',#196,#197,#198);
#196 = CARTESIAN_POINT('',(-6.925,2.5,1.2745));
#197 = DIRECTION('',(-1.,-1.249318835986E-16,1.367897097256E-14));
#198 = DIRECTION('',(-1.249318835986E-16,1.,-2.446312584876E-30));
#199 = ORIENTED_EDGE('',*,*,#200,.T.);
#200 = EDGE_CURVE('',#190,#201,#203,.T.);
#201 = VERTEX_POINT('',#202);
#202 = CARTESIAN_POINT('',(-6.,2.5,1.6495));
#203 = LINE('',#204,#205);
#204 = CARTESIAN_POINT('',(-6.925,2.5,1.6495));
#205 = VECTOR('',#206,1.);
#206 = DIRECTION('',(1.,1.249318835986E-16,2.854496229877E-15));
#207 = ORIENTED_EDGE('',*,*,#208,.T.);
#208 = EDGE_CURVE('',#201,#209,#211,.T.);
#209 = VERTEX_POINT('',#210);
#210 = CARTESIAN_POINT('',(-6.,2.8,1.4995));
#211 = CIRCLE('',#212,0.375);
#212 = AXIS2_PLACEMENT_3D('',#213,#214,#215);
#213 = CARTESIAN_POINT('',(-6.,2.5,1.2745));
#214 = DIRECTION('',(-1.,-3.037693553488E-16,-0.));
#215 = DIRECTION('',(-3.037693553488E-16,1.,0.));
#216 = ORIENTED_EDGE('',*,*,#217,.F.);
#217 = EDGE_CURVE('',#192,#209,#218,.T.);
#218 = LINE('',#219,#220);
#219 = CARTESIAN_POINT('',(-6.925,2.8,1.4995));
#220 = VECTOR('',#221,1.);
#221 = DIRECTION('',(1.,1.249318835986E-16,2.854496229877E-15));
#222 = CYLINDRICAL_SURFACE('',#223,0.375);
#223 = AXIS2_PLACEMENT_3D('',#224,#225,#226);
#224 = CARTESIAN_POINT('',(-6.925,2.5,1.2745));
#225 = DIRECTION('',(1.,1.249318835986E-16,2.854496229877E-15));
#226 = DIRECTION('',(-2.854496229877E-15,-7.702623382295E-31,1.));
#227 = ADVANCED_FACE('',(#228),#264,.F.);
#228 = FACE_BOUND('',#229,.F.);
#229 = EDGE_LOOP('',(#230,#240,#249,#257));
#230 = ORIENTED_EDGE('',*,*,#231,.T.);
#231 = EDGE_CURVE('',#232,#234,#236,.T.);
#232 = VERTEX_POINT('',#233);
#233 = CARTESIAN_POINT('',(-6.925,2.287867965644,1.3495));
#234 = VERTEX_POINT('',#235);
#235 = CARTESIAN_POINT('',(-6.,2.287867965644,1.3495));
#236 = LINE('',#237,#238);
#237 = CARTESIAN_POINT('',(-6.925,2.287867965644,1.3495));
#238 = VECTOR('',#239,1.);
#239 = DIRECTION('',(1.,1.249318835986E-16,2.486067977623E-16));
#240 = ORIENTED_EDGE('',*,*,#241,.T.);
#241 = EDGE_CURVE('',#234,#242,#244,.T.);
#242 = VERTEX_POINT('',#243);
#243 = CARTESIAN_POINT('',(-6.,2.5,1.4995));
#244 = CIRCLE('',#245,0.225);
#245 = AXIS2_PLACEMENT_3D('',#246,#247,#248);
#246 = CARTESIAN_POINT('',(-6.,2.5,1.2745));
#247 = DIRECTION('',(-1.,-3.037693553488E-16,-0.));
#248 = DIRECTION('',(-3.037693553488E-16,1.,0.));
#249 = ORIENTED_EDGE('',*,*,#250,.F.);
#250 = EDGE_CURVE('',#251,#242,#253,.T.);
#251 = VERTEX_POINT('',#252);
#252 = CARTESIAN_POINT('',(-6.925,2.5,1.4995));
#253 = LINE('',#254,#255);
#254 = CARTESIAN_POINT('',(-6.925,2.5,1.4995));
#255 = VECTOR('',#256,1.);
#256 = DIRECTION('',(1.,1.249318835986E-16,2.486067977623E-16));
#257 = ORIENTED_EDGE('',*,*,#258,.F.);
#258 = EDGE_CURVE('',#232,#251,#259,.T.);
#259 = CIRCLE('',#260,0.225);
#260 = AXIS2_PLACEMENT_3D('',#261,#262,#263);
#261 = CARTESIAN_POINT('',(-6.925,2.5,1.2745));
#262 = DIRECTION('',(-1.,-1.249318835986E-16,1.723168465136E-14));
#263 = DIRECTION('',(-1.249318835986E-16,1.,-3.081670917045E-30));
#264 = CYLINDRICAL_SURFACE('',#265,0.225);
#265 = AXIS2_PLACEMENT_3D('',#266,#267,#268);
#266 = CARTESIAN_POINT('',(-6.925,2.5,1.2745));
#267 = DIRECTION('',(1.,1.249318835986E-16,2.486067977623E-16));
#268 = DIRECTION('',(-2.486067977623E-16,-3.105891551988E-32,1.));
#269 = ADVANCED_FACE('',(#270),#317,.T.);
#270 = FACE_BOUND('',#271,.T.);
#271 = EDGE_LOOP('',(#272,#283,#291,#302,#311));
#272 = ORIENTED_EDGE('',*,*,#273,.T.);
#273 = EDGE_CURVE('',#274,#276,#278,.T.);
#274 = VERTEX_POINT('',#275);
#275 = CARTESIAN_POINT('',(7.075,2.8,0.8495));
#276 = VERTEX_POINT('',#277);
#277 = CARTESIAN_POINT('',(7.225,2.5,0.8495));
#278 = CIRCLE('',#279,0.375);
#279 = AXIS2_PLACEMENT_3D('',#280,#281,#282);
#280 = CARTESIAN_POINT('',(6.85,2.5,0.8495));
#281 = DIRECTION('',(2.486067977623E-16,1.296665286725E-31,-1.));
#282 = DIRECTION('',(3.037693553488E-16,-1.,-5.41474019809E-32));
#283 = ORIENTED_EDGE('',*,*,#284,.T.);
#284 = EDGE_CURVE('',#276,#285,#287,.T.);
#285 = VERTEX_POINT('',#286);
#286 = CARTESIAN_POINT('',(7.225000000011,2.499999999997,-3.500500000014
    ));
#287 = LINE('',#288,#289);
#288 = CARTESIAN_POINT('',(7.225,2.5,0.8495));
#289 = VECTOR('',#290,1.);
#290 = DIRECTION('',(-3.382471284443E-15,-3.239708956312E-31,-1.));
#291 = ORIENTED_EDGE('',*,*,#292,.F.);
#292 = EDGE_CURVE('',#293,#285,#295,.T.);
#293 = VERTEX_POINT('',#294);
#294 = CARTESIAN_POINT('',(7.159232921921,2.712132034356,-3.412632034356
    ));
#295 = B_SPLINE_CURVE_WITH_KNOTS('',3,(#296,#297,#298,#299,#300,#301),
  .UNSPECIFIED.,.F.,.F.,(4,2,4),(0.,1.229181087938E-04,
    2.458362175877E-04),.UNSPECIFIED.);
#296 = CARTESIAN_POINT('',(7.159232921921,2.712132034356,-3.412632034356
    ));
#297 = CARTESIAN_POINT('',(7.177324609176,2.685759094837,-3.439004973875
    ));
#298 = CARTESIAN_POINT('',(7.193903339847,2.654304624499,-3.460770144198
    ));
#299 = CARTESIAN_POINT('',(7.217926269636,2.581912663317,-3.491774407889
    ));
#300 = CARTESIAN_POINT('',(7.225,2.54093902525,-3.500500000001));
#301 = CARTESIAN_POINT('',(7.225000000011,2.499999999997,-3.500500000014
    ));
#302 = ORIENTED_EDGE('',*,*,#303,.F.);
#303 = EDGE_CURVE('',#304,#293,#306,.T.);
#304 = VERTEX_POINT('',#305);
#305 = CARTESIAN_POINT('',(7.075,2.8,-3.324764068712));
#306 = ( BOUNDED_CURVE() B_SPLINE_CURVE(3,(#307,#308,#309,#310),
.UNSPECIFIED.,.F.,.F.) B_SPLINE_CURVE_WITH_KNOTS((4,4),(3.785093762383,
4.111124763706),.PIECEWISE_BEZIER_KNOTS.) CURVE() 
GEOMETRIC_REPRESENTATION_ITEM() RATIONAL_B_SPLINE_CURVE((1.,
0.991161580934,0.991161580934,1.)) REPRESENTATION_ITEM('') );
#307 = CARTESIAN_POINT('',(7.075,2.8,-3.324764068712));
#308 = CARTESIAN_POINT('',(7.107748335971,2.775438748022,-3.34932532069)
  );
#309 = CARTESIAN_POINT('',(7.136076351484,2.745888246424,-3.378875822288
    ));
#310 = CARTESIAN_POINT('',(7.159232921921,2.712132034356,-3.412632034356
    ));
#311 = ORIENTED_EDGE('',*,*,#312,.F.);
#312 = EDGE_CURVE('',#274,#304,#313,.T.);
#313 = LINE('',#314,#315);
#314 = CARTESIAN_POINT('',(7.075,2.8,0.8495));
#315 = VECTOR('',#316,1.);
#316 = DIRECTION('',(-3.382471284443E-15,-3.239708956312E-31,-1.));
#317 = CYLINDRICAL_SURFACE('',#318,0.375);
#318 = AXIS2_PLACEMENT_3D('',#319,#320,#321);
#319 = CARTESIAN_POINT('',(6.85,2.5,0.8495));
#320 = DIRECTION('',(-3.382471284443E-15,-3.239708956312E-31,-1.));
#321 = DIRECTION('',(1.,3.037693553488E-16,-3.382471284443E-15));
#322 = ADVANCED_FACE('',(#323),#361,.F.);
#323 = FACE_BOUND('',#324,.F.);
#324 = EDGE_LOOP('',(#325,#335,#346,#354));
#325 = ORIENTED_EDGE('',*,*,#326,.T.);
#326 = EDGE_CURVE('',#327,#329,#331,.T.);
#327 = VERTEX_POINT('',#328);
#328 = CARTESIAN_POINT('',(6.925,2.287867965644,0.8495));
#329 = VERTEX_POINT('',#330);
#330 = CARTESIAN_POINT('',(6.925,2.287867965644,-3.412632034356));
#331 = LINE('',#332,#333);
#332 = CARTESIAN_POINT('',(6.925,2.287867965644,0.8495));
#333 = VECTOR('',#334,1.);
#334 = DIRECTION('',(-4.236669533516E-17,9.331466210256E-32,-1.));
#335 = ORIENTED_EDGE('',*,*,#336,.F.);
#336 = EDGE_CURVE('',#337,#329,#339,.T.);
#337 = VERTEX_POINT('',#338);
#338 = CARTESIAN_POINT('',(7.075,2.5,-3.5005));
#339 = B_SPLINE_CURVE_WITH_KNOTS('',3,(#340,#341,#342,#343,#344,#345),
  .UNSPECIFIED.,.F.,.F.,(4,2,4),(2.912325352173E-04,4.363913978024E-04,
    5.815502603876E-04),.UNSPECIFIED.);
#340 = CARTESIAN_POINT('',(7.075,2.5,-3.5005));
#341 = CARTESIAN_POINT('',(7.075,2.451396437269,-3.5005));
#342 = CARTESIAN_POINT('',(7.05842414524,2.403789422489,-3.487592059117)
  );
#343 = CARTESIAN_POINT('',(7.004634799971,2.330338047336,-3.451285062257
    ));
#344 = CARTESIAN_POINT('',(6.969016227586,2.303430052148,-3.42819412086)
  );
#345 = CARTESIAN_POINT('',(6.925,2.287867965644,-3.412632034356));
#346 = ORIENTED_EDGE('',*,*,#347,.F.);
#347 = EDGE_CURVE('',#348,#337,#350,.T.);
#348 = VERTEX_POINT('',#349);
#349 = CARTESIAN_POINT('',(7.075,2.5,0.8495));
#350 = LINE('',#351,#352);
#351 = CARTESIAN_POINT('',(7.075,2.5,0.8495));
#352 = VECTOR('',#353,1.);
#353 = DIRECTION('',(-4.236669533516E-17,9.331466210256E-32,-1.));
#354 = ORIENTED_EDGE('',*,*,#355,.T.);
#355 = EDGE_CURVE('',#348,#327,#356,.T.);
#356 = CIRCLE('',#357,0.225);
#357 = AXIS2_PLACEMENT_3D('',#358,#359,#360);
#358 = CARTESIAN_POINT('',(6.85,2.5,0.8495));
#359 = DIRECTION('',(2.486067977623E-16,1.296665286725E-31,-1.));
#360 = DIRECTION('',(-3.037693553488E-16,1.,5.41474019809E-32));
#361 = CYLINDRICAL_SURFACE('',#362,0.225);
#362 = AXIS2_PLACEMENT_3D('',#363,#364,#365);
#363 = CARTESIAN_POINT('',(6.85,2.5,0.8495));
#364 = DIRECTION('',(-4.236669533516E-17,9.331466210256E-32,-1.));
#365 = DIRECTION('',(1.,3.037693553488E-16,-4.236669533516E-17));
#366 = ADVANCED_FACE('',(#367),#414,.T.);
#367 = FACE_BOUND('',#368,.T.);
#368 = EDGE_LOOP('',(#369,#380,#388,#399,#408));
#369 = ORIENTED_EDGE('',*,*,#370,.F.);
#370 = EDGE_CURVE('',#371,#373,#375,.T.);
#371 = VERTEX_POINT('',#372);
#372 = CARTESIAN_POINT('',(7.225,-2.5,0.8495));
#373 = VERTEX_POINT('',#374);
#374 = CARTESIAN_POINT('',(7.075,-2.2,0.8495));
#375 = CIRCLE('',#376,0.375);
#376 = AXIS2_PLACEMENT_3D('',#377,#378,#379);
#377 = CARTESIAN_POINT('',(6.85,-2.5,0.8495));
#378 = DIRECTION('',(-2.486067977623E-16,-1.296665286725E-31,1.));
#379 = DIRECTION('',(-3.037693553488E-16,1.,5.41474019809E-32));
#380 = ORIENTED_EDGE('',*,*,#381,.T.);
#381 = EDGE_CURVE('',#371,#382,#384,.T.);
#382 = VERTEX_POINT('',#383);
#383 = CARTESIAN_POINT('',(7.225000000011,-2.499999999997,
    -3.500500000014));
#384 = LINE('',#385,#386);
#385 = CARTESIAN_POINT('',(7.225,-2.5,0.8495));
#386 = VECTOR('',#387,1.);
#387 = DIRECTION('',(-3.382471284443E-15,-3.239708956312E-31,-1.));
#388 = ORIENTED_EDGE('',*,*,#389,.T.);
#389 = EDGE_CURVE('',#382,#390,#392,.T.);
#390 = VERTEX_POINT('',#391);
#391 = CARTESIAN_POINT('',(7.159232921921,-2.287867965644,
    -3.412632034356));
#392 = B_SPLINE_CURVE_WITH_KNOTS('',3,(#393,#394,#395,#396,#397,#398),
  .UNSPECIFIED.,.F.,.F.,(4,2,4),(2.458362175877E-04,3.683368586751E-04,
    4.908374997624E-04),.UNSPECIFIED.);
#393 = CARTESIAN_POINT('',(7.225000000011,-2.499999999997,
    -3.500500000014));
#394 = CARTESIAN_POINT('',(7.225,-2.459200016266,-3.5005));
#395 = CARTESIAN_POINT('',(7.217941967257,-2.418136734565,
    -3.491794608205));
#396 = CARTESIAN_POINT('',(7.193891721628,-2.345658271059,
    -3.460755208794));
#397 = CARTESIAN_POINT('',(7.17728601985,-2.314184652036,-3.438948720751
    ));
#398 = CARTESIAN_POINT('',(7.159232921921,-2.287867965644,
    -3.412632034356));
#399 = ORIENTED_EDGE('',*,*,#400,.T.);
#400 = EDGE_CURVE('',#390,#401,#403,.T.);
#401 = VERTEX_POINT('',#402);
#402 = CARTESIAN_POINT('',(7.075,-2.2,-3.324764068712));
#403 = ( BOUNDED_CURVE() B_SPLINE_CURVE(3,(#404,#405,#406,#407),
.UNSPECIFIED.,.F.,.F.) B_SPLINE_CURVE_WITH_KNOTS((4,4),(2.172060543474,
2.498091544796),.PIECEWISE_BEZIER_KNOTS.) CURVE() 
GEOMETRIC_REPRESENTATION_ITEM() RATIONAL_B_SPLINE_CURVE((1.,
0.991161580934,0.991161580934,1.)) REPRESENTATION_ITEM('') );
#404 = CARTESIAN_POINT('',(7.159232921921,-2.287867965644,
    -3.412632034356));
#405 = CARTESIAN_POINT('',(7.136076351484,-2.254111753576,
    -3.378875822288));
#406 = CARTESIAN_POINT('',(7.107748335971,-2.224561251978,-3.34932532069
    ));
#407 = CARTESIAN_POINT('',(7.075,-2.2,-3.324764068712));
#408 = ORIENTED_EDGE('',*,*,#409,.F.);
#409 = EDGE_CURVE('',#373,#401,#410,.T.);
#410 = LINE('',#411,#412);
#411 = CARTESIAN_POINT('',(7.075,-2.2,0.8495));
#412 = VECTOR('',#413,1.);
#413 = DIRECTION('',(-3.382471284443E-15,-3.239708956312E-31,-1.));
#414 = CYLINDRICAL_SURFACE('',#415,0.375);
#415 = AXIS2_PLACEMENT_3D('',#416,#417,#418);
#416 = CARTESIAN_POINT('',(6.85,-2.5,0.8495));
#417 = DIRECTION('',(-3.382471284443E-15,-3.239708956312E-31,-1.));
#418 = DIRECTION('',(1.,3.037693553488E-16,-3.382471284443E-15));
#419 = ADVANCED_FACE('',(#420),#458,.F.);
#420 = FACE_BOUND('',#421,.F.);
#421 = EDGE_LOOP('',(#422,#432,#443,#451));
#422 = ORIENTED_EDGE('',*,*,#423,.T.);
#423 = EDGE_CURVE('',#424,#426,#428,.T.);
#424 = VERTEX_POINT('',#425);
#425 = CARTESIAN_POINT('',(6.925,-2.712132034356,0.8495));
#426 = VERTEX_POINT('',#427);
#427 = CARTESIAN_POINT('',(6.925,-2.712132034356,-3.412632034356));
#428 = LINE('',#429,#430);
#429 = CARTESIAN_POINT('',(6.925,-2.712132034356,0.8495));
#430 = VECTOR('',#431,1.);
#431 = DIRECTION('',(-4.236669533516E-17,9.331466210256E-32,-1.));
#432 = ORIENTED_EDGE('',*,*,#433,.T.);
#433 = EDGE_CURVE('',#426,#434,#436,.T.);
#434 = VERTEX_POINT('',#435);
#435 = CARTESIAN_POINT('',(7.075,-2.5,-3.5005));
#436 = B_SPLINE_CURVE_WITH_KNOTS('',3,(#437,#438,#439,#440,#441,#442),
  .UNSPECIFIED.,.F.,.F.,(4,2,4),(2.168404344971E-18,1.456162676086E-04,
    2.912325352173E-04),.UNSPECIFIED.);
#437 = CARTESIAN_POINT('',(6.925,-2.712132034356,-3.412632034356));
#438 = CARTESIAN_POINT('',(6.96913426127,-2.696528216643,-3.428235852069
    ));
#439 = CARTESIAN_POINT('',(7.004815023614,-2.669408412934,
    -3.451407409313));
#440 = CARTESIAN_POINT('',(7.058218070923,-2.596499413732,
    -3.487452263574));
#441 = CARTESIAN_POINT('',(7.075,-2.54875671572,-3.5005));
#442 = CARTESIAN_POINT('',(7.075,-2.5,-3.5005));
#443 = ORIENTED_EDGE('',*,*,#444,.F.);
#444 = EDGE_CURVE('',#445,#434,#447,.T.);
#445 = VERTEX_POINT('',#446);
#446 = CARTESIAN_POINT('',(7.075,-2.5,0.8495));
#447 = LINE('',#448,#449);
#448 = CARTESIAN_POINT('',(7.075,-2.5,0.8495));
#449 = VECTOR('',#450,1.);
#450 = DIRECTION('',(-4.236669533516E-17,9.331466210256E-32,-1.));
#451 = ORIENTED_EDGE('',*,*,#452,.F.);
#452 = EDGE_CURVE('',#424,#445,#453,.T.);
#453 = CIRCLE('',#454,0.225);
#454 = AXIS2_PLACEMENT_3D('',#455,#456,#457);
#455 = CARTESIAN_POINT('',(6.85,-2.5,0.8495));
#456 = DIRECTION('',(-2.486067977623E-16,-1.296665286725E-31,1.));
#457 = DIRECTION('',(3.037693553488E-16,-1.,-5.41474019809E-32));
#458 = CYLINDRICAL_SURFACE('',#459,0.225);
#459 = AXIS2_PLACEMENT_3D('',#460,#461,#462);
#460 = CARTESIAN_POINT('',(6.85,-2.5,0.8495));
#461 = DIRECTION('',(-4.236669533516E-17,9.331466210256E-32,-1.));
#462 = DIRECTION('',(1.,3.037693553488E-16,-4.236669533516E-17));
#463 = ADVANCED_FACE('',(#464),#490,.T.);
#464 = FACE_BOUND('',#465,.T.);
#465 = EDGE_LOOP('',(#466,#467,#473,#484));
#466 = ORIENTED_EDGE('',*,*,#292,.T.);
#467 = ORIENTED_EDGE('',*,*,#468,.T.);
#468 = EDGE_CURVE('',#285,#337,#469,.T.);
#469 = LINE('',#470,#471);
#470 = CARTESIAN_POINT('',(7.225,2.5,-3.5005));
#471 = VECTOR('',#472,1.);
#472 = DIRECTION('',(-1.,6.781516928767E-17,3.242876563347E-15));
#473 = ORIENTED_EDGE('',*,*,#474,.F.);
#474 = EDGE_CURVE('',#475,#337,#477,.T.);
#475 = VERTEX_POINT('',#476);
#476 = CARTESIAN_POINT('',(6.925,2.712132034356,-3.412632034356));
#477 = B_SPLINE_CURVE_WITH_KNOTS('',3,(#478,#479,#480,#481,#482,#483),
  .UNSPECIFIED.,.F.,.F.,(4,2,4),(9.580323528577E-18,1.456162676086E-04,
    2.912325352173E-04),.UNSPECIFIED.);
#478 = CARTESIAN_POINT('',(6.925,2.712132034356,-3.412632034356));
#479 = CARTESIAN_POINT('',(6.96913426127,2.696528216643,-3.428235852069)
  );
#480 = CARTESIAN_POINT('',(7.004815023614,2.669408412934,-3.451407409313
    ));
#481 = CARTESIAN_POINT('',(7.058218070923,2.596499413732,-3.487452263574
    ));
#482 = CARTESIAN_POINT('',(7.075,2.54875671572,-3.5005));
#483 = CARTESIAN_POINT('',(7.075,2.5,-3.5005));
#484 = ORIENTED_EDGE('',*,*,#485,.F.);
#485 = EDGE_CURVE('',#293,#475,#486,.T.);
#486 = LINE('',#487,#488);
#487 = CARTESIAN_POINT('',(7.225,2.712132034356,-3.412632034356));
#488 = VECTOR('',#489,1.);
#489 = DIRECTION('',(-1.,6.781516928767E-17,3.242876563347E-15));
#490 = CYLINDRICAL_SURFACE('',#491,0.3);
#491 = AXIS2_PLACEMENT_3D('',#492,#493,#494);
#492 = CARTESIAN_POINT('',(7.225,2.5,-3.2005));
#493 = DIRECTION('',(-1.,6.781516928767E-17,3.242876563347E-15));
#494 = DIRECTION('',(-3.242876563347E-15,-8.544111072053E-31,-1.));
#495 = ADVANCED_FACE('',(#496),#522,.T.);
#496 = FACE_BOUND('',#497,.T.);
#497 = EDGE_LOOP('',(#498,#499,#505,#516));
#498 = ORIENTED_EDGE('',*,*,#389,.F.);
#499 = ORIENTED_EDGE('',*,*,#500,.T.);
#500 = EDGE_CURVE('',#382,#434,#501,.T.);
#501 = LINE('',#502,#503);
#502 = CARTESIAN_POINT('',(7.225,-2.5,-3.5005));
#503 = VECTOR('',#504,1.);
#504 = DIRECTION('',(-1.,6.781516928767E-17,3.242876563347E-15));
#505 = ORIENTED_EDGE('',*,*,#506,.T.);
#506 = EDGE_CURVE('',#434,#507,#509,.T.);
#507 = VERTEX_POINT('',#508);
#508 = CARTESIAN_POINT('',(6.925,-2.287867965644,-3.412632034356));
#509 = B_SPLINE_CURVE_WITH_KNOTS('',3,(#510,#511,#512,#513,#514,#515),
  .UNSPECIFIED.,.F.,.F.,(4,2,4),(2.912325352173E-04,4.363913978024E-04,
    5.815502603876E-04),.UNSPECIFIED.);
#510 = CARTESIAN_POINT('',(7.075,-2.5,-3.5005));
#511 = CARTESIAN_POINT('',(7.075,-2.451396437269,-3.5005));
#512 = CARTESIAN_POINT('',(7.05842414524,-2.403789422489,-3.487592059117
    ));
#513 = CARTESIAN_POINT('',(7.004634799971,-2.330338047336,
    -3.451285062257));
#514 = CARTESIAN_POINT('',(6.969016227586,-2.303430052148,-3.42819412086
    ));
#515 = CARTESIAN_POINT('',(6.925,-2.287867965644,-3.412632034356));
#516 = ORIENTED_EDGE('',*,*,#517,.F.);
#517 = EDGE_CURVE('',#390,#507,#518,.T.);
#518 = LINE('',#519,#520);
#519 = CARTESIAN_POINT('',(7.225,-2.287867965644,-3.412632034356));
#520 = VECTOR('',#521,1.);
#521 = DIRECTION('',(-1.,6.781516928767E-17,3.242876563347E-15));
#522 = CYLINDRICAL_SURFACE('',#523,0.3);
#523 = AXIS2_PLACEMENT_3D('',#524,#525,#526);
#524 = CARTESIAN_POINT('',(7.225,-2.5,-3.2005));
#525 = DIRECTION('',(-1.,6.781516928767E-17,3.242876563347E-15));
#526 = DIRECTION('',(-3.242876563347E-15,-8.544111072053E-31,-1.));
#527 = ADVANCED_FACE('',(#528),#564,.F.);
#528 = FACE_BOUND('',#529,.F.);
#529 = EDGE_LOOP('',(#530,#540,#549,#557));
#530 = ORIENTED_EDGE('',*,*,#531,.T.);
#531 = EDGE_CURVE('',#532,#534,#536,.T.);
#532 = VERTEX_POINT('',#533);
#533 = CARTESIAN_POINT('',(-0.7,3.,0.3995));
#534 = VERTEX_POINT('',#535);
#535 = CARTESIAN_POINT('',(-0.7,3.,0.1495));
#536 = LINE('',#537,#538);
#537 = CARTESIAN_POINT('',(-0.7,3.,0.3995));
#538 = VECTOR('',#539,1.);
#539 = DIRECTION('',(-1.529923784499E-32,1.224606353822E-16,-1.));
#540 = ORIENTED_EDGE('',*,*,#541,.F.);
#541 = EDGE_CURVE('',#542,#534,#544,.T.);
#542 = VERTEX_POINT('',#543);
#543 = CARTESIAN_POINT('',(2.176267817336E-16,2.3,0.1495));
#544 = CIRCLE('',#545,0.7);
#545 = AXIS2_PLACEMENT_3D('',#546,#547,#548);
#546 = CARTESIAN_POINT('',(1.301744632146E-16,3.,0.1495));
#547 = DIRECTION('',(-1.529923784499E-32,1.224606353822E-16,-1.));
#548 = DIRECTION('',(-1.249318835986E-16,1.,1.224606353822E-16));
#549 = ORIENTED_EDGE('',*,*,#550,.F.);
#550 = EDGE_CURVE('',#551,#542,#553,.T.);
#551 = VERTEX_POINT('',#552);
#552 = CARTESIAN_POINT('',(2.176267817336E-16,2.3,0.3995));
#553 = LINE('',#554,#555);
#554 = CARTESIAN_POINT('',(2.176267817336E-16,2.3,0.3995));
#555 = VECTOR('',#556,1.);
#556 = DIRECTION('',(-1.529923784499E-32,1.224606353822E-16,-1.));
#557 = ORIENTED_EDGE('',*,*,#558,.T.);
#558 = EDGE_CURVE('',#551,#532,#559,.T.);
#559 = CIRCLE('',#560,0.7);
#560 = AXIS2_PLACEMENT_3D('',#561,#562,#563);
#561 = CARTESIAN_POINT('',(1.301744632146E-16,3.,0.3995));
#562 = DIRECTION('',(-1.529923784499E-32,1.224606353822E-16,-1.));
#563 = DIRECTION('',(-1.249318835986E-16,1.,1.224606353822E-16));
#564 = CYLINDRICAL_SURFACE('',#565,0.7);
#565 = AXIS2_PLACEMENT_3D('',#566,#567,#568);
#566 = CARTESIAN_POINT('',(1.301744632146E-16,3.,0.3995));
#567 = DIRECTION('',(-1.529923784499E-32,1.224606353822E-16,-1.));
#568 = DIRECTION('',(1.249318835986E-16,-1.,-1.224606353822E-16));
#569 = ADVANCED_FACE('',(#570),#606,.T.);
#570 = FACE_BOUND('',#571,.T.);
#571 = EDGE_LOOP('',(#572,#583,#591,#600));
#572 = ORIENTED_EDGE('',*,*,#573,.F.);
#573 = EDGE_CURVE('',#574,#576,#578,.T.);
#574 = VERTEX_POINT('',#575);
#575 = CARTESIAN_POINT('',(5.099045213783E-16,-2.,-5.00000000045E-04));
#576 = VERTEX_POINT('',#577);
#577 = CARTESIAN_POINT('',(2.551063468132E-16,2.,-5.00000000045E-04));
#578 = CIRCLE('',#579,2.);
#579 = AXIS2_PLACEMENT_3D('',#580,#581,#582);
#580 = CARTESIAN_POINT('',(5.049701140105E-16,-2.475889529204E-15,
    -5.00000000045E-04));
#581 = DIRECTION('',(-1.529923784499E-32,1.224606353822E-16,-1.));
#582 = DIRECTION('',(1.249318835986E-16,-1.,-1.224606353822E-16));
#583 = ORIENTED_EDGE('',*,*,#584,.T.);
#584 = EDGE_CURVE('',#574,#585,#587,.T.);
#585 = VERTEX_POINT('',#586);
#586 = CARTESIAN_POINT('',(5.099045213783E-16,-2.,0.1495));
#587 = LINE('',#588,#589);
#588 = CARTESIAN_POINT('',(5.099045213783E-16,-2.,-5.00000000045E-04));
#589 = VECTOR('',#590,1.);
#590 = DIRECTION('',(1.529923784499E-32,-1.224606353822E-16,1.));
#591 = ORIENTED_EDGE('',*,*,#592,.F.);
#592 = EDGE_CURVE('',#593,#585,#595,.T.);
#593 = VERTEX_POINT('',#594);
#594 = CARTESIAN_POINT('',(2.551063468132E-16,2.,0.1495));
#595 = CIRCLE('',#596,2.);
#596 = AXIS2_PLACEMENT_3D('',#597,#598,#599);
#597 = CARTESIAN_POINT('',(5.049701140105E-16,-2.494258624511E-15,0.1495
    ));
#598 = DIRECTION('',(1.529923784499E-32,-1.224606353822E-16,1.));
#599 = DIRECTION('',(1.249318835986E-16,-1.,-1.224606353822E-16));
#600 = ORIENTED_EDGE('',*,*,#601,.F.);
#601 = EDGE_CURVE('',#576,#593,#602,.T.);
#602 = LINE('',#603,#604);
#603 = CARTESIAN_POINT('',(2.551063468132E-16,2.,-5.00000000045E-04));
#604 = VECTOR('',#605,1.);
#605 = DIRECTION('',(1.529923784499E-32,-1.224606353822E-16,1.));
#606 = CYLINDRICAL_SURFACE('',#607,2.);
#607 = AXIS2_PLACEMENT_3D('',#608,#609,#610);
#608 = CARTESIAN_POINT('',(5.049701140105E-16,-2.475889529204E-15,
    -5.00000000045E-04));
#609 = DIRECTION('',(1.529923784499E-32,-1.224606353822E-16,1.));
#610 = DIRECTION('',(-1.249318835986E-16,1.,1.224606353822E-16));
#611 = ADVANCED_FACE('',(#612),#650,.F.);
#612 = FACE_BOUND('',#613,.F.);
#613 = EDGE_LOOP('',(#614,#625,#634,#643));
#614 = ORIENTED_EDGE('',*,*,#615,.T.);
#615 = EDGE_CURVE('',#616,#618,#620,.T.);
#616 = VERTEX_POINT('',#617);
#617 = CARTESIAN_POINT('',(-4.981658858496E-16,3.9875,4.4995));
#618 = VERTEX_POINT('',#619);
#619 = CARTESIAN_POINT('',(-4.356999440503E-16,3.4875,4.9995));
#620 = CIRCLE('',#621,0.5);
#621 = AXIS2_PLACEMENT_3D('',#622,#623,#624);
#622 = CARTESIAN_POINT('',(-4.981658858496E-16,3.9875,4.9995));
#623 = DIRECTION('',(-1.,-1.249318835986E-16,0.));
#624 = DIRECTION('',(1.249318835986E-16,-1.,0.));
#625 = ORIENTED_EDGE('',*,*,#626,.T.);
#626 = EDGE_CURVE('',#618,#627,#629,.T.);
#627 = VERTEX_POINT('',#628);
#628 = CARTESIAN_POINT('',(8.627955152529E-16,-3.4875,4.9995));
#629 = CIRCLE('',#630,3.4875);
#630 = AXIS2_PLACEMENT_3D('',#631,#632,#633);
#631 = CARTESIAN_POINT('',(2.983351379773E-34,-2.387982389954E-18,4.9995
    ));
#632 = DIRECTION('',(0.,0.,1.));
#633 = DIRECTION('',(-1.249318835986E-16,1.,-0.));
#634 = ORIENTED_EDGE('',*,*,#635,.F.);
#635 = EDGE_CURVE('',#636,#627,#638,.T.);
#636 = VERTEX_POINT('',#637);
#637 = CARTESIAN_POINT('',(9.864937970096E-16,-3.9875,4.4995));
#638 = CIRCLE('',#639,0.5);
#639 = AXIS2_PLACEMENT_3D('',#640,#641,#642);
#640 = CARTESIAN_POINT('',(9.864937970096E-16,-3.9875,4.9995));
#641 = DIRECTION('',(1.,2.473965635134E-16,-0.));
#642 = DIRECTION('',(-2.473965635134E-16,1.,0.));
#643 = ORIENTED_EDGE('',*,*,#644,.T.);
#644 = EDGE_CURVE('',#636,#616,#645,.T.);
#645 = CIRCLE('',#646,3.9875);
#646 = AXIS2_PLACEMENT_3D('',#647,#648,#649);
#647 = CARTESIAN_POINT('',(2.983351379773E-34,-2.387982389954E-18,4.4995
    ));
#648 = DIRECTION('',(0.,0.,-1.));
#649 = DIRECTION('',(-1.249318835986E-16,1.,-0.));
#650 = TOROIDAL_SURFACE('',#651,3.9875,0.5);
#651 = AXIS2_PLACEMENT_3D('',#652,#653,#654);
#652 = CARTESIAN_POINT('',(2.983351379773E-34,-2.387982389954E-18,4.9995
    ));
#653 = DIRECTION('',(0.,-0.,-1.));
#654 = DIRECTION('',(-1.249318835986E-16,1.,-0.));
#655 = ADVANCED_FACE('',(#656),#692,.T.);
#656 = FACE_BOUND('',#657,.T.);
#657 = EDGE_LOOP('',(#658,#669,#677,#686));
#658 = ORIENTED_EDGE('',*,*,#659,.F.);
#659 = EDGE_CURVE('',#660,#662,#664,.T.);
#660 = VERTEX_POINT('',#661);
#661 = CARTESIAN_POINT('',(7.250040355373E-16,-2.9875,11.4995));
#662 = VERTEX_POINT('',#663);
#663 = CARTESIAN_POINT('',(-3.732340022509E-16,2.9875,11.4995));
#664 = CIRCLE('',#665,2.9875);
#665 = AXIS2_PLACEMENT_3D('',#666,#667,#668);
#666 = CARTESIAN_POINT('',(2.983351379773E-34,-2.387982389954E-18,
    11.4995));
#667 = DIRECTION('',(0.,0.,1.));
#668 = DIRECTION('',(-1.249318835986E-16,1.,-0.));
#669 = ORIENTED_EDGE('',*,*,#670,.T.);
#670 = EDGE_CURVE('',#660,#671,#673,.T.);
#671 = VERTEX_POINT('',#672);
#672 = CARTESIAN_POINT('',(8.627955152529E-16,-3.4875,10.9995));
#673 = LINE('',#674,#675);
#674 = CARTESIAN_POINT('',(8.627955152529E-16,-3.4875,10.9995));
#675 = VECTOR('',#676,1.);
#676 = DIRECTION('',(1.749357877026E-16,-0.707106781187,-0.707106781187)
  );
#677 = ORIENTED_EDGE('',*,*,#678,.F.);
#678 = EDGE_CURVE('',#679,#671,#681,.T.);
#679 = VERTEX_POINT('',#680);
#680 = CARTESIAN_POINT('',(-4.356999440503E-16,3.4875,10.9995));
#681 = CIRCLE('',#682,3.4875);
#682 = AXIS2_PLACEMENT_3D('',#683,#684,#685);
#683 = CARTESIAN_POINT('',(2.983351379773E-34,-2.387982389954E-18,
    10.9995));
#684 = DIRECTION('',(0.,0.,-1.));
#685 = DIRECTION('',(-1.249318835986E-16,1.,-0.));
#686 = ORIENTED_EDGE('',*,*,#687,.F.);
#687 = EDGE_CURVE('',#662,#679,#688,.T.);
#688 = LINE('',#689,#690);
#689 = CARTESIAN_POINT('',(-4.356999440503E-16,3.4875,10.9995));
#690 = VECTOR('',#691,1.);
#691 = DIRECTION('',(-8.834018207901E-17,0.707106781187,-0.707106781187)
  );
#692 = CONICAL_SURFACE('',#693,3.4875,0.785398163397);
#693 = AXIS2_PLACEMENT_3D('',#694,#695,#696);
#694 = CARTESIAN_POINT('',(2.983351379773E-34,-2.387982389954E-18,
    10.9995));
#695 = DIRECTION('',(0.,-0.,-1.));
#696 = DIRECTION('',(-1.249318835986E-16,1.,-0.));
#697 = ADVANCED_FACE('',(#698),#720,.T.);
#698 = FACE_BOUND('',#699,.T.);
#699 = EDGE_LOOP('',(#700,#701,#707,#714));
#700 = ORIENTED_EDGE('',*,*,#678,.T.);
#701 = ORIENTED_EDGE('',*,*,#702,.T.);
#702 = EDGE_CURVE('',#671,#627,#703,.T.);
#703 = LINE('',#704,#705);
#704 = CARTESIAN_POINT('',(8.627955152529E-16,-3.4875,11.4995));
#705 = VECTOR('',#706,1.);
#706 = DIRECTION('',(0.,-0.,-1.));
#707 = ORIENTED_EDGE('',*,*,#708,.T.);
#708 = EDGE_CURVE('',#627,#618,#709,.T.);
#709 = CIRCLE('',#710,3.4875);
#710 = AXIS2_PLACEMENT_3D('',#711,#712,#713);
#711 = CARTESIAN_POINT('',(2.983351379773E-34,-2.387982389954E-18,4.9995
    ));
#712 = DIRECTION('',(0.,0.,1.));
#713 = DIRECTION('',(-1.249318835986E-16,1.,-0.));
#714 = ORIENTED_EDGE('',*,*,#715,.F.);
#715 = EDGE_CURVE('',#679,#618,#716,.T.);
#716 = LINE('',#717,#718);
#717 = CARTESIAN_POINT('',(-4.356999440503E-16,3.4875,11.4995));
#718 = VECTOR('',#719,1.);
#719 = DIRECTION('',(0.,-0.,-1.));
#720 = CYLINDRICAL_SURFACE('',#721,3.4875);
#721 = AXIS2_PLACEMENT_3D('',#722,#723,#724);
#722 = CARTESIAN_POINT('',(2.983351379773E-34,-2.387982389954E-18,
    11.4995));
#723 = DIRECTION('',(0.,-0.,-1.));
#724 = DIRECTION('',(-1.249318835986E-16,1.,-0.));
#725 = ADVANCED_FACE('',(#726),#762,.F.);
#726 = FACE_BOUND('',#727,.F.);
#727 = EDGE_LOOP('',(#728,#738,#747,#755));
#728 = ORIENTED_EDGE('',*,*,#729,.T.);
#729 = EDGE_CURVE('',#730,#732,#734,.T.);
#730 = VERTEX_POINT('',#731);
#731 = CARTESIAN_POINT('',(5.1,-4.25,4.4995));
#732 = VERTEX_POINT('',#733);
#733 = CARTESIAN_POINT('',(5.1,-4.25,4.0995));
#734 = LINE('',#735,#736);
#735 = CARTESIAN_POINT('',(5.1,-4.25,4.4995));
#736 = VECTOR('',#737,1.);
#737 = DIRECTION('',(0.,-0.,-1.));
#738 = ORIENTED_EDGE('',*,*,#739,.F.);
#739 = EDGE_CURVE('',#740,#732,#742,.T.);
#740 = VERTEX_POINT('',#741);
#741 = CARTESIAN_POINT('',(5.1,-5.05,4.0995));
#742 = CIRCLE('',#743,0.4);
#743 = AXIS2_PLACEMENT_3D('',#744,#745,#746);
#744 = CARTESIAN_POINT('',(5.1,-4.65,4.0995));
#745 = DIRECTION('',(-0.,0.,-1.));
#746 = DIRECTION('',(-3.037693553488E-16,1.,0.));
#747 = ORIENTED_EDGE('',*,*,#748,.F.);
#748 = EDGE_CURVE('',#749,#740,#751,.T.);
#749 = VERTEX_POINT('',#750);
#750 = CARTESIAN_POINT('',(5.1,-5.05,4.4995));
#751 = LINE('',#752,#753);
#752 = CARTESIAN_POINT('',(5.1,-5.05,4.4995));
#753 = VECTOR('',#754,1.);
#754 = DIRECTION('',(0.,-0.,-1.));
#755 = ORIENTED_EDGE('',*,*,#756,.T.);
#756 = EDGE_CURVE('',#749,#730,#757,.T.);
#757 = CIRCLE('',#758,0.4);
#758 = AXIS2_PLACEMENT_3D('',#759,#760,#761);
#759 = CARTESIAN_POINT('',(5.1,-4.65,4.4995));
#760 = DIRECTION('',(-0.,0.,-1.));
#761 = DIRECTION('',(-3.037693553488E-16,1.,0.));
#762 = CYLINDRICAL_SURFACE('',#763,0.4);
#763 = AXIS2_PLACEMENT_3D('',#764,#765,#766);
#764 = CARTESIAN_POINT('',(5.1,-4.65,4.4995));
#765 = DIRECTION('',(0.,-0.,-1.));
#766 = DIRECTION('',(-3.037693553488E-16,1.,0.));
#767 = ADVANCED_FACE('',(#768),#804,.F.);
#768 = FACE_BOUND('',#769,.F.);
#769 = EDGE_LOOP('',(#770,#780,#789,#797));
#770 = ORIENTED_EDGE('',*,*,#771,.T.);
#771 = EDGE_CURVE('',#772,#774,#776,.T.);
#772 = VERTEX_POINT('',#773);
#773 = CARTESIAN_POINT('',(-5.1,5.05,4.4995));
#774 = VERTEX_POINT('',#775);
#775 = CARTESIAN_POINT('',(-5.1,5.05,4.0995));
#776 = LINE('',#777,#778);
#777 = CARTESIAN_POINT('',(-5.1,5.05,4.4995));
#778 = VECTOR('',#779,1.);
#779 = DIRECTION('',(0.,-0.,-1.));
#780 = ORIENTED_EDGE('',*,*,#781,.F.);
#781 = EDGE_CURVE('',#782,#774,#784,.T.);
#782 = VERTEX_POINT('',#783);
#783 = CARTESIAN_POINT('',(-5.1,4.25,4.0995));
#784 = CIRCLE('',#785,0.4);
#785 = AXIS2_PLACEMENT_3D('',#786,#787,#788);
#786 = CARTESIAN_POINT('',(-5.1,4.65,4.0995));
#787 = DIRECTION('',(-0.,0.,-1.));
#788 = DIRECTION('',(-3.037693553488E-16,1.,0.));
#789 = ORIENTED_EDGE('',*,*,#790,.F.);
#790 = EDGE_CURVE('',#791,#782,#793,.T.);
#791 = VERTEX_POINT('',#792);
#792 = CARTESIAN_POINT('',(-5.1,4.25,4.4995));
#793 = LINE('',#794,#795);
#794 = CARTESIAN_POINT('',(-5.1,4.25,4.4995));
#795 = VECTOR('',#796,1.);
#796 = DIRECTION('',(0.,-0.,-1.));
#797 = ORIENTED_EDGE('',*,*,#798,.T.);
#798 = EDGE_CURVE('',#791,#772,#799,.T.);
#799 = CIRCLE('',#800,0.4);
#800 = AXIS2_PLACEMENT_3D('',#801,#802,#803);
#801 = CARTESIAN_POINT('',(-5.1,4.65,4.4995));
#802 = DIRECTION('',(-0.,0.,-1.));
#803 = DIRECTION('',(-3.037693553488E-16,1.,0.));
#804 = CYLINDRICAL_SURFACE('',#805,0.4);
#805 = AXIS2_PLACEMENT_3D('',#806,#807,#808);
#806 = CARTESIAN_POINT('',(-5.1,4.65,4.4995));
#807 = DIRECTION('',(0.,-0.,-1.));
#808 = DIRECTION('',(-3.037693553488E-16,1.,0.));
#809 = ADVANCED_FACE('',(#810),#846,.T.);
#810 = FACE_BOUND('',#811,.T.);
#811 = EDGE_LOOP('',(#812,#823,#831,#840));
#812 = ORIENTED_EDGE('',*,*,#813,.F.);
#813 = EDGE_CURVE('',#814,#816,#818,.T.);
#814 = VERTEX_POINT('',#815);
#815 = CARTESIAN_POINT('',(1.218603589187E-15,-5.55,-3.333743888801));
#816 = VERTEX_POINT('',#817);
#817 = CARTESIAN_POINT('',(-0.5,-5.605852706661,-3.211966766196));
#818 = CIRCLE('',#819,1.);
#819 = AXIS2_PLACEMENT_3D('',#820,#821,#822);
#820 = CARTESIAN_POINT('',(1.270686476871E-15,-5.966890277999,
    -2.424787071284));
#821 = DIRECTION('',(4.414444685751E-17,0.908956817517,0.416890277999));
#822 = DIRECTION('',(-1.056192464954E-16,-0.416890277999,0.908956817517)
  );
#823 = ORIENTED_EDGE('',*,*,#824,.T.);
#824 = EDGE_CURVE('',#814,#825,#827,.T.);
#825 = VERTEX_POINT('',#826);
#826 = CARTESIAN_POINT('',(1.200945810444E-15,-5.913582727007,-3.5005));
#827 = LINE('',#828,#829);
#828 = CARTESIAN_POINT('',(1.471386898984E-15,-0.345061912625,
    -0.946514875942));
#829 = VECTOR('',#830,1.);
#830 = DIRECTION('',(-4.414444685751E-17,-0.908956817517,-0.416890277999
    ));
#831 = ORIENTED_EDGE('',*,*,#832,.T.);
#832 = EDGE_CURVE('',#825,#833,#835,.T.);
#833 = VERTEX_POINT('',#834);
#834 = CARTESIAN_POINT('',(-0.5,-5.969435433668,-3.378722877396));
#835 = CIRCLE('',#836,1.);
#836 = AXIS2_PLACEMENT_3D('',#837,#838,#839);
#837 = CARTESIAN_POINT('',(1.253028698128E-15,-6.330473005005,
    -2.591543182483));
#838 = DIRECTION('',(4.414444685751E-17,0.908956817517,0.416890277999));
#839 = DIRECTION('',(1.056192464954E-16,0.416890277999,-0.908956817517)
  );
#840 = ORIENTED_EDGE('',*,*,#841,.F.);
#841 = EDGE_CURVE('',#816,#833,#842,.T.);
#842 = LINE('',#843,#844);
#843 = CARTESIAN_POINT('',(-0.5,-0.400914619286,-0.824737753338));
#844 = VECTOR('',#845,1.);
#845 = DIRECTION('',(-4.414444685751E-17,-0.908956817517,-0.416890277999
    ));
#846 = CYLINDRICAL_SURFACE('',#847,1.);
#847 = AXIS2_PLACEMENT_3D('',#848,#849,#850);
#848 = CARTESIAN_POINT('',(1.523469786668E-15,-0.761952190623,
    -3.755805842549E-02));
#849 = DIRECTION('',(-4.414444685751E-17,-0.908956817517,-0.416890277999
    ));
#850 = DIRECTION('',(-5.208288768433E-17,0.416890277999,-0.908956817517)
  );
#851 = ADVANCED_FACE('',(#852),#888,.F.);
#852 = FACE_BOUND('',#853,.F.);
#853 = EDGE_LOOP('',(#854,#864,#873,#881));
#854 = ORIENTED_EDGE('',*,*,#855,.T.);
#855 = EDGE_CURVE('',#856,#858,#860,.T.);
#856 = VERTEX_POINT('',#857);
#857 = CARTESIAN_POINT('',(5.1,-4.2375,4.0995));
#858 = VERTEX_POINT('',#859);
#859 = CARTESIAN_POINT('',(5.1,-4.2375,4.0495));
#860 = LINE('',#861,#862);
#861 = CARTESIAN_POINT('',(5.1,-4.2375,4.0995));
#862 = VECTOR('',#863,1.);
#863 = DIRECTION('',(0.,-0.,-1.));
#864 = ORIENTED_EDGE('',*,*,#865,.F.);
#865 = EDGE_CURVE('',#866,#858,#868,.T.);
#866 = VERTEX_POINT('',#867);
#867 = CARTESIAN_POINT('',(5.1,-5.0625,4.0495));
#868 = CIRCLE('',#869,0.4125);
#869 = AXIS2_PLACEMENT_3D('',#870,#871,#872);
#870 = CARTESIAN_POINT('',(5.1,-4.65,4.0495));
#871 = DIRECTION('',(-1.529923784499E-32,1.224606353822E-16,-1.));
#872 = DIRECTION('',(-3.037693553488E-16,1.,1.224606353822E-16));
#873 = ORIENTED_EDGE('',*,*,#874,.F.);
#874 = EDGE_CURVE('',#875,#866,#877,.T.);
#875 = VERTEX_POINT('',#876);
#876 = CARTESIAN_POINT('',(5.1,-5.0625,4.0995));
#877 = LINE('',#878,#879);
#878 = CARTESIAN_POINT('',(5.1,-5.0625,4.0995));
#879 = VECTOR('',#880,1.);
#880 = DIRECTION('',(0.,-0.,-1.));
#881 = ORIENTED_EDGE('',*,*,#882,.T.);
#882 = EDGE_CURVE('',#875,#856,#883,.T.);
#883 = CIRCLE('',#884,0.4125);
#884 = AXIS2_PLACEMENT_3D('',#885,#886,#887);
#885 = CARTESIAN_POINT('',(5.1,-4.65,4.0995));
#886 = DIRECTION('',(-0.,0.,-1.));
#887 = DIRECTION('',(-3.037693553488E-16,1.,0.));
#888 = CYLINDRICAL_SURFACE('',#889,0.4125);
#889 = AXIS2_PLACEMENT_3D('',#890,#891,#892);
#890 = CARTESIAN_POINT('',(5.1,-4.65,4.0995));
#891 = DIRECTION('',(0.,-0.,-1.));
#892 = DIRECTION('',(-3.037693553488E-16,1.,0.));
#893 = ADVANCED_FACE('',(#894),#930,.F.);
#894 = FACE_BOUND('',#895,.F.);
#895 = EDGE_LOOP('',(#896,#906,#915,#923));
#896 = ORIENTED_EDGE('',*,*,#897,.T.);
#897 = EDGE_CURVE('',#898,#900,#902,.T.);
#898 = VERTEX_POINT('',#899);
#899 = CARTESIAN_POINT('',(-5.1,5.0625,4.0995));
#900 = VERTEX_POINT('',#901);
#901 = CARTESIAN_POINT('',(-5.1,5.0625,4.0495));
#902 = LINE('',#903,#904);
#903 = CARTESIAN_POINT('',(-5.1,5.0625,4.0995));
#904 = VECTOR('',#905,1.);
#905 = DIRECTION('',(0.,-0.,-1.));
#906 = ORIENTED_EDGE('',*,*,#907,.F.);
#907 = EDGE_CURVE('',#908,#900,#910,.T.);
#908 = VERTEX_POINT('',#909);
#909 = CARTESIAN_POINT('',(-5.1,4.2375,4.0495));
#910 = CIRCLE('',#911,0.4125);
#911 = AXIS2_PLACEMENT_3D('',#912,#913,#914);
#912 = CARTESIAN_POINT('',(-5.1,4.65,4.0495));
#913 = DIRECTION('',(-1.529923784499E-32,1.224606353822E-16,-1.));
#914 = DIRECTION('',(-3.037693553488E-16,1.,1.224606353822E-16));
#915 = ORIENTED_EDGE('',*,*,#916,.F.);
#916 = EDGE_CURVE('',#917,#908,#919,.T.);
#917 = VERTEX_POINT('',#918);
#918 = CARTESIAN_POINT('',(-5.1,4.2375,4.0995));
#919 = LINE('',#920,#921);
#920 = CARTESIAN_POINT('',(-5.1,4.2375,4.0995));
#921 = VECTOR('',#922,1.);
#922 = DIRECTION('',(0.,-0.,-1.));
#923 = ORIENTED_EDGE('',*,*,#924,.T.);
#924 = EDGE_CURVE('',#917,#898,#925,.T.);
#925 = CIRCLE('',#926,0.4125);
#926 = AXIS2_PLACEMENT_3D('',#927,#928,#929);
#927 = CARTESIAN_POINT('',(-5.1,4.65,4.0995));
#928 = DIRECTION('',(-0.,0.,-1.));
#929 = DIRECTION('',(-3.037693553488E-16,1.,0.));
#930 = CYLINDRICAL_SURFACE('',#931,0.4125);
#931 = AXIS2_PLACEMENT_3D('',#932,#933,#934);
#932 = CARTESIAN_POINT('',(-5.1,4.65,4.0995));
#933 = DIRECTION('',(0.,-0.,-1.));
#934 = DIRECTION('',(-3.037693553488E-16,1.,0.));
#935 = ADVANCED_FACE('',(#936),#972,.T.);
#936 = FACE_BOUND('',#937,.T.);
#937 = EDGE_LOOP('',(#938,#949,#957,#966));
#938 = ORIENTED_EDGE('',*,*,#939,.T.);
#939 = EDGE_CURVE('',#940,#942,#944,.T.);
#940 = VERTEX_POINT('',#941);
#941 = CARTESIAN_POINT('',(1.75,5.292083894705E-16,13.1495));
#942 = VERTEX_POINT('',#943);
#943 = CARTESIAN_POINT('',(-1.75,-7.482975441012E-16,13.1495));
#944 = CIRCLE('',#945,1.75);
#945 = AXIS2_PLACEMENT_3D('',#946,#947,#948);
#946 = CARTESIAN_POINT('',(2.983351379773E-34,-2.387982389954E-18,
    13.1495));
#947 = DIRECTION('',(0.,0.,-1.));
#948 = DIRECTION('',(1.,3.037693553488E-16,0.));
#949 = ORIENTED_EDGE('',*,*,#950,.T.);
#950 = EDGE_CURVE('',#942,#951,#953,.T.);
#951 = VERTEX_POINT('',#952);
#952 = CARTESIAN_POINT('',(-1.75,-7.482975441012E-16,11.4995));
#953 = LINE('',#954,#955);
#954 = CARTESIAN_POINT('',(-1.75,-7.482975441012E-16,-18.90376510721));
#955 = VECTOR('',#956,1.);
#956 = DIRECTION('',(0.,-0.,-1.));
#957 = ORIENTED_EDGE('',*,*,#958,.F.);
#958 = EDGE_CURVE('',#959,#951,#961,.T.);
#959 = VERTEX_POINT('',#960);
#960 = CARTESIAN_POINT('',(1.75,5.292083894705E-16,11.4995));
#961 = CIRCLE('',#962,1.75);
#962 = AXIS2_PLACEMENT_3D('',#963,#964,#965);
#963 = CARTESIAN_POINT('',(2.983351379773E-34,-2.387982389954E-18,
    11.4995));
#964 = DIRECTION('',(-1.529923784499E-32,1.224606353822E-16,-1.));
#965 = DIRECTION('',(-3.037693553488E-16,1.,1.224606353822E-16));
#966 = ORIENTED_EDGE('',*,*,#967,.F.);
#967 = EDGE_CURVE('',#940,#959,#968,.T.);
#968 = LINE('',#969,#970);
#969 = CARTESIAN_POINT('',(1.75,5.292083894705E-16,-18.90376510721));
#970 = VECTOR('',#971,1.);
#971 = DIRECTION('',(0.,-0.,-1.));
#972 = CYLINDRICAL_SURFACE('',#973,1.75);
#973 = AXIS2_PLACEMENT_3D('',#974,#975,#976);
#974 = CARTESIAN_POINT('',(2.983351379773E-34,-2.387982389954E-18,
    -18.90376510721));
#975 = DIRECTION('',(0.,-0.,-1.));
#976 = DIRECTION('',(1.,3.037693553488E-16,0.));
#977 = ADVANCED_FACE('',(#978),#1031,.T.);
#978 = FACE_BOUND('',#979,.T.);
#979 = EDGE_LOOP('',(#980,#991,#999,#1008,#1016,#1025));
#980 = ORIENTED_EDGE('',*,*,#981,.T.);
#981 = EDGE_CURVE('',#982,#984,#986,.T.);
#982 = VERTEX_POINT('',#983);
#983 = CARTESIAN_POINT('',(1.5,-2.598076211353,18.4995));
#984 = VERTEX_POINT('',#985);
#985 = CARTESIAN_POINT('',(-3.,-1.281090088181E-15,18.4995));
#986 = CIRCLE('',#987,3.);
#987 = AXIS2_PLACEMENT_3D('',#988,#989,#990);
#988 = CARTESIAN_POINT('',(2.983351379773E-34,-2.387982389954E-18,
    18.4995));
#989 = DIRECTION('',(0.,0.,-1.));
#990 = DIRECTION('',(1.,3.037693553488E-16,0.));
#991 = ORIENTED_EDGE('',*,*,#992,.T.);
#992 = EDGE_CURVE('',#984,#993,#995,.T.);
#993 = VERTEX_POINT('',#994);
#994 = CARTESIAN_POINT('',(-3.,-1.281090088181E-15,13.1495));
#995 = LINE('',#996,#997);
#996 = CARTESIAN_POINT('',(-3.,-1.281090088181E-15,-18.90376510721));
#997 = VECTOR('',#998,1.);
#998 = DIRECTION('',(0.,-0.,-1.));
#999 = ORIENTED_EDGE('',*,*,#1000,.F.);
#1000 = EDGE_CURVE('',#1001,#993,#1003,.T.);
#1001 = VERTEX_POINT('',#1002);
#1002 = CARTESIAN_POINT('',(3.,9.089200836565E-16,13.1495));
#1003 = CIRCLE('',#1004,3.);
#1004 = AXIS2_PLACEMENT_3D('',#1005,#1006,#1007);
#1005 = CARTESIAN_POINT('',(2.983351379773E-34,-2.387982389954E-18,
    13.1495));
#1006 = DIRECTION('',(0.,0.,-1.));
#1007 = DIRECTION('',(1.,3.037693553488E-16,0.));
#1008 = ORIENTED_EDGE('',*,*,#1009,.F.);
#1009 = EDGE_CURVE('',#1010,#1001,#1012,.T.);
#1010 = VERTEX_POINT('',#1011);
#1011 = CARTESIAN_POINT('',(3.,9.089200836565E-16,14.4995));
#1012 = LINE('',#1013,#1014);
#1013 = CARTESIAN_POINT('',(3.,9.089200836565E-16,-18.90376510721));
#1014 = VECTOR('',#1015,1.);
#1015 = DIRECTION('',(0.,-0.,-1.));
#1016 = ORIENTED_EDGE('',*,*,#1017,.F.);
#1017 = EDGE_CURVE('',#1018,#1010,#1020,.T.);
#1018 = VERTEX_POINT('',#1019);
#1019 = CARTESIAN_POINT('',(1.5,-2.598076211353,14.4995));
#1020 = CIRCLE('',#1021,3.);
#1021 = AXIS2_PLACEMENT_3D('',#1022,#1023,#1024);
#1022 = CARTESIAN_POINT('',(2.983351379773E-34,-2.387982389954E-18,
    14.4995));
#1023 = DIRECTION('',(0.,0.,1.));
#1024 = DIRECTION('',(-1.,-3.037693553488E-16,0.));
#1025 = ORIENTED_EDGE('',*,*,#1026,.T.);
#1026 = EDGE_CURVE('',#1018,#982,#1027,.T.);
#1027 = LINE('',#1028,#1029);
#1028 = CARTESIAN_POINT('',(1.5,-2.598076211353,14.4995));
#1029 = VECTOR('',#1030,1.);
#1030 = DIRECTION('',(0.,0.,1.));
#1031 = CYLINDRICAL_SURFACE('',#1032,3.);
#1032 = AXIS2_PLACEMENT_3D('',#1033,#1034,#1035);
#1033 = CARTESIAN_POINT('',(2.983351379773E-34,-2.387982389954E-18,
    -18.90376510721));
#1034 = DIRECTION('',(0.,-0.,-1.));
#1035 = DIRECTION('',(1.,3.037693553488E-16,0.));
#1036 = ADVANCED_FACE('',(#1037),#1071,.F.);
#1037 = FACE_BOUND('',#1038,.T.);
#1038 = EDGE_LOOP('',(#1039,#1049,#1057,#1065));
#1039 = ORIENTED_EDGE('',*,*,#1040,.T.);
#1040 = EDGE_CURVE('',#1041,#1043,#1045,.T.);
#1041 = VERTEX_POINT('',#1042);
#1042 = CARTESIAN_POINT('',(-4.5,5.425,1.0495));
#1043 = VERTEX_POINT('',#1044);
#1044 = CARTESIAN_POINT('',(-4.7,5.425,1.0495));
#1045 = LINE('',#1046,#1047);
#1046 = CARTESIAN_POINT('',(-4.1,5.425,1.0495));
#1047 = VECTOR('',#1048,1.);
#1048 = DIRECTION('',(-1.,-3.037693553488E-16,0.));
#1049 = ORIENTED_EDGE('',*,*,#1050,.T.);
#1050 = EDGE_CURVE('',#1043,#1051,#1053,.T.);
#1051 = VERTEX_POINT('',#1052);
#1052 = CARTESIAN_POINT('',(-4.7,5.85,1.0495));
#1053 = LINE('',#1054,#1055);
#1054 = CARTESIAN_POINT('',(-4.7,5.425,1.0495));
#1055 = VECTOR('',#1056,1.);
#1056 = DIRECTION('',(-2.344620503557E-15,1.,0.));
#1057 = ORIENTED_EDGE('',*,*,#1058,.F.);
#1058 = EDGE_CURVE('',#1059,#1051,#1061,.T.);
#1059 = VERTEX_POINT('',#1060);
#1060 = CARTESIAN_POINT('',(-4.5,5.85,1.0495));
#1061 = LINE('',#1062,#1063);
#1062 = CARTESIAN_POINT('',(-4.5,5.85,1.0495));
#1063 = VECTOR('',#1064,1.);
#1064 = DIRECTION('',(-1.,-1.249318835986E-16,0.));
#1065 = ORIENTED_EDGE('',*,*,#1066,.F.);
#1066 = EDGE_CURVE('',#1041,#1059,#1067,.T.);
#1067 = LINE('',#1068,#1069);
#1068 = CARTESIAN_POINT('',(-4.5,5.425,1.0495));
#1069 = VECTOR('',#1070,1.);
#1070 = DIRECTION('',(-8.288336476431E-15,1.,0.));
#1071 = PLANE('',#1072);
#1072 = AXIS2_PLACEMENT_3D('',#1073,#1074,#1075);
#1073 = CARTESIAN_POINT('',(5.,-4.85,1.0495));
#1074 = DIRECTION('',(0.,0.,1.));
#1075 = DIRECTION('',(1.249318835986E-16,-1.,0.));
#1076 = ADVANCED_FACE('',(#1077),#1111,.F.);
#1077 = FACE_BOUND('',#1078,.T.);
#1078 = EDGE_LOOP('',(#1079,#1089,#1097,#1105));
#1079 = ORIENTED_EDGE('',*,*,#1080,.T.);
#1080 = EDGE_CURVE('',#1081,#1083,#1085,.T.);
#1081 = VERTEX_POINT('',#1082);
#1082 = CARTESIAN_POINT('',(-3.4,-5.4125,2.8245));
#1083 = VERTEX_POINT('',#1084);
#1084 = CARTESIAN_POINT('',(-3.4,-5.425,2.8245));
#1085 = LINE('',#1086,#1087);
#1086 = CARTESIAN_POINT('',(-3.4,-5.425,2.8245));
#1087 = VECTOR('',#1088,1.);
#1088 = DIRECTION('',(3.037693553488E-16,-1.,0.));
#1089 = ORIENTED_EDGE('',*,*,#1090,.T.);
#1090 = EDGE_CURVE('',#1083,#1091,#1093,.T.);
#1091 = VERTEX_POINT('',#1092);
#1092 = CARTESIAN_POINT('',(-3.4,-5.425,3.5995));
#1093 = LINE('',#1094,#1095);
#1094 = CARTESIAN_POINT('',(-3.4,-5.425,2.7495));
#1095 = VECTOR('',#1096,1.);
#1096 = DIRECTION('',(-2.486067977623E-16,-1.050146253843E-31,1.));
#1097 = ORIENTED_EDGE('',*,*,#1098,.T.);
#1098 = EDGE_CURVE('',#1091,#1099,#1101,.T.);
#1099 = VERTEX_POINT('',#1100);
#1100 = CARTESIAN_POINT('',(-3.4,-5.4125,3.5995));
#1101 = LINE('',#1102,#1103);
#1102 = CARTESIAN_POINT('',(-3.4,-5.425,3.5995));
#1103 = VECTOR('',#1104,1.);
#1104 = DIRECTION('',(-5.185407216281E-16,1.,-1.225057360816E-31));
#1105 = ORIENTED_EDGE('',*,*,#1106,.F.);
#1106 = EDGE_CURVE('',#1081,#1099,#1107,.T.);
#1107 = LINE('',#1108,#1109);
#1108 = CARTESIAN_POINT('',(-3.4,-5.4125,2.7495));
#1109 = VECTOR('',#1110,1.);
#1110 = DIRECTION('',(-2.486067977623E-16,-3.105891551988E-32,1.));
#1111 = PLANE('',#1112);
#1112 = AXIS2_PLACEMENT_3D('',#1113,#1114,#1115);
#1113 = CARTESIAN_POINT('',(-3.4,-5.425,2.7495));
#1114 = DIRECTION('',(1.,5.185407216281E-16,2.486067977623E-16));
#1115 = DIRECTION('',(-5.185407216281E-16,1.,-1.225057360816E-31));
#1116 = ADVANCED_FACE('',(#1117),#1151,.F.);
#1117 = FACE_BOUND('',#1118,.T.);
#1118 = EDGE_LOOP('',(#1119,#1129,#1137,#1145));
#1119 = ORIENTED_EDGE('',*,*,#1120,.T.);
#1120 = EDGE_CURVE('',#1121,#1123,#1125,.T.);
#1121 = VERTEX_POINT('',#1122);
#1122 = CARTESIAN_POINT('',(-3.4,5.425,2.8245));
#1123 = VERTEX_POINT('',#1124);
#1124 = CARTESIAN_POINT('',(-3.4,5.4125,2.8245));
#1125 = LINE('',#1126,#1127);
#1126 = CARTESIAN_POINT('',(-3.4,4.8,2.8245));
#1127 = VECTOR('',#1128,1.);
#1128 = DIRECTION('',(2.385437526521E-15,-1.,0.));
#1129 = ORIENTED_EDGE('',*,*,#1130,.F.);
#1130 = EDGE_CURVE('',#1131,#1123,#1133,.T.);
#1131 = VERTEX_POINT('',#1132);
#1132 = CARTESIAN_POINT('',(-3.4,5.4125,3.5995));
#1133 = LINE('',#1134,#1135);
#1134 = CARTESIAN_POINT('',(-3.4,5.4125,2.7495));
#1135 = VECTOR('',#1136,1.);
#1136 = DIRECTION('',(2.486067977623E-16,3.105891551988E-32,-1.));
#1137 = ORIENTED_EDGE('',*,*,#1138,.T.);
#1138 = EDGE_CURVE('',#1131,#1139,#1141,.T.);
#1139 = VERTEX_POINT('',#1140);
#1140 = CARTESIAN_POINT('',(-3.4,5.425,3.5995));
#1141 = LINE('',#1142,#1143);
#1142 = CARTESIAN_POINT('',(-3.4,4.323193264243,3.5995));
#1143 = VECTOR('',#1144,1.);
#1144 = DIRECTION('',(-1.249318835986E-16,1.,-2.465190328816E-32));
#1145 = ORIENTED_EDGE('',*,*,#1146,.F.);
#1146 = EDGE_CURVE('',#1121,#1139,#1147,.T.);
#1147 = LINE('',#1148,#1149);
#1148 = CARTESIAN_POINT('',(-3.4,5.425,2.7495));
#1149 = VECTOR('',#1150,1.);
#1150 = DIRECTION('',(-2.486067977623E-16,-1.050146253843E-31,1.));
#1151 = PLANE('',#1152);
#1152 = AXIS2_PLACEMENT_3D('',#1153,#1154,#1155);
#1153 = CARTESIAN_POINT('',(-3.4,4.323193264243,2.7495));
#1154 = DIRECTION('',(1.,1.249318835986E-16,2.486067977623E-16));
#1155 = DIRECTION('',(-2.486067977623E-16,-1.050146253843E-31,1.));
#1156 = ADVANCED_FACE('',(#1157),#1191,.F.);
#1157 = FACE_BOUND('',#1158,.T.);
#1158 = EDGE_LOOP('',(#1159,#1169,#1177,#1185));
#1159 = ORIENTED_EDGE('',*,*,#1160,.T.);
#1160 = EDGE_CURVE('',#1161,#1163,#1165,.T.);
#1161 = VERTEX_POINT('',#1162);
#1162 = CARTESIAN_POINT('',(3.4,-5.425,2.8245));
#1163 = VERTEX_POINT('',#1164);
#1164 = CARTESIAN_POINT('',(3.4,-5.4125,2.8245));
#1165 = LINE('',#1166,#1167);
#1166 = CARTESIAN_POINT('',(3.4,-4.676604002906,2.8245));
#1167 = VECTOR('',#1168,1.);
#1168 = DIRECTION('',(3.504453971015E-14,1.,0.));
#1169 = ORIENTED_EDGE('',*,*,#1170,.F.);
#1170 = EDGE_CURVE('',#1171,#1163,#1173,.T.);
#1171 = VERTEX_POINT('',#1172);
#1172 = CARTESIAN_POINT('',(3.4,-5.4125,3.5995));
#1173 = LINE('',#1174,#1175);
#1174 = CARTESIAN_POINT('',(3.4,-5.4125,2.7495));
#1175 = VECTOR('',#1176,1.);
#1176 = DIRECTION('',(2.486067977623E-16,3.105891551988E-32,-1.));
#1177 = ORIENTED_EDGE('',*,*,#1178,.T.);
#1178 = EDGE_CURVE('',#1171,#1179,#1181,.T.);
#1179 = VERTEX_POINT('',#1180);
#1180 = CARTESIAN_POINT('',(3.4,-5.425,3.5995));
#1181 = LINE('',#1182,#1183);
#1182 = CARTESIAN_POINT('',(3.4,-5.425,3.5995));
#1183 = VECTOR('',#1184,1.);
#1184 = DIRECTION('',(5.185407216281E-16,-1.,1.225057360816E-31));
#1185 = ORIENTED_EDGE('',*,*,#1186,.F.);
#1186 = EDGE_CURVE('',#1161,#1179,#1187,.T.);
#1187 = LINE('',#1188,#1189);
#1188 = CARTESIAN_POINT('',(3.4,-5.425,2.7495));
#1189 = VECTOR('',#1190,1.);
#1190 = DIRECTION('',(-2.486067977623E-16,-1.050146253843E-31,1.));
#1191 = PLANE('',#1192);
#1192 = AXIS2_PLACEMENT_3D('',#1193,#1194,#1195);
#1193 = CARTESIAN_POINT('',(3.4,-5.425,2.7495));
#1194 = DIRECTION('',(-1.,-5.185407216281E-16,-2.486067977623E-16));
#1195 = DIRECTION('',(5.185407216281E-16,-1.,1.225057360816E-31));
#1196 = ADVANCED_FACE('',(#1197),#1231,.F.);
#1197 = FACE_BOUND('',#1198,.T.);
#1198 = EDGE_LOOP('',(#1199,#1209,#1217,#1225));
#1199 = ORIENTED_EDGE('',*,*,#1200,.T.);
#1200 = EDGE_CURVE('',#1201,#1203,#1205,.T.);
#1201 = VERTEX_POINT('',#1202);
#1202 = CARTESIAN_POINT('',(3.4,5.4125,2.8245));
#1203 = VERTEX_POINT('',#1204);
#1204 = CARTESIAN_POINT('',(3.4,5.425,2.8245));
#1205 = LINE('',#1206,#1207);
#1206 = CARTESIAN_POINT('',(3.4,5.425,2.8245));
#1207 = VECTOR('',#1208,1.);
#1208 = DIRECTION('',(-8.416496026119E-15,1.,0.));
#1209 = ORIENTED_EDGE('',*,*,#1210,.T.);
#1210 = EDGE_CURVE('',#1203,#1211,#1213,.T.);
#1211 = VERTEX_POINT('',#1212);
#1212 = CARTESIAN_POINT('',(3.4,5.425,3.5995));
#1213 = LINE('',#1214,#1215);
#1214 = CARTESIAN_POINT('',(3.4,5.425,2.7495));
#1215 = VECTOR('',#1216,1.);
#1216 = DIRECTION('',(-2.486067977623E-16,-1.050146253843E-31,1.));
#1217 = ORIENTED_EDGE('',*,*,#1218,.T.);
#1218 = EDGE_CURVE('',#1211,#1219,#1221,.T.);
#1219 = VERTEX_POINT('',#1220);
#1220 = CARTESIAN_POINT('',(3.4,5.4125,3.5995));
#1221 = LINE('',#1222,#1223);
#1222 = CARTESIAN_POINT('',(3.4,4.323193264243,3.5995));
#1223 = VECTOR('',#1224,1.);
#1224 = DIRECTION('',(1.249318835986E-16,-1.,2.465190328816E-32));
#1225 = ORIENTED_EDGE('',*,*,#1226,.F.);
#1226 = EDGE_CURVE('',#1201,#1219,#1227,.T.);
#1227 = LINE('',#1228,#1229);
#1228 = CARTESIAN_POINT('',(3.4,5.4125,2.7495));
#1229 = VECTOR('',#1230,1.);
#1230 = DIRECTION('',(-2.486067977623E-16,-3.105891551988E-32,1.));
#1231 = PLANE('',#1232);
#1232 = AXIS2_PLACEMENT_3D('',#1233,#1234,#1235);
#1233 = CARTESIAN_POINT('',(3.4,4.323193264243,2.7495));
#1234 = DIRECTION('',(-1.,-1.249318835986E-16,-2.486067977623E-16));
#1235 = DIRECTION('',(2.486067977623E-16,1.050146253843E-31,-1.));
#1236 = ADVANCED_FACE('',(#1237,#1247),#1257,.T.);
#1237 = FACE_BOUND('',#1238,.T.);
#1238 = EDGE_LOOP('',(#1239,#1240));
#1239 = ORIENTED_EDGE('',*,*,#958,.T.);
#1240 = ORIENTED_EDGE('',*,*,#1241,.T.);
#1241 = EDGE_CURVE('',#951,#959,#1242,.T.);
#1242 = CIRCLE('',#1243,1.75);
#1243 = AXIS2_PLACEMENT_3D('',#1244,#1245,#1246);
#1244 = CARTESIAN_POINT('',(2.983351379773E-34,-2.387982389954E-18,
    11.4995));
#1245 = DIRECTION('',(-1.529923784499E-32,1.224606353822E-16,-1.));
#1246 = DIRECTION('',(-3.037693553488E-16,1.,1.224606353822E-16));
#1247 = FACE_BOUND('',#1248,.T.);
#1248 = EDGE_LOOP('',(#1249,#1256));
#1249 = ORIENTED_EDGE('',*,*,#1250,.T.);
#1250 = EDGE_CURVE('',#662,#660,#1251,.T.);
#1251 = CIRCLE('',#1252,2.9875);
#1252 = AXIS2_PLACEMENT_3D('',#1253,#1254,#1255);
#1253 = CARTESIAN_POINT('',(2.983351379773E-34,-2.387982389954E-18,
    11.4995));
#1254 = DIRECTION('',(0.,0.,1.));
#1255 = DIRECTION('',(-1.249318835986E-16,1.,-0.));
#1256 = ORIENTED_EDGE('',*,*,#659,.T.);
#1257 = PLANE('',#1258);
#1258 = AXIS2_PLACEMENT_3D('',#1259,#1260,#1261);
#1259 = CARTESIAN_POINT('',(-2.662625784996E-17,1.75,11.4995));
#1260 = DIRECTION('',(1.529923784499E-32,-1.224606353822E-16,1.));
#1261 = DIRECTION('',(1.,3.037693553488E-16,2.190055042068E-32));
#1262 = ADVANCED_FACE('',(#1263),#1304,.T.);
#1263 = FACE_BOUND('',#1264,.T.);
#1264 = EDGE_LOOP('',(#1265,#1266,#1277,#1286,#1297));
#1265 = ORIENTED_EDGE('',*,*,#981,.F.);
#1266 = ORIENTED_EDGE('',*,*,#1267,.T.);
#1267 = EDGE_CURVE('',#982,#1268,#1270,.T.);
#1268 = VERTEX_POINT('',#1269);
#1269 = CARTESIAN_POINT('',(1.5,-1.322875655532,19.4995));
#1270 = B_SPLINE_CURVE_WITH_KNOTS('',3,(#1271,#1272,#1273,#1274,#1275,
    #1276),.UNSPECIFIED.,.F.,.F.,(4,2,4),(4.344154157809E-03,
    5.154784985888E-03,5.965415813967E-03),.UNSPECIFIED.);
#1271 = CARTESIAN_POINT('',(1.5,-2.598076211353,18.4995));
#1272 = CARTESIAN_POINT('',(1.5,-2.393676112286,18.676515678329));
#1273 = CARTESIAN_POINT('',(1.5,-2.186909513213,18.85068291109));
#1274 = CARTESIAN_POINT('',(1.5,-1.764130434409,19.187398155113));
#1275 = CARTESIAN_POINT('',(1.5,-1.547516351659,19.350914145926));
#1276 = CARTESIAN_POINT('',(1.5,-1.322875655532,19.4995));
#1277 = ORIENTED_EDGE('',*,*,#1278,.T.);
#1278 = EDGE_CURVE('',#1268,#1279,#1281,.T.);
#1279 = VERTEX_POINT('',#1280);
#1280 = CARTESIAN_POINT('',(1.5,1.322875655532,19.4995));
#1281 = CIRCLE('',#1282,2.);
#1282 = AXIS2_PLACEMENT_3D('',#1283,#1284,#1285);
#1283 = CARTESIAN_POINT('',(2.983351379773E-34,-2.387982389954E-18,
    19.4995));
#1284 = DIRECTION('',(0.,0.,-1.));
#1285 = DIRECTION('',(1.,3.037693553488E-16,0.));
#1286 = ORIENTED_EDGE('',*,*,#1287,.T.);
#1287 = EDGE_CURVE('',#1279,#1288,#1290,.T.);
#1288 = VERTEX_POINT('',#1289);
#1289 = CARTESIAN_POINT('',(1.5,2.598076211353,18.4995));
#1290 = B_SPLINE_CURVE_WITH_KNOTS('',3,(#1291,#1292,#1293,#1294,#1295,
    #1296),.UNSPECIFIED.,.F.,.F.,(4,2,4),(8.823597846194E-03,
    9.635828493494E-03,1.044805914079E-02),.UNSPECIFIED.);
#1291 = CARTESIAN_POINT('',(1.5,1.322875655532,19.4995));
#1292 = CARTESIAN_POINT('',(1.5,1.548332608751,19.350374242608));
#1293 = CARTESIAN_POINT('',(1.5,1.763780868975,19.18766383666));
#1294 = CARTESIAN_POINT('',(1.5,2.186443253173,18.851066955404));
#1295 = CARTESIAN_POINT('',(1.5,2.393365660494,18.676784537466));
#1296 = CARTESIAN_POINT('',(1.5,2.598076211353,18.4995));
#1297 = ORIENTED_EDGE('',*,*,#1298,.F.);
#1298 = EDGE_CURVE('',#984,#1288,#1299,.T.);
#1299 = CIRCLE('',#1300,3.);
#1300 = AXIS2_PLACEMENT_3D('',#1301,#1302,#1303);
#1301 = CARTESIAN_POINT('',(2.983351379773E-34,-2.387982389954E-18,
    18.4995));
#1302 = DIRECTION('',(0.,0.,-1.));
#1303 = DIRECTION('',(1.,3.037693553488E-16,0.));
#1304 = CONICAL_SURFACE('',#1305,2.,0.785398163397);
#1305 = AXIS2_PLACEMENT_3D('',#1306,#1307,#1308);
#1306 = CARTESIAN_POINT('',(2.983351379773E-34,-2.387982389954E-18,
    19.4995));
#1307 = DIRECTION('',(0.,-0.,-1.));
#1308 = DIRECTION('',(1.,3.037693553488E-16,0.));
#1309 = ADVANCED_FACE('',(#1310),#1337,.T.);
#1310 = FACE_BOUND('',#1311,.T.);
#1311 = EDGE_LOOP('',(#1312,#1313,#1314,#1322,#1329,#1330));
#1312 = ORIENTED_EDGE('',*,*,#992,.F.);
#1313 = ORIENTED_EDGE('',*,*,#1298,.T.);
#1314 = ORIENTED_EDGE('',*,*,#1315,.F.);
#1315 = EDGE_CURVE('',#1316,#1288,#1318,.T.);
#1316 = VERTEX_POINT('',#1317);
#1317 = CARTESIAN_POINT('',(1.5,2.598076211353,14.4995));
#1318 = LINE('',#1319,#1320);
#1319 = CARTESIAN_POINT('',(1.5,2.598076211353,14.4995));
#1320 = VECTOR('',#1321,1.);
#1321 = DIRECTION('',(0.,0.,1.));
#1322 = ORIENTED_EDGE('',*,*,#1323,.F.);
#1323 = EDGE_CURVE('',#1010,#1316,#1324,.T.);
#1324 = CIRCLE('',#1325,3.);
#1325 = AXIS2_PLACEMENT_3D('',#1326,#1327,#1328);
#1326 = CARTESIAN_POINT('',(2.983351379773E-34,-2.387982389954E-18,
    14.4995));
#1327 = DIRECTION('',(0.,0.,1.));
#1328 = DIRECTION('',(-1.,-3.037693553488E-16,0.));
#1329 = ORIENTED_EDGE('',*,*,#1009,.T.);
#1330 = ORIENTED_EDGE('',*,*,#1331,.F.);
#1331 = EDGE_CURVE('',#993,#1001,#1332,.T.);
#1332 = CIRCLE('',#1333,3.);
#1333 = AXIS2_PLACEMENT_3D('',#1334,#1335,#1336);
#1334 = CARTESIAN_POINT('',(2.983351379773E-34,-2.387982389954E-18,
    13.1495));
#1335 = DIRECTION('',(0.,0.,-1.));
#1336 = DIRECTION('',(1.,3.037693553488E-16,0.));
#1337 = CYLINDRICAL_SURFACE('',#1338,3.);
#1338 = AXIS2_PLACEMENT_3D('',#1339,#1340,#1341);
#1339 = CARTESIAN_POINT('',(2.983351379773E-34,-2.387982389954E-18,
    -18.90376510721));
#1340 = DIRECTION('',(0.,-0.,-1.));
#1341 = DIRECTION('',(1.,3.037693553488E-16,0.));
#1342 = ADVANCED_FACE('',(#1343,#1353),#1357,.F.);
#1343 = FACE_BOUND('',#1344,.T.);
#1344 = EDGE_LOOP('',(#1345,#1346));
#1345 = ORIENTED_EDGE('',*,*,#939,.F.);
#1346 = ORIENTED_EDGE('',*,*,#1347,.F.);
#1347 = EDGE_CURVE('',#942,#940,#1348,.T.);
#1348 = CIRCLE('',#1349,1.75);
#1349 = AXIS2_PLACEMENT_3D('',#1350,#1351,#1352);
#1350 = CARTESIAN_POINT('',(2.983351379773E-34,-2.387982389954E-18,
    13.1495));
#1351 = DIRECTION('',(0.,0.,-1.));
#1352 = DIRECTION('',(1.,3.037693553488E-16,0.));
#1353 = FACE_BOUND('',#1354,.T.);
#1354 = EDGE_LOOP('',(#1355,#1356));
#1355 = ORIENTED_EDGE('',*,*,#1000,.T.);
#1356 = ORIENTED_EDGE('',*,*,#1331,.T.);
#1357 = PLANE('',#1358);
#1358 = AXIS2_PLACEMENT_3D('',#1359,#1360,#1361);
#1359 = CARTESIAN_POINT('',(5.315963718604E-16,-1.75,13.1495));
#1360 = DIRECTION('',(0.,0.,1.));
#1361 = DIRECTION('',(-1.,-3.037693553488E-16,0.));
#1362 = ADVANCED_FACE('',(#1363),#1369,.T.);
#1363 = FACE_BOUND('',#1364,.T.);
#1364 = EDGE_LOOP('',(#1365,#1366,#1367,#1368));
#1365 = ORIENTED_EDGE('',*,*,#950,.F.);
#1366 = ORIENTED_EDGE('',*,*,#1347,.T.);
#1367 = ORIENTED_EDGE('',*,*,#967,.T.);
#1368 = ORIENTED_EDGE('',*,*,#1241,.F.);
#1369 = CYLINDRICAL_SURFACE('',#1370,1.75);
#1370 = AXIS2_PLACEMENT_3D('',#1371,#1372,#1373);
#1371 = CARTESIAN_POINT('',(2.983351379773E-34,-2.387982389954E-18,
    -18.90376510721));
#1372 = DIRECTION('',(0.,-0.,-1.));
#1373 = DIRECTION('',(1.,3.037693553488E-16,0.));
#1374 = ADVANCED_FACE('',(#1375),#1393,.F.);
#1375 = FACE_BOUND('',#1376,.T.);
#1376 = EDGE_LOOP('',(#1377,#1378,#1384,#1385,#1386,#1392));
#1377 = ORIENTED_EDGE('',*,*,#1026,.F.);
#1378 = ORIENTED_EDGE('',*,*,#1379,.F.);
#1379 = EDGE_CURVE('',#1316,#1018,#1380,.T.);
#1380 = LINE('',#1381,#1382);
#1381 = CARTESIAN_POINT('',(1.5,-2.598076211353,14.4995));
#1382 = VECTOR('',#1383,1.);
#1383 = DIRECTION('',(3.037693553488E-16,-1.,0.));
#1384 = ORIENTED_EDGE('',*,*,#1315,.T.);
#1385 = ORIENTED_EDGE('',*,*,#1287,.F.);
#1386 = ORIENTED_EDGE('',*,*,#1387,.F.);
#1387 = EDGE_CURVE('',#1268,#1279,#1388,.T.);
#1388 = LINE('',#1389,#1390);
#1389 = CARTESIAN_POINT('',(1.5,-2.,19.4995));
#1390 = VECTOR('',#1391,1.);
#1391 = DIRECTION('',(-3.037693553488E-16,1.,0.));
#1392 = ORIENTED_EDGE('',*,*,#1267,.F.);
#1393 = PLANE('',#1394);
#1394 = AXIS2_PLACEMENT_3D('',#1395,#1396,#1397);
#1395 = CARTESIAN_POINT('',(1.5,-2.598076211353,14.4995));
#1396 = DIRECTION('',(-1.,-3.037693553488E-16,0.));
#1397 = DIRECTION('',(0.,-0.,-1.));
#1398 = ADVANCED_FACE('',(#1399),#1404,.T.);
#1399 = FACE_BOUND('',#1400,.T.);
#1400 = EDGE_LOOP('',(#1401,#1402,#1403));
#1401 = ORIENTED_EDGE('',*,*,#1017,.T.);
#1402 = ORIENTED_EDGE('',*,*,#1323,.T.);
#1403 = ORIENTED_EDGE('',*,*,#1379,.T.);
#1404 = PLANE('',#1405);
#1405 = AXIS2_PLACEMENT_3D('',#1406,#1407,#1408);
#1406 = CARTESIAN_POINT('',(2.983351379773E-34,-2.387982389954E-18,
    14.4995));
#1407 = DIRECTION('',(0.,0.,1.));
#1408 = DIRECTION('',(-1.,-3.037693553488E-16,0.));
#1409 = ADVANCED_FACE('',(#1410),#1556,.F.);
#1410 = FACE_BOUND('',#1411,.T.);
#1411 = EDGE_LOOP('',(#1412,#1422,#1430,#1436,#1437,#1445,#1453,#1461,
    #1469,#1478,#1486,#1494,#1502,#1511,#1519,#1527,#1535,#1541,#1542,
    #1550));
#1412 = ORIENTED_EDGE('',*,*,#1413,.F.);
#1413 = EDGE_CURVE('',#1414,#1416,#1418,.T.);
#1414 = VERTEX_POINT('',#1415);
#1415 = CARTESIAN_POINT('',(2.03358519615,-5.4125,3.6995));
#1416 = VERTEX_POINT('',#1417);
#1417 = CARTESIAN_POINT('',(-2.03358519615,-5.4125,3.6995));
#1418 = LINE('',#1419,#1420);
#1419 = CARTESIAN_POINT('',(1.181163933988E-15,-5.4125,3.6995));
#1420 = VECTOR('',#1421,1.);
#1421 = DIRECTION('',(-1.,-1.249318835986E-16,0.));
#1422 = ORIENTED_EDGE('',*,*,#1423,.T.);
#1423 = EDGE_CURVE('',#1414,#1424,#1426,.T.);
#1424 = VERTEX_POINT('',#1425);
#1425 = CARTESIAN_POINT('',(2.03358519615,-5.4125,3.5995));
#1426 = LINE('',#1427,#1428);
#1427 = CARTESIAN_POINT('',(2.03358519615,-5.4125,3.6995));
#1428 = VECTOR('',#1429,1.);
#1429 = DIRECTION('',(-0.,0.,-1.));
#1430 = ORIENTED_EDGE('',*,*,#1431,.F.);
#1431 = EDGE_CURVE('',#1171,#1424,#1432,.T.);
#1432 = LINE('',#1433,#1434);
#1433 = CARTESIAN_POINT('',(-5.,-5.4125,3.5995));
#1434 = VECTOR('',#1435,1.);
#1435 = DIRECTION('',(-1.,-1.249318835986E-16,-2.486067977623E-16));
#1436 = ORIENTED_EDGE('',*,*,#1170,.T.);
#1437 = ORIENTED_EDGE('',*,*,#1438,.F.);
#1438 = EDGE_CURVE('',#1439,#1163,#1441,.T.);
#1439 = VERTEX_POINT('',#1440);
#1440 = CARTESIAN_POINT('',(4.1125,-5.4125,2.8245));
#1441 = LINE('',#1442,#1443);
#1442 = CARTESIAN_POINT('',(4.1125,-5.4125,2.8245));
#1443 = VECTOR('',#1444,1.);
#1444 = DIRECTION('',(-1.,-1.249318835986E-16,0.));
#1445 = ORIENTED_EDGE('',*,*,#1446,.T.);
#1446 = EDGE_CURVE('',#1439,#1447,#1449,.T.);
#1447 = VERTEX_POINT('',#1448);
#1448 = CARTESIAN_POINT('',(4.1125,-5.4125,4.0995));
#1449 = LINE('',#1450,#1451);
#1450 = CARTESIAN_POINT('',(4.1125,-5.4125,2.8245));
#1451 = VECTOR('',#1452,1.);
#1452 = DIRECTION('',(0.,0.,1.));
#1453 = ORIENTED_EDGE('',*,*,#1454,.T.);
#1454 = EDGE_CURVE('',#1447,#1455,#1457,.T.);
#1455 = VERTEX_POINT('',#1456);
#1456 = CARTESIAN_POINT('',(1.45,-5.4125,4.0995));
#1457 = LINE('',#1458,#1459);
#1458 = CARTESIAN_POINT('',(4.1125,-5.4125,4.0995));
#1459 = VECTOR('',#1460,1.);
#1460 = DIRECTION('',(-1.,-1.249318835986E-16,0.));
#1461 = ORIENTED_EDGE('',*,*,#1462,.T.);
#1462 = EDGE_CURVE('',#1455,#1463,#1465,.T.);
#1463 = VERTEX_POINT('',#1464);
#1464 = CARTESIAN_POINT('',(1.3,-5.4125,4.0995));
#1465 = LINE('',#1466,#1467);
#1466 = CARTESIAN_POINT('',(4.1125,-5.4125,4.0995));
#1467 = VECTOR('',#1468,1.);
#1468 = DIRECTION('',(-1.,-1.249318835986E-16,0.));
#1469 = ORIENTED_EDGE('',*,*,#1470,.T.);
#1470 = EDGE_CURVE('',#1463,#1471,#1473,.T.);
#1471 = VERTEX_POINT('',#1472);
#1472 = CARTESIAN_POINT('',(1.2,-5.4125,4.1995));
#1473 = CIRCLE('',#1474,1.E-01);
#1474 = AXIS2_PLACEMENT_3D('',#1475,#1476,#1477);
#1475 = CARTESIAN_POINT('',(1.3,-5.4125,4.1995));
#1476 = DIRECTION('',(-1.249318835986E-16,1.,0.));
#1477 = DIRECTION('',(0.,0.,1.));
#1478 = ORIENTED_EDGE('',*,*,#1479,.F.);
#1479 = EDGE_CURVE('',#1480,#1471,#1482,.T.);
#1480 = VERTEX_POINT('',#1481);
#1481 = CARTESIAN_POINT('',(1.2,-5.4125,4.4995));
#1482 = LINE('',#1483,#1484);
#1483 = CARTESIAN_POINT('',(1.2,-5.4125,4.4995));
#1484 = VECTOR('',#1485,1.);
#1485 = DIRECTION('',(0.,-0.,-1.));
#1486 = ORIENTED_EDGE('',*,*,#1487,.T.);
#1487 = EDGE_CURVE('',#1480,#1488,#1490,.T.);
#1488 = VERTEX_POINT('',#1489);
#1489 = CARTESIAN_POINT('',(-1.2,-5.4125,4.4995));
#1490 = LINE('',#1491,#1492);
#1491 = CARTESIAN_POINT('',(1.2,-5.4125,4.4995));
#1492 = VECTOR('',#1493,1.);
#1493 = DIRECTION('',(-1.,-1.249318835986E-16,0.));
#1494 = ORIENTED_EDGE('',*,*,#1495,.T.);
#1495 = EDGE_CURVE('',#1488,#1496,#1498,.T.);
#1496 = VERTEX_POINT('',#1497);
#1497 = CARTESIAN_POINT('',(-1.2,-5.4125,4.1995));
#1498 = LINE('',#1499,#1500);
#1499 = CARTESIAN_POINT('',(-1.2,-5.4125,4.4995));
#1500 = VECTOR('',#1501,1.);
#1501 = DIRECTION('',(0.,-0.,-1.));
#1502 = ORIENTED_EDGE('',*,*,#1503,.T.);
#1503 = EDGE_CURVE('',#1496,#1504,#1506,.T.);
#1504 = VERTEX_POINT('',#1505);
#1505 = CARTESIAN_POINT('',(-1.3,-5.4125,4.0995));
#1506 = CIRCLE('',#1507,1.E-01);
#1507 = AXIS2_PLACEMENT_3D('',#1508,#1509,#1510);
#1508 = CARTESIAN_POINT('',(-1.3,-5.4125,4.1995));
#1509 = DIRECTION('',(-1.249318835986E-16,1.,0.));
#1510 = DIRECTION('',(0.,0.,1.));
#1511 = ORIENTED_EDGE('',*,*,#1512,.T.);
#1512 = EDGE_CURVE('',#1504,#1513,#1515,.T.);
#1513 = VERTEX_POINT('',#1514);
#1514 = CARTESIAN_POINT('',(-1.45,-5.4125,4.0995));
#1515 = LINE('',#1516,#1517);
#1516 = CARTESIAN_POINT('',(4.1125,-5.4125,4.0995));
#1517 = VECTOR('',#1518,1.);
#1518 = DIRECTION('',(-1.,-1.249318835986E-16,0.));
#1519 = ORIENTED_EDGE('',*,*,#1520,.T.);
#1520 = EDGE_CURVE('',#1513,#1521,#1523,.T.);
#1521 = VERTEX_POINT('',#1522);
#1522 = CARTESIAN_POINT('',(-4.1125,-5.4125,4.0995));
#1523 = LINE('',#1524,#1525);
#1524 = CARTESIAN_POINT('',(4.1125,-5.4125,4.0995));
#1525 = VECTOR('',#1526,1.);
#1526 = DIRECTION('',(-1.,-1.249318835986E-16,0.));
#1527 = ORIENTED_EDGE('',*,*,#1528,.F.);
#1528 = EDGE_CURVE('',#1529,#1521,#1531,.T.);
#1529 = VERTEX_POINT('',#1530);
#1530 = CARTESIAN_POINT('',(-4.1125,-5.4125,2.8245));
#1531 = LINE('',#1532,#1533);
#1532 = CARTESIAN_POINT('',(-4.1125,-5.4125,2.8245));
#1533 = VECTOR('',#1534,1.);
#1534 = DIRECTION('',(0.,0.,1.));
#1535 = ORIENTED_EDGE('',*,*,#1536,.F.);
#1536 = EDGE_CURVE('',#1081,#1529,#1537,.T.);
#1537 = LINE('',#1538,#1539);
#1538 = CARTESIAN_POINT('',(4.1125,-5.4125,2.8245));
#1539 = VECTOR('',#1540,1.);
#1540 = DIRECTION('',(-1.,-1.249318835986E-16,0.));
#1541 = ORIENTED_EDGE('',*,*,#1106,.T.);
#1542 = ORIENTED_EDGE('',*,*,#1543,.F.);
#1543 = EDGE_CURVE('',#1544,#1099,#1546,.T.);
#1544 = VERTEX_POINT('',#1545);
#1545 = CARTESIAN_POINT('',(-2.03358519615,-5.4125,3.5995));
#1546 = LINE('',#1547,#1548);
#1547 = CARTESIAN_POINT('',(-5.,-5.4125,3.5995));
#1548 = VECTOR('',#1549,1.);
#1549 = DIRECTION('',(-1.,-1.249318835986E-16,-2.486067977623E-16));
#1550 = ORIENTED_EDGE('',*,*,#1551,.T.);
#1551 = EDGE_CURVE('',#1544,#1416,#1552,.T.);
#1552 = LINE('',#1553,#1554);
#1553 = CARTESIAN_POINT('',(-2.03358519615,-5.4125,3.6995));
#1554 = VECTOR('',#1555,1.);
#1555 = DIRECTION('',(0.,0.,1.));
#1556 = PLANE('',#1557);
#1557 = AXIS2_PLACEMENT_3D('',#1558,#1559,#1560);
#1558 = CARTESIAN_POINT('',(4.1125,-5.4125,2.8245));
#1559 = DIRECTION('',(-1.249318835986E-16,1.,0.));
#1560 = DIRECTION('',(0.,0.,1.));
#1561 = ADVANCED_FACE('',(#1562),#1708,.F.);
#1562 = FACE_BOUND('',#1563,.T.);
#1563 = EDGE_LOOP('',(#1564,#1572,#1580,#1588,#1596,#1602,#1603,#1611,
    #1619,#1627,#1635,#1644,#1652,#1660,#1668,#1677,#1685,#1693,#1701,
    #1707));
#1564 = ORIENTED_EDGE('',*,*,#1565,.F.);
#1565 = EDGE_CURVE('',#1566,#1219,#1568,.T.);
#1566 = VERTEX_POINT('',#1567);
#1567 = CARTESIAN_POINT('',(2.03358519615,5.4125,3.5995));
#1568 = LINE('',#1569,#1570);
#1569 = CARTESIAN_POINT('',(-5.,5.4125,3.5995));
#1570 = VECTOR('',#1571,1.);
#1571 = DIRECTION('',(1.,1.249318835986E-16,2.486067977623E-16));
#1572 = ORIENTED_EDGE('',*,*,#1573,.T.);
#1573 = EDGE_CURVE('',#1566,#1574,#1576,.T.);
#1574 = VERTEX_POINT('',#1575);
#1575 = CARTESIAN_POINT('',(2.03358519615,5.4125,3.6995));
#1576 = LINE('',#1577,#1578);
#1577 = CARTESIAN_POINT('',(2.03358519615,5.4125,3.6995));
#1578 = VECTOR('',#1579,1.);
#1579 = DIRECTION('',(0.,0.,1.));
#1580 = ORIENTED_EDGE('',*,*,#1581,.F.);
#1581 = EDGE_CURVE('',#1582,#1574,#1584,.T.);
#1582 = VERTEX_POINT('',#1583);
#1583 = CARTESIAN_POINT('',(-2.03358519615,5.4125,3.6995));
#1584 = LINE('',#1585,#1586);
#1585 = CARTESIAN_POINT('',(-1.712237059672E-16,5.4125,3.6995));
#1586 = VECTOR('',#1587,1.);
#1587 = DIRECTION('',(1.,1.249318835986E-16,0.));
#1588 = ORIENTED_EDGE('',*,*,#1589,.T.);
#1589 = EDGE_CURVE('',#1582,#1590,#1592,.T.);
#1590 = VERTEX_POINT('',#1591);
#1591 = CARTESIAN_POINT('',(-2.03358519615,5.4125,3.5995));
#1592 = LINE('',#1593,#1594);
#1593 = CARTESIAN_POINT('',(-2.03358519615,5.4125,3.6995));
#1594 = VECTOR('',#1595,1.);
#1595 = DIRECTION('',(-0.,0.,-1.));
#1596 = ORIENTED_EDGE('',*,*,#1597,.F.);
#1597 = EDGE_CURVE('',#1131,#1590,#1598,.T.);
#1598 = LINE('',#1599,#1600);
#1599 = CARTESIAN_POINT('',(-5.,5.4125,3.5995));
#1600 = VECTOR('',#1601,1.);
#1601 = DIRECTION('',(1.,1.249318835986E-16,2.486067977623E-16));
#1602 = ORIENTED_EDGE('',*,*,#1130,.T.);
#1603 = ORIENTED_EDGE('',*,*,#1604,.F.);
#1604 = EDGE_CURVE('',#1605,#1123,#1607,.T.);
#1605 = VERTEX_POINT('',#1606);
#1606 = CARTESIAN_POINT('',(-4.1125,5.4125,2.8245));
#1607 = LINE('',#1608,#1609);
#1608 = CARTESIAN_POINT('',(-4.1125,5.4125,2.8245));
#1609 = VECTOR('',#1610,1.);
#1610 = DIRECTION('',(1.,1.249318835986E-16,0.));
#1611 = ORIENTED_EDGE('',*,*,#1612,.T.);
#1612 = EDGE_CURVE('',#1605,#1613,#1615,.T.);
#1613 = VERTEX_POINT('',#1614);
#1614 = CARTESIAN_POINT('',(-4.1125,5.4125,4.0995));
#1615 = LINE('',#1616,#1617);
#1616 = CARTESIAN_POINT('',(-4.1125,5.4125,2.8245));
#1617 = VECTOR('',#1618,1.);
#1618 = DIRECTION('',(0.,0.,1.));
#1619 = ORIENTED_EDGE('',*,*,#1620,.T.);
#1620 = EDGE_CURVE('',#1613,#1621,#1623,.T.);
#1621 = VERTEX_POINT('',#1622);
#1622 = CARTESIAN_POINT('',(-1.45,5.4125,4.0995));
#1623 = LINE('',#1624,#1625);
#1624 = CARTESIAN_POINT('',(-4.1125,5.4125,4.0995));
#1625 = VECTOR('',#1626,1.);
#1626 = DIRECTION('',(1.,1.249318835986E-16,0.));
#1627 = ORIENTED_EDGE('',*,*,#1628,.T.);
#1628 = EDGE_CURVE('',#1621,#1629,#1631,.T.);
#1629 = VERTEX_POINT('',#1630);
#1630 = CARTESIAN_POINT('',(-1.3,5.4125,4.0995));
#1631 = LINE('',#1632,#1633);
#1632 = CARTESIAN_POINT('',(-4.1125,5.4125,4.0995));
#1633 = VECTOR('',#1634,1.);
#1634 = DIRECTION('',(1.,1.249318835986E-16,0.));
#1635 = ORIENTED_EDGE('',*,*,#1636,.T.);
#1636 = EDGE_CURVE('',#1629,#1637,#1639,.T.);
#1637 = VERTEX_POINT('',#1638);
#1638 = CARTESIAN_POINT('',(-1.2,5.4125,4.1995));
#1639 = CIRCLE('',#1640,1.E-01);
#1640 = AXIS2_PLACEMENT_3D('',#1641,#1642,#1643);
#1641 = CARTESIAN_POINT('',(-1.3,5.4125,4.1995));
#1642 = DIRECTION('',(1.249318835986E-16,-1.,0.));
#1643 = DIRECTION('',(0.,-0.,-1.));
#1644 = ORIENTED_EDGE('',*,*,#1645,.F.);
#1645 = EDGE_CURVE('',#1646,#1637,#1648,.T.);
#1646 = VERTEX_POINT('',#1647);
#1647 = CARTESIAN_POINT('',(-1.2,5.4125,4.4995));
#1648 = LINE('',#1649,#1650);
#1649 = CARTESIAN_POINT('',(-1.2,5.4125,4.4995));
#1650 = VECTOR('',#1651,1.);
#1651 = DIRECTION('',(0.,-0.,-1.));
#1652 = ORIENTED_EDGE('',*,*,#1653,.T.);
#1653 = EDGE_CURVE('',#1646,#1654,#1656,.T.);
#1654 = VERTEX_POINT('',#1655);
#1655 = CARTESIAN_POINT('',(1.2,5.4125,4.4995));
#1656 = LINE('',#1657,#1658);
#1657 = CARTESIAN_POINT('',(-1.2,5.4125,4.4995));
#1658 = VECTOR('',#1659,1.);
#1659 = DIRECTION('',(1.,1.249318835986E-16,0.));
#1660 = ORIENTED_EDGE('',*,*,#1661,.T.);
#1661 = EDGE_CURVE('',#1654,#1662,#1664,.T.);
#1662 = VERTEX_POINT('',#1663);
#1663 = CARTESIAN_POINT('',(1.2,5.4125,4.1995));
#1664 = LINE('',#1665,#1666);
#1665 = CARTESIAN_POINT('',(1.2,5.4125,4.4995));
#1666 = VECTOR('',#1667,1.);
#1667 = DIRECTION('',(0.,-0.,-1.));
#1668 = ORIENTED_EDGE('',*,*,#1669,.T.);
#1669 = EDGE_CURVE('',#1662,#1670,#1672,.T.);
#1670 = VERTEX_POINT('',#1671);
#1671 = CARTESIAN_POINT('',(1.3,5.4125,4.0995));
#1672 = CIRCLE('',#1673,1.E-01);
#1673 = AXIS2_PLACEMENT_3D('',#1674,#1675,#1676);
#1674 = CARTESIAN_POINT('',(1.3,5.4125,4.1995));
#1675 = DIRECTION('',(1.249318835986E-16,-1.,0.));
#1676 = DIRECTION('',(0.,-0.,-1.));
#1677 = ORIENTED_EDGE('',*,*,#1678,.T.);
#1678 = EDGE_CURVE('',#1670,#1679,#1681,.T.);
#1679 = VERTEX_POINT('',#1680);
#1680 = CARTESIAN_POINT('',(1.45,5.4125,4.0995));
#1681 = LINE('',#1682,#1683);
#1682 = CARTESIAN_POINT('',(-4.1125,5.4125,4.0995));
#1683 = VECTOR('',#1684,1.);
#1684 = DIRECTION('',(1.,1.249318835986E-16,0.));
#1685 = ORIENTED_EDGE('',*,*,#1686,.T.);
#1686 = EDGE_CURVE('',#1679,#1687,#1689,.T.);
#1687 = VERTEX_POINT('',#1688);
#1688 = CARTESIAN_POINT('',(4.1125,5.4125,4.0995));
#1689 = LINE('',#1690,#1691);
#1690 = CARTESIAN_POINT('',(-4.1125,5.4125,4.0995));
#1691 = VECTOR('',#1692,1.);
#1692 = DIRECTION('',(1.,1.249318835986E-16,0.));
#1693 = ORIENTED_EDGE('',*,*,#1694,.F.);
#1694 = EDGE_CURVE('',#1695,#1687,#1697,.T.);
#1695 = VERTEX_POINT('',#1696);
#1696 = CARTESIAN_POINT('',(4.1125,5.4125,2.8245));
#1697 = LINE('',#1698,#1699);
#1698 = CARTESIAN_POINT('',(4.1125,5.4125,2.8245));
#1699 = VECTOR('',#1700,1.);
#1700 = DIRECTION('',(0.,0.,1.));
#1701 = ORIENTED_EDGE('',*,*,#1702,.F.);
#1702 = EDGE_CURVE('',#1201,#1695,#1703,.T.);
#1703 = LINE('',#1704,#1705);
#1704 = CARTESIAN_POINT('',(-4.1125,5.4125,2.8245));
#1705 = VECTOR('',#1706,1.);
#1706 = DIRECTION('',(1.,1.249318835986E-16,0.));
#1707 = ORIENTED_EDGE('',*,*,#1226,.T.);
#1708 = PLANE('',#1709);
#1709 = AXIS2_PLACEMENT_3D('',#1710,#1711,#1712);
#1710 = CARTESIAN_POINT('',(-4.1125,5.4125,2.8245));
#1711 = DIRECTION('',(1.249318835986E-16,-1.,0.));
#1712 = DIRECTION('',(0.,-0.,-1.));
#1713 = ADVANCED_FACE('',(#1714),#1732,.F.);
#1714 = FACE_BOUND('',#1715,.F.);
#1715 = EDGE_LOOP('',(#1716,#1723,#1724,#1731));
#1716 = ORIENTED_EDGE('',*,*,#1717,.F.);
#1717 = EDGE_CURVE('',#900,#908,#1718,.T.);
#1718 = CIRCLE('',#1719,0.4125);
#1719 = AXIS2_PLACEMENT_3D('',#1720,#1721,#1722);
#1720 = CARTESIAN_POINT('',(-5.1,4.65,4.0495));
#1721 = DIRECTION('',(-1.529923784499E-32,1.224606353822E-16,-1.));
#1722 = DIRECTION('',(-3.037693553488E-16,1.,1.224606353822E-16));
#1723 = ORIENTED_EDGE('',*,*,#897,.F.);
#1724 = ORIENTED_EDGE('',*,*,#1725,.T.);
#1725 = EDGE_CURVE('',#898,#917,#1726,.T.);
#1726 = CIRCLE('',#1727,0.4125);
#1727 = AXIS2_PLACEMENT_3D('',#1728,#1729,#1730);
#1728 = CARTESIAN_POINT('',(-5.1,4.65,4.0995));
#1729 = DIRECTION('',(-0.,0.,-1.));
#1730 = DIRECTION('',(-3.037693553488E-16,1.,0.));
#1731 = ORIENTED_EDGE('',*,*,#916,.T.);
#1732 = CYLINDRICAL_SURFACE('',#1733,0.4125);
#1733 = AXIS2_PLACEMENT_3D('',#1734,#1735,#1736);
#1734 = CARTESIAN_POINT('',(-5.1,4.65,4.0995));
#1735 = DIRECTION('',(0.,-0.,-1.));
#1736 = DIRECTION('',(-3.037693553488E-16,1.,0.));
#1737 = ADVANCED_FACE('',(#1738),#1756,.F.);
#1738 = FACE_BOUND('',#1739,.F.);
#1739 = EDGE_LOOP('',(#1740,#1747,#1748,#1755));
#1740 = ORIENTED_EDGE('',*,*,#1741,.F.);
#1741 = EDGE_CURVE('',#858,#866,#1742,.T.);
#1742 = CIRCLE('',#1743,0.4125);
#1743 = AXIS2_PLACEMENT_3D('',#1744,#1745,#1746);
#1744 = CARTESIAN_POINT('',(5.1,-4.65,4.0495));
#1745 = DIRECTION('',(-1.529923784499E-32,1.224606353822E-16,-1.));
#1746 = DIRECTION('',(-3.037693553488E-16,1.,1.224606353822E-16));
#1747 = ORIENTED_EDGE('',*,*,#855,.F.);
#1748 = ORIENTED_EDGE('',*,*,#1749,.T.);
#1749 = EDGE_CURVE('',#856,#875,#1750,.T.);
#1750 = CIRCLE('',#1751,0.4125);
#1751 = AXIS2_PLACEMENT_3D('',#1752,#1753,#1754);
#1752 = CARTESIAN_POINT('',(5.1,-4.65,4.0995));
#1753 = DIRECTION('',(-0.,0.,-1.));
#1754 = DIRECTION('',(-3.037693553488E-16,1.,0.));
#1755 = ORIENTED_EDGE('',*,*,#874,.T.);
#1756 = CYLINDRICAL_SURFACE('',#1757,0.4125);
#1757 = AXIS2_PLACEMENT_3D('',#1758,#1759,#1760);
#1758 = CARTESIAN_POINT('',(5.1,-4.65,4.0995));
#1759 = DIRECTION('',(0.,-0.,-1.));
#1760 = DIRECTION('',(-3.037693553488E-16,1.,0.));
#1761 = ADVANCED_FACE('',(#1762),#1796,.T.);
#1762 = FACE_BOUND('',#1763,.T.);
#1763 = EDGE_LOOP('',(#1764,#1774,#1782,#1790));
#1764 = ORIENTED_EDGE('',*,*,#1765,.F.);
#1765 = EDGE_CURVE('',#1766,#1768,#1770,.T.);
#1766 = VERTEX_POINT('',#1767);
#1767 = CARTESIAN_POINT('',(4.075,3.421238898038,0.686708698275));
#1768 = VERTEX_POINT('',#1769);
#1769 = CARTESIAN_POINT('',(4.475000000007,3.821238898038,0.667845177124
    ));
#1770 = LINE('',#1771,#1772);
#1771 = CARTESIAN_POINT('',(-2.497204107003E+05,-2.497210644614E+05,
    1.177739450352E+04));
#1772 = VECTOR('',#1773,1.);
#1773 = DIRECTION('',(0.70671396575,0.70671396575,-3.332778460158E-02));
#1774 = ORIENTED_EDGE('',*,*,#1775,.T.);
#1775 = EDGE_CURVE('',#1766,#1776,#1778,.T.);
#1776 = VERTEX_POINT('',#1777);
#1777 = CARTESIAN_POINT('',(4.075,3.421238898038,0.2995));
#1778 = LINE('',#1779,#1780);
#1779 = CARTESIAN_POINT('',(4.075,3.421238898039,21.921422627321));
#1780 = VECTOR('',#1781,1.);
#1781 = DIRECTION('',(1.037853504423E-15,-3.491481338843E-15,-1.));
#1782 = ORIENTED_EDGE('',*,*,#1783,.F.);
#1783 = EDGE_CURVE('',#1784,#1776,#1786,.T.);
#1784 = VERTEX_POINT('',#1785);
#1785 = CARTESIAN_POINT('',(4.475,3.821238898038,0.2995));
#1786 = LINE('',#1787,#1788);
#1787 = CARTESIAN_POINT('',(4.075,3.421238898038,0.2995));
#1788 = VECTOR('',#1789,1.);
#1789 = DIRECTION('',(-0.707106781187,-0.707106781187,1.846489128712E-15
    ));
#1790 = ORIENTED_EDGE('',*,*,#1791,.F.);
#1791 = EDGE_CURVE('',#1768,#1784,#1792,.T.);
#1792 = LINE('',#1793,#1794);
#1793 = CARTESIAN_POINT('',(4.475,3.821238898039,21.921422627321));
#1794 = VECTOR('',#1795,1.);
#1795 = DIRECTION('',(1.037853504423E-15,-3.491481338843E-15,-1.));
#1796 = PLANE('',#1797);
#1797 = AXIS2_PLACEMENT_3D('',#1798,#1799,#1800);
#1798 = CARTESIAN_POINT('',(4.075,3.421238898039,21.921422627321));
#1799 = DIRECTION('',(0.707106781187,-0.707106781187,3.202723381938E-15)
  );
#1800 = DIRECTION('',(0.707106781187,0.707106781187,-1.691679077414E-15)
  );
#1801 = ADVANCED_FACE('',(#1802),#1827,.T.);
#1802 = FACE_BOUND('',#1803,.T.);
#1803 = EDGE_LOOP('',(#1804,#1812,#1820,#1826));
#1804 = ORIENTED_EDGE('',*,*,#1805,.F.);
#1805 = EDGE_CURVE('',#1806,#1766,#1808,.T.);
#1806 = VERTEX_POINT('',#1807);
#1807 = CARTESIAN_POINT('',(3.87499999994,3.421238898062,0.686708698269)
  );
#1808 = LINE('',#1809,#1810);
#1809 = CARTESIAN_POINT('',(-5.E+05,3.421238898416,0.686708698302));
#1810 = VECTOR('',#1811,1.);
#1811 = DIRECTION('',(1.,-7.552194866451E-16,-5.473721202894E-17));
#1812 = ORIENTED_EDGE('',*,*,#1813,.T.);
#1813 = EDGE_CURVE('',#1806,#1814,#1816,.T.);
#1814 = VERTEX_POINT('',#1815);
#1815 = CARTESIAN_POINT('',(3.875,3.421238898038,0.2995));
#1816 = LINE('',#1817,#1818);
#1817 = CARTESIAN_POINT('',(3.875,3.421238898039,21.921422627321));
#1818 = VECTOR('',#1819,1.);
#1819 = DIRECTION('',(1.037853504423E-15,-3.491481338843E-15,-1.));
#1820 = ORIENTED_EDGE('',*,*,#1821,.F.);
#1821 = EDGE_CURVE('',#1776,#1814,#1822,.T.);
#1822 = LINE('',#1823,#1824);
#1823 = CARTESIAN_POINT('',(3.875,3.421238898038,0.2995));
#1824 = VECTOR('',#1825,1.);
#1825 = DIRECTION('',(-1.,7.552194866451E-16,-8.801513702438E-16));
#1826 = ORIENTED_EDGE('',*,*,#1775,.F.);
#1827 = PLANE('',#1828);
#1828 = AXIS2_PLACEMENT_3D('',#1829,#1830,#1831);
#1829 = CARTESIAN_POINT('',(3.875,3.421238898039,21.921422627321));
#1830 = DIRECTION('',(-7.552194866451E-16,-1.,3.491481338843E-15));
#1831 = DIRECTION('',(1.,-7.552194866451E-16,1.037853504423E-15));
#1832 = ADVANCED_FACE('',(#1833),#1858,.T.);
#1833 = FACE_BOUND('',#1834,.T.);
#1834 = EDGE_LOOP('',(#1835,#1843,#1851,#1857));
#1835 = ORIENTED_EDGE('',*,*,#1836,.F.);
#1836 = EDGE_CURVE('',#1837,#1806,#1839,.T.);
#1837 = VERTEX_POINT('',#1838);
#1838 = CARTESIAN_POINT('',(2.974999999996,4.321238898038,0.644265775685
    ));
#1839 = LINE('',#1840,#1841);
#1840 = CARTESIAN_POINT('',(-2.497202392712E+05,2.497275355101E+05,
    -1.177600356997E+04));
#1841 = VECTOR('',#1842,1.);
#1842 = DIRECTION('',(0.70671396575,-0.70671396575,3.332778460158E-02));
#1843 = ORIENTED_EDGE('',*,*,#1844,.T.);
#1844 = EDGE_CURVE('',#1837,#1845,#1847,.T.);
#1845 = VERTEX_POINT('',#1846);
#1846 = CARTESIAN_POINT('',(2.975,4.321238898038,0.2995));
#1847 = LINE('',#1848,#1849);
#1848 = CARTESIAN_POINT('',(2.975,4.321238898039,21.921422627321));
#1849 = VECTOR('',#1850,1.);
#1850 = DIRECTION('',(1.037853504423E-15,-3.491481338843E-15,-1.));
#1851 = ORIENTED_EDGE('',*,*,#1852,.F.);
#1852 = EDGE_CURVE('',#1814,#1845,#1853,.T.);
#1853 = LINE('',#1854,#1855);
#1854 = CARTESIAN_POINT('',(2.975,4.321238898038,0.2995));
#1855 = VECTOR('',#1856,1.);
#1856 = DIRECTION('',(-0.707106781187,0.707106781187,-3.091211133452E-15
    ));
#1857 = ORIENTED_EDGE('',*,*,#1813,.F.);
#1858 = PLANE('',#1859);
#1859 = AXIS2_PLACEMENT_3D('',#1860,#1861,#1862);
#1860 = CARTESIAN_POINT('',(2.975,4.321238898039,21.921422627321));
#1861 = DIRECTION('',(-0.707106781187,-0.707106781187,1.734976880226E-15
    ));
#1862 = DIRECTION('',(0.707106781187,-0.707106781187,3.159425579127E-15)
  );
#1863 = ADVANCED_FACE('',(#1864),#1909,.F.);
#1864 = FACE_BOUND('',#1865,.T.);
#1865 = EDGE_LOOP('',(#1866,#1876,#1884,#1893,#1902));
#1866 = ORIENTED_EDGE('',*,*,#1867,.F.);
#1867 = EDGE_CURVE('',#1868,#1870,#1872,.T.);
#1868 = VERTEX_POINT('',#1869);
#1869 = CARTESIAN_POINT('',(4.475000000014,5.35,0.674287543885));
#1870 = VERTEX_POINT('',#1871);
#1871 = CARTESIAN_POINT('',(4.475,5.379735873504,0.70402341739));
#1872 = LINE('',#1873,#1874);
#1873 = CARTESIAN_POINT('',(4.475000000014,5.27500000051,0.599287544396)
  );
#1874 = VECTOR('',#1875,1.);
#1875 = DIRECTION('',(-8.834018207901E-17,0.707106781187,0.707106781187)
  );
#1876 = ORIENTED_EDGE('',*,*,#1877,.T.);
#1877 = EDGE_CURVE('',#1868,#1878,#1880,.T.);
#1878 = VERTEX_POINT('',#1879);
#1879 = CARTESIAN_POINT('',(4.475,5.35,0.2995));
#1880 = LINE('',#1881,#1882);
#1881 = CARTESIAN_POINT('',(4.475,5.35,21.921422627321));
#1882 = VECTOR('',#1883,1.);
#1883 = DIRECTION('',(1.037853504423E-15,-3.552713678801E-15,-1.));
#1884 = ORIENTED_EDGE('',*,*,#1885,.T.);
#1885 = EDGE_CURVE('',#1878,#1886,#1888,.T.);
#1886 = VERTEX_POINT('',#1887);
#1887 = CARTESIAN_POINT('',(4.475,5.628996692204,0.38457730149));
#1888 = CIRCLE('',#1889,0.5);
#1889 = AXIS2_PLACEMENT_3D('',#1890,#1891,#1892);
#1890 = CARTESIAN_POINT('',(4.475,5.35,0.7995));
#1891 = DIRECTION('',(1.,1.249318835986E-16,-3.459511681412E-16));
#1892 = DIRECTION('',(-3.459511681412E-16,-4.322033106903E-32,-1.));
#1893 = ORIENTED_EDGE('',*,*,#1894,.T.);
#1894 = EDGE_CURVE('',#1886,#1895,#1897,.T.);
#1895 = VERTEX_POINT('',#1896);
#1896 = CARTESIAN_POINT('',(4.475,5.405799338441,0.716515460298));
#1897 = B_SPLINE_CURVE_WITH_KNOTS('',3,(#1898,#1899,#1900,#1901),
  .UNSPECIFIED.,.F.,.F.,(4,4),(0.,1.),.PIECEWISE_BEZIER_KNOTS.);
#1898 = CARTESIAN_POINT('',(4.475,5.628996692204,0.38457730149));
#1899 = CARTESIAN_POINT('',(4.475,5.554597574283,0.495223354426));
#1900 = CARTESIAN_POINT('',(4.475,5.480198456362,0.605869407362));
#1901 = CARTESIAN_POINT('',(4.475,5.405799338441,0.716515460298));
#1902 = ORIENTED_EDGE('',*,*,#1903,.F.);
#1903 = EDGE_CURVE('',#1870,#1895,#1904,.T.);
#1904 = CIRCLE('',#1905,1.E-01);
#1905 = AXIS2_PLACEMENT_3D('',#1906,#1907,#1908);
#1906 = CARTESIAN_POINT('',(4.475,5.35,0.7995));
#1907 = DIRECTION('',(1.,1.249318835986E-16,-0.));
#1908 = DIRECTION('',(0.,0.,1.));
#1909 = PLANE('',#1910);
#1910 = AXIS2_PLACEMENT_3D('',#1911,#1912,#1913);
#1911 = CARTESIAN_POINT('',(4.475,5.35,0.7995));
#1912 = DIRECTION('',(-1.,-1.249318835986E-16,0.));
#1913 = DIRECTION('',(0.,0.,1.));
#1914 = ADVANCED_FACE('',(#1915),#1958,.F.);
#1915 = FACE_BOUND('',#1916,.T.);
#1916 = EDGE_LOOP('',(#1917,#1927,#1936,#1943,#1952));
#1917 = ORIENTED_EDGE('',*,*,#1918,.F.);
#1918 = EDGE_CURVE('',#1919,#1921,#1923,.T.);
#1919 = VERTEX_POINT('',#1920);
#1920 = CARTESIAN_POINT('',(2.975,5.379735873504,0.70402341739));
#1921 = VERTEX_POINT('',#1922);
#1922 = CARTESIAN_POINT('',(2.974999999996,5.35,0.674287543885));
#1923 = LINE('',#1924,#1925);
#1924 = CARTESIAN_POINT('',(2.974999999992,5.27500000051,0.599287544396)
  );
#1925 = VECTOR('',#1926,1.);
#1926 = DIRECTION('',(8.834018207901E-17,-0.707106781187,-0.707106781187
    ));
#1927 = ORIENTED_EDGE('',*,*,#1928,.F.);
#1928 = EDGE_CURVE('',#1929,#1919,#1931,.T.);
#1929 = VERTEX_POINT('',#1930);
#1930 = CARTESIAN_POINT('',(2.975,5.405799338441,0.716515460298));
#1931 = CIRCLE('',#1932,1.E-01);
#1932 = AXIS2_PLACEMENT_3D('',#1933,#1934,#1935);
#1933 = CARTESIAN_POINT('',(2.975,5.35,0.7995));
#1934 = DIRECTION('',(-1.,-1.249318835986E-16,0.));
#1935 = DIRECTION('',(0.,-0.,-1.));
#1936 = ORIENTED_EDGE('',*,*,#1937,.F.);
#1937 = EDGE_CURVE('',#1938,#1929,#1940,.T.);
#1938 = VERTEX_POINT('',#1939);
#1939 = CARTESIAN_POINT('',(2.975,5.628996692204,0.38457730149));
#1940 = B_SPLINE_CURVE_WITH_KNOTS('',1,(#1941,#1942),.UNSPECIFIED.,.F.,
  .F.,(2,2),(0.,1.),.PIECEWISE_BEZIER_KNOTS.);
#1941 = CARTESIAN_POINT('',(2.975,5.628996692204,0.38457730149));
#1942 = CARTESIAN_POINT('',(2.975,5.405799338441,0.716515460298));
#1943 = ORIENTED_EDGE('',*,*,#1944,.T.);
#1944 = EDGE_CURVE('',#1938,#1945,#1947,.T.);
#1945 = VERTEX_POINT('',#1946);
#1946 = CARTESIAN_POINT('',(2.975,5.35,0.2995));
#1947 = CIRCLE('',#1948,0.5);
#1948 = AXIS2_PLACEMENT_3D('',#1949,#1950,#1951);
#1949 = CARTESIAN_POINT('',(2.975,5.35,0.7995));
#1950 = DIRECTION('',(-1.,-1.249318835986E-16,3.459511681412E-16));
#1951 = DIRECTION('',(-3.459511681412E-16,2.22044604925E-13,-1.));
#1952 = ORIENTED_EDGE('',*,*,#1953,.T.);
#1953 = EDGE_CURVE('',#1945,#1921,#1954,.T.);
#1954 = LINE('',#1955,#1956);
#1955 = CARTESIAN_POINT('',(2.975,5.35,21.921422627321));
#1956 = VECTOR('',#1957,1.);
#1957 = DIRECTION('',(-1.037853504423E-15,3.552713678801E-15,1.));
#1958 = PLANE('',#1959);
#1959 = AXIS2_PLACEMENT_3D('',#1960,#1961,#1962);
#1960 = CARTESIAN_POINT('',(2.975,5.35,0.7995));
#1961 = DIRECTION('',(1.,1.249318835986E-16,0.));
#1962 = DIRECTION('',(0.,-0.,-1.));
#1963 = ADVANCED_FACE('',(#1964),#1998,.F.);
#1964 = FACE_BOUND('',#1965,.F.);
#1965 = EDGE_LOOP('',(#1966,#1967,#1976,#1984,#1991,#1992));
#1966 = ORIENTED_EDGE('',*,*,#1928,.F.);
#1967 = ORIENTED_EDGE('',*,*,#1968,.F.);
#1968 = EDGE_CURVE('',#1969,#1929,#1971,.T.);
#1969 = VERTEX_POINT('',#1970);
#1970 = CARTESIAN_POINT('',(3.098205080757,5.45,0.7995));
#1971 = B_SPLINE_CURVE_WITH_KNOTS('',3,(#1972,#1973,#1974,#1975),
  .UNSPECIFIED.,.F.,.F.,(4,4),(0.,1.),.PIECEWISE_BEZIER_KNOTS.);
#1972 = CARTESIAN_POINT('',(3.098205080757,5.45,0.7995));
#1973 = CARTESIAN_POINT('',(3.139524172658,5.45,0.764382048339));
#1974 = CARTESIAN_POINT('',(3.098455812406,5.430808736754,0.733331940641
    ));
#1975 = CARTESIAN_POINT('',(2.975,5.405799338441,0.716515460298));
#1976 = ORIENTED_EDGE('',*,*,#1977,.F.);
#1977 = EDGE_CURVE('',#1978,#1969,#1980,.T.);
#1978 = VERTEX_POINT('',#1979);
#1979 = CARTESIAN_POINT('',(4.351794919243,5.45,0.7995));
#1980 = LINE('',#1981,#1982);
#1981 = CARTESIAN_POINT('',(-4.525,5.45,0.7995));
#1982 = VECTOR('',#1983,1.);
#1983 = DIRECTION('',(-1.,-1.249318835986E-16,3.459511681412E-16));
#1984 = ORIENTED_EDGE('',*,*,#1985,.F.);
#1985 = EDGE_CURVE('',#1895,#1978,#1986,.T.);
#1986 = B_SPLINE_CURVE_WITH_KNOTS('',3,(#1987,#1988,#1989,#1990),
  .UNSPECIFIED.,.F.,.F.,(4,4),(0.,1.),.PIECEWISE_BEZIER_KNOTS.);
#1987 = CARTESIAN_POINT('',(4.475,5.405799338441,0.716515460298));
#1988 = CARTESIAN_POINT('',(4.433931639748,5.432875272867,0.73472149282)
  );
#1989 = CARTESIAN_POINT('',(4.392863279495,5.45,0.766872314743));
#1990 = CARTESIAN_POINT('',(4.351794919243,5.45,0.7995));
#1991 = ORIENTED_EDGE('',*,*,#1903,.F.);
#1992 = ORIENTED_EDGE('',*,*,#1993,.T.);
#1993 = EDGE_CURVE('',#1870,#1919,#1994,.T.);
#1994 = LINE('',#1995,#1996);
#1995 = CARTESIAN_POINT('',(2.102635645416,5.379735873504,0.70402341739)
  );
#1996 = VECTOR('',#1997,1.);
#1997 = DIRECTION('',(-1.,-1.249318835986E-16,3.459511681412E-16));
#1998 = CYLINDRICAL_SURFACE('',#1999,1.E-01);
#1999 = AXIS2_PLACEMENT_3D('',#2000,#2001,#2002);
#2000 = CARTESIAN_POINT('',(2.102635645416,5.35,0.7995));
#2001 = DIRECTION('',(1.,1.249318835986E-16,-3.459511681412E-16));
#2002 = DIRECTION('',(-3.459511681412E-16,-4.322033106903E-32,-1.));
#2003 = ADVANCED_FACE('',(#2004),#2028,.T.);
#2004 = FACE_BOUND('',#2005,.T.);
#2005 = EDGE_LOOP('',(#2006,#2014,#2020,#2021,#2027));
#2006 = ORIENTED_EDGE('',*,*,#2007,.F.);
#2007 = EDGE_CURVE('',#2008,#1837,#2010,.T.);
#2008 = VERTEX_POINT('',#2009);
#2009 = CARTESIAN_POINT('',(2.974999999992,5.275,0.599287543885));
#2010 = LINE('',#2011,#2012);
#2011 = CARTESIAN_POINT('',(2.974999999992,3.150000000913,0.699499999957
    ));
#2012 = VECTOR('',#2013,1.);
#2013 = DIRECTION('',(-8.507260842584E-17,-0.998889874962,
    4.710645070964E-02));
#2014 = ORIENTED_EDGE('',*,*,#2015,.F.);
#2015 = EDGE_CURVE('',#1921,#2008,#2016,.T.);
#2016 = LINE('',#2017,#2018);
#2017 = CARTESIAN_POINT('',(2.974999999992,5.275000000729,0.599287544615
    ));
#2018 = VECTOR('',#2019,1.);
#2019 = DIRECTION('',(7.082595622665E-16,-0.707106781187,-0.707106781187
    ));
#2020 = ORIENTED_EDGE('',*,*,#1953,.F.);
#2021 = ORIENTED_EDGE('',*,*,#2022,.F.);
#2022 = EDGE_CURVE('',#1845,#1945,#2023,.T.);
#2023 = LINE('',#2024,#2025);
#2024 = CARTESIAN_POINT('',(2.975,5.527589730728,0.2995));
#2025 = VECTOR('',#2026,1.);
#2026 = DIRECTION('',(3.62232257858E-17,1.,-3.491481338843E-15));
#2027 = ORIENTED_EDGE('',*,*,#1844,.F.);
#2028 = PLANE('',#2029);
#2029 = AXIS2_PLACEMENT_3D('',#2030,#2031,#2032);
#2030 = CARTESIAN_POINT('',(2.975,5.527589730728,21.921422627321));
#2031 = DIRECTION('',(-1.,3.622322578579E-17,-1.037853504423E-15));
#2032 = DIRECTION('',(-3.62232257858E-17,-1.,3.430248998886E-15));
#2033 = ADVANCED_FACE('',(#2034),#2058,.T.);
#2034 = FACE_BOUND('',#2035,.T.);
#2035 = EDGE_LOOP('',(#2036,#2044,#2045,#2051,#2052));
#2036 = ORIENTED_EDGE('',*,*,#2037,.F.);
#2037 = EDGE_CURVE('',#1768,#2038,#2040,.T.);
#2038 = VERTEX_POINT('',#2039);
#2039 = CARTESIAN_POINT('',(4.475000000014,5.275,0.599287543885));
#2040 = LINE('',#2041,#2042);
#2041 = CARTESIAN_POINT('',(4.475000000014,3.150000000047,0.699499999998
    ));
#2042 = VECTOR('',#2043,1.);
#2043 = DIRECTION('',(1.818769782476E-15,0.998889874962,
    -4.710645070964E-02));
#2044 = ORIENTED_EDGE('',*,*,#1791,.T.);
#2045 = ORIENTED_EDGE('',*,*,#2046,.F.);
#2046 = EDGE_CURVE('',#1878,#1784,#2047,.T.);
#2047 = LINE('',#2048,#2049);
#2048 = CARTESIAN_POINT('',(4.475,3.821238898038,0.2995));
#2049 = VECTOR('',#2050,1.);
#2050 = DIRECTION('',(-1.771847159421E-15,-1.,3.491481338843E-15));
#2051 = ORIENTED_EDGE('',*,*,#1877,.F.);
#2052 = ORIENTED_EDGE('',*,*,#2053,.F.);
#2053 = EDGE_CURVE('',#2038,#1868,#2054,.T.);
#2054 = LINE('',#2055,#2056);
#2055 = CARTESIAN_POINT('',(4.475000000014,5.275000000295,0.599287544181
    ));
#2056 = VECTOR('',#2057,1.);
#2057 = DIRECTION('',(5.190118907968E-16,0.707106781187,0.707106781187)
  );
#2058 = PLANE('',#2059);
#2059 = AXIS2_PLACEMENT_3D('',#2060,#2061,#2062);
#2060 = CARTESIAN_POINT('',(4.475,3.821238898039,21.921422627321));
#2061 = DIRECTION('',(1.,-1.771847159421E-15,1.037853504423E-15));
#2062 = DIRECTION('',(1.771847159421E-15,1.,-3.430248998886E-15));
#2063 = ADVANCED_FACE('',(#2064),#2098,.F.);
#2064 = FACE_BOUND('',#2065,.T.);
#2065 = EDGE_LOOP('',(#2066,#2076,#2084,#2092));
#2066 = ORIENTED_EDGE('',*,*,#2067,.F.);
#2067 = EDGE_CURVE('',#2068,#2070,#2072,.T.);
#2068 = VERTEX_POINT('',#2069);
#2069 = CARTESIAN_POINT('',(-4.475000000014,-3.821238898038,
    0.667845177124));
#2070 = VERTEX_POINT('',#2071);
#2071 = CARTESIAN_POINT('',(-4.475,-3.821238898038,0.2995));
#2072 = LINE('',#2073,#2074);
#2073 = CARTESIAN_POINT('',(-4.475,-3.821238898039,21.921422627321));
#2074 = VECTOR('',#2075,1.);
#2075 = DIRECTION('',(-3.459511681412E-16,3.491481338843E-15,-1.));
#2076 = ORIENTED_EDGE('',*,*,#2077,.T.);
#2077 = EDGE_CURVE('',#2068,#2078,#2080,.T.);
#2078 = VERTEX_POINT('',#2079);
#2079 = CARTESIAN_POINT('',(-4.075000000057,-3.421238898028,
    0.686708698273));
#2080 = LINE('',#2081,#2082);
#2081 = CARTESIAN_POINT('',(2.497204107003E+05,2.497210644614E+05,
    1.177739450352E+04));
#2082 = VECTOR('',#2083,1.);
#2083 = DIRECTION('',(0.70671396575,0.70671396575,3.332778460158E-02));
#2084 = ORIENTED_EDGE('',*,*,#2085,.T.);
#2085 = EDGE_CURVE('',#2078,#2086,#2088,.T.);
#2086 = VERTEX_POINT('',#2087);
#2087 = CARTESIAN_POINT('',(-4.075,-3.421238898038,0.2995));
#2088 = LINE('',#2089,#2090);
#2089 = CARTESIAN_POINT('',(-4.075,-3.421238898039,21.921422627321));
#2090 = VECTOR('',#2091,1.);
#2091 = DIRECTION('',(-3.459511681412E-16,3.491481338843E-15,-1.));
#2092 = ORIENTED_EDGE('',*,*,#2093,.T.);
#2093 = EDGE_CURVE('',#2086,#2070,#2094,.T.);
#2094 = LINE('',#2095,#2096);
#2095 = CARTESIAN_POINT('',(-4.475,-3.821238898038,0.2995));
#2096 = VECTOR('',#2097,1.);
#2097 = DIRECTION('',(-0.707106781187,-0.707106781187,
    -2.112713465644E-15));
#2098 = PLANE('',#2099);
#2099 = AXIS2_PLACEMENT_3D('',#2100,#2101,#2102);
#2100 = CARTESIAN_POINT('',(-4.475,-3.821238898039,21.921422627321));
#2101 = DIRECTION('',(0.707106781187,-0.707106781187,-2.713474548034E-15
    ));
#2102 = DIRECTION('',(0.707106781187,0.707106781187,2.180927911318E-15)
  );
#2103 = ADVANCED_FACE('',(#2104),#2129,.F.);
#2104 = FACE_BOUND('',#2105,.T.);
#2105 = EDGE_LOOP('',(#2106,#2107,#2115,#2123));
#2106 = ORIENTED_EDGE('',*,*,#2085,.F.);
#2107 = ORIENTED_EDGE('',*,*,#2108,.T.);
#2108 = EDGE_CURVE('',#2078,#2109,#2111,.T.);
#2109 = VERTEX_POINT('',#2110);
#2110 = CARTESIAN_POINT('',(-3.874999999994,-3.421238898038,
    0.686708698275));
#2111 = LINE('',#2112,#2113);
#2112 = CARTESIAN_POINT('',(5.E+05,-3.421238898228,0.686708698311));
#2113 = VECTOR('',#2114,1.);
#2114 = DIRECTION('',(1.,-3.787214187222E-16,7.249241019787E-17));
#2115 = ORIENTED_EDGE('',*,*,#2116,.T.);
#2116 = EDGE_CURVE('',#2109,#2117,#2119,.T.);
#2117 = VERTEX_POINT('',#2118);
#2118 = CARTESIAN_POINT('',(-3.875,-3.421238898038,0.2995));
#2119 = LINE('',#2120,#2121);
#2120 = CARTESIAN_POINT('',(-3.875,-3.421238898039,21.921422627321));
#2121 = VECTOR('',#2122,1.);
#2122 = DIRECTION('',(-3.459511681412E-16,3.491481338843E-15,-1.));
#2123 = ORIENTED_EDGE('',*,*,#2124,.T.);
#2124 = EDGE_CURVE('',#2117,#2086,#2125,.T.);
#2125 = LINE('',#2126,#2127);
#2126 = CARTESIAN_POINT('',(-4.075,-3.421238898038,0.2995));
#2127 = VECTOR('',#2128,1.);
#2128 = DIRECTION('',(-1.,3.787214187222E-16,5.036533023209E-16));
#2129 = PLANE('',#2130);
#2130 = AXIS2_PLACEMENT_3D('',#2131,#2132,#2133);
#2131 = CARTESIAN_POINT('',(-4.075,-3.421238898039,21.921422627321));
#2132 = DIRECTION('',(-3.787214187222E-16,-1.,-3.491481338843E-15));
#2133 = DIRECTION('',(1.,-3.787214187222E-16,-3.459511681412E-16));
#2134 = ADVANCED_FACE('',(#2135),#2160,.F.);
#2135 = FACE_BOUND('',#2136,.T.);
#2136 = EDGE_LOOP('',(#2137,#2138,#2146,#2154));
#2137 = ORIENTED_EDGE('',*,*,#2116,.F.);
#2138 = ORIENTED_EDGE('',*,*,#2139,.T.);
#2139 = EDGE_CURVE('',#2109,#2140,#2142,.T.);
#2140 = VERTEX_POINT('',#2141);
#2141 = CARTESIAN_POINT('',(-2.975000000021,-4.321238897973,
    0.644265775687));
#2142 = LINE('',#2143,#2144);
#2143 = CARTESIAN_POINT('',(2.497202392712E+05,-2.497275355101E+05,
    -1.177600356997E+04));
#2144 = VECTOR('',#2145,1.);
#2145 = DIRECTION('',(0.70671396575,-0.70671396575,-3.332778460158E-02)
  );
#2146 = ORIENTED_EDGE('',*,*,#2147,.T.);
#2147 = EDGE_CURVE('',#2140,#2148,#2150,.T.);
#2148 = VERTEX_POINT('',#2149);
#2149 = CARTESIAN_POINT('',(-2.975,-4.321238898038,0.2995));
#2150 = LINE('',#2151,#2152);
#2151 = CARTESIAN_POINT('',(-2.975,-4.321238898039,21.921422627321));
#2152 = VECTOR('',#2153,1.);
#2153 = DIRECTION('',(-3.459511681412E-16,3.491481338843E-15,-1.));
#2154 = ORIENTED_EDGE('',*,*,#2155,.T.);
#2155 = EDGE_CURVE('',#2148,#2117,#2156,.T.);
#2156 = LINE('',#2157,#2158);
#2157 = CARTESIAN_POINT('',(-3.875,-3.421238898038,0.2995));
#2158 = VECTOR('',#2159,1.);
#2159 = DIRECTION('',(-0.707106781187,0.707106781187,2.82498679652E-15)
  );
#2160 = PLANE('',#2161);
#2161 = AXIS2_PLACEMENT_3D('',#2162,#2163,#2164);
#2162 = CARTESIAN_POINT('',(-3.875,-3.421238898039,21.921422627321));
#2163 = DIRECTION('',(-0.707106781187,-0.707106781187,-2.22422571413E-15
    ));
#2164 = DIRECTION('',(0.707106781187,-0.707106781187,-2.670176745223E-15
    ));
#2165 = ADVANCED_FACE('',(#2166),#2209,.F.);
#2166 = FACE_BOUND('',#2167,.T.);
#2167 = EDGE_LOOP('',(#2168,#2178,#2187,#2194,#2203));
#2168 = ORIENTED_EDGE('',*,*,#2169,.F.);
#2169 = EDGE_CURVE('',#2170,#2172,#2174,.T.);
#2170 = VERTEX_POINT('',#2171);
#2171 = CARTESIAN_POINT('',(-2.975,-5.379735873504,0.70402341739));
#2172 = VERTEX_POINT('',#2173);
#2173 = CARTESIAN_POINT('',(-2.974999999996,-5.35,0.674287543885));
#2174 = LINE('',#2175,#2176);
#2175 = CARTESIAN_POINT('',(-2.974999999992,-5.27500000051,
    0.599287544396));
#2176 = VECTOR('',#2177,1.);
#2177 = DIRECTION('',(-8.834018207901E-17,0.707106781187,-0.707106781187
    ));
#2178 = ORIENTED_EDGE('',*,*,#2179,.F.);
#2179 = EDGE_CURVE('',#2180,#2170,#2182,.T.);
#2180 = VERTEX_POINT('',#2181);
#2181 = CARTESIAN_POINT('',(-2.975,-5.405799338441,0.716515460298));
#2182 = CIRCLE('',#2183,1.E-01);
#2183 = AXIS2_PLACEMENT_3D('',#2184,#2185,#2186);
#2184 = CARTESIAN_POINT('',(-2.975,-5.35,0.7995));
#2185 = DIRECTION('',(1.,1.249318835986E-16,0.));
#2186 = DIRECTION('',(0.,-0.,-1.));
#2187 = ORIENTED_EDGE('',*,*,#2188,.F.);
#2188 = EDGE_CURVE('',#2189,#2180,#2191,.T.);
#2189 = VERTEX_POINT('',#2190);
#2190 = CARTESIAN_POINT('',(-2.975,-5.628996692204,0.38457730149));
#2191 = B_SPLINE_CURVE_WITH_KNOTS('',1,(#2192,#2193),.UNSPECIFIED.,.F.,
  .F.,(2,2),(0.,1.),.PIECEWISE_BEZIER_KNOTS.);
#2192 = CARTESIAN_POINT('',(-2.975,-5.628996692204,0.38457730149));
#2193 = CARTESIAN_POINT('',(-2.975,-5.405799338441,0.716515460298));
#2194 = ORIENTED_EDGE('',*,*,#2195,.T.);
#2195 = EDGE_CURVE('',#2189,#2196,#2198,.T.);
#2196 = VERTEX_POINT('',#2197);
#2197 = CARTESIAN_POINT('',(-2.975,-5.35,0.2995));
#2198 = CIRCLE('',#2199,0.5);
#2199 = AXIS2_PLACEMENT_3D('',#2200,#2201,#2202);
#2200 = CARTESIAN_POINT('',(-2.975,-5.35,0.7995));
#2201 = DIRECTION('',(1.,1.249318835986E-16,1.037853504423E-15));
#2202 = DIRECTION('',(-1.037853504423E-15,5.20417042793E-15,1.));
#2203 = ORIENTED_EDGE('',*,*,#2204,.T.);
#2204 = EDGE_CURVE('',#2196,#2172,#2205,.T.);
#2205 = LINE('',#2206,#2207);
#2206 = CARTESIAN_POINT('',(-2.975,-5.35,21.921422627321));
#2207 = VECTOR('',#2208,1.);
#2208 = DIRECTION('',(3.459511681412E-16,-3.552713678801E-15,1.));
#2209 = PLANE('',#2210);
#2210 = AXIS2_PLACEMENT_3D('',#2211,#2212,#2213);
#2211 = CARTESIAN_POINT('',(-2.975,-5.35,0.7995));
#2212 = DIRECTION('',(-1.,-1.249318835986E-16,0.));
#2213 = DIRECTION('',(0.,0.,1.));
#2214 = ADVANCED_FACE('',(#2215),#2260,.F.);
#2215 = FACE_BOUND('',#2216,.T.);
#2216 = EDGE_LOOP('',(#2217,#2227,#2235,#2244,#2253));
#2217 = ORIENTED_EDGE('',*,*,#2218,.F.);
#2218 = EDGE_CURVE('',#2219,#2221,#2223,.T.);
#2219 = VERTEX_POINT('',#2220);
#2220 = CARTESIAN_POINT('',(-4.475000000014,-5.35,0.674287543885));
#2221 = VERTEX_POINT('',#2222);
#2222 = CARTESIAN_POINT('',(-4.475,-5.379735873504,0.70402341739));
#2223 = LINE('',#2224,#2225);
#2224 = CARTESIAN_POINT('',(-4.475000000014,-5.27500000051,
    0.599287544396));
#2225 = VECTOR('',#2226,1.);
#2226 = DIRECTION('',(8.834018207901E-17,-0.707106781187,0.707106781187)
  );
#2227 = ORIENTED_EDGE('',*,*,#2228,.T.);
#2228 = EDGE_CURVE('',#2219,#2229,#2231,.T.);
#2229 = VERTEX_POINT('',#2230);
#2230 = CARTESIAN_POINT('',(-4.475,-5.35,0.2995));
#2231 = LINE('',#2232,#2233);
#2232 = CARTESIAN_POINT('',(-4.475,-5.35,21.921422627321));
#2233 = VECTOR('',#2234,1.);
#2234 = DIRECTION('',(-3.459511681412E-16,3.552713678801E-15,-1.));
#2235 = ORIENTED_EDGE('',*,*,#2236,.T.);
#2236 = EDGE_CURVE('',#2229,#2237,#2239,.T.);
#2237 = VERTEX_POINT('',#2238);
#2238 = CARTESIAN_POINT('',(-4.475,-5.628996692204,0.38457730149));
#2239 = CIRCLE('',#2240,0.5);
#2240 = AXIS2_PLACEMENT_3D('',#2241,#2242,#2243);
#2241 = CARTESIAN_POINT('',(-4.475,-5.35,0.7995));
#2242 = DIRECTION('',(-1.,-1.249318835986E-16,-1.037853504423E-15));
#2243 = DIRECTION('',(-1.037853504423E-15,-4.398945538365E-31,1.));
#2244 = ORIENTED_EDGE('',*,*,#2245,.T.);
#2245 = EDGE_CURVE('',#2237,#2246,#2248,.T.);
#2246 = VERTEX_POINT('',#2247);
#2247 = CARTESIAN_POINT('',(-4.475,-5.405799338441,0.716515460298));
#2248 = B_SPLINE_CURVE_WITH_KNOTS('',3,(#2249,#2250,#2251,#2252),
  .UNSPECIFIED.,.F.,.F.,(4,4),(0.,1.),.PIECEWISE_BEZIER_KNOTS.);
#2249 = CARTESIAN_POINT('',(-4.475,-5.628996692204,0.38457730149));
#2250 = CARTESIAN_POINT('',(-4.475,-5.554597574283,0.495223354426));
#2251 = CARTESIAN_POINT('',(-4.475,-5.480198456362,0.605869407362));
#2252 = CARTESIAN_POINT('',(-4.475,-5.405799338441,0.716515460298));
#2253 = ORIENTED_EDGE('',*,*,#2254,.F.);
#2254 = EDGE_CURVE('',#2221,#2246,#2255,.T.);
#2255 = CIRCLE('',#2256,1.E-01);
#2256 = AXIS2_PLACEMENT_3D('',#2257,#2258,#2259);
#2257 = CARTESIAN_POINT('',(-4.475,-5.35,0.7995));
#2258 = DIRECTION('',(-1.,-1.249318835986E-16,0.));
#2259 = DIRECTION('',(0.,0.,1.));
#2260 = PLANE('',#2261);
#2261 = AXIS2_PLACEMENT_3D('',#2262,#2263,#2264);
#2262 = CARTESIAN_POINT('',(-4.475,-5.35,0.7995));
#2263 = DIRECTION('',(1.,1.249318835986E-16,0.));
#2264 = DIRECTION('',(0.,-0.,-1.));
#2265 = ADVANCED_FACE('',(#2266),#2300,.F.);
#2266 = FACE_BOUND('',#2267,.F.);
#2267 = EDGE_LOOP('',(#2268,#2269,#2278,#2286,#2293,#2294));
#2268 = ORIENTED_EDGE('',*,*,#2179,.F.);
#2269 = ORIENTED_EDGE('',*,*,#2270,.F.);
#2270 = EDGE_CURVE('',#2271,#2180,#2273,.T.);
#2271 = VERTEX_POINT('',#2272);
#2272 = CARTESIAN_POINT('',(-3.098205080757,-5.45,0.7995));
#2273 = B_SPLINE_CURVE_WITH_KNOTS('',3,(#2274,#2275,#2276,#2277),
  .UNSPECIFIED.,.F.,.F.,(4,4),(0.,1.),.PIECEWISE_BEZIER_KNOTS.);
#2274 = CARTESIAN_POINT('',(-3.098205080757,-5.45,0.7995));
#2275 = CARTESIAN_POINT('',(-3.057136720505,-5.45,0.766872314743));
#2276 = CARTESIAN_POINT('',(-3.016068360252,-5.432875272867,
    0.73472149282));
#2277 = CARTESIAN_POINT('',(-2.975,-5.405799338441,0.716515460298));
#2278 = ORIENTED_EDGE('',*,*,#2279,.T.);
#2279 = EDGE_CURVE('',#2271,#2280,#2282,.T.);
#2280 = VERTEX_POINT('',#2281);
#2281 = CARTESIAN_POINT('',(-4.351794919243,-5.45,0.7995));
#2282 = LINE('',#2283,#2284);
#2283 = CARTESIAN_POINT('',(-4.525,-5.45,0.7995));
#2284 = VECTOR('',#2285,1.);
#2285 = DIRECTION('',(-1.,-1.249318835986E-16,-1.037853504423E-15));
#2286 = ORIENTED_EDGE('',*,*,#2287,.F.);
#2287 = EDGE_CURVE('',#2246,#2280,#2288,.T.);
#2288 = B_SPLINE_CURVE_WITH_KNOTS('',3,(#2289,#2290,#2291,#2292),
  .UNSPECIFIED.,.F.,.F.,(4,4),(0.,1.),.PIECEWISE_BEZIER_KNOTS.);
#2289 = CARTESIAN_POINT('',(-4.475,-5.405799338441,0.716515460298));
#2290 = CARTESIAN_POINT('',(-4.351544187592,-5.430808736755,
    0.733331940642));
#2291 = CARTESIAN_POINT('',(-4.31047582734,-5.45,0.764382048341));
#2292 = CARTESIAN_POINT('',(-4.351794919243,-5.45,0.7995));
#2293 = ORIENTED_EDGE('',*,*,#2254,.F.);
#2294 = ORIENTED_EDGE('',*,*,#2295,.T.);
#2295 = EDGE_CURVE('',#2221,#2170,#2296,.T.);
#2296 = LINE('',#2297,#2298);
#2297 = CARTESIAN_POINT('',(-2.102635645416,-5.379735873504,
    0.70402341739));
#2298 = VECTOR('',#2299,1.);
#2299 = DIRECTION('',(1.,1.249318835986E-16,1.037853504423E-15));
#2300 = CYLINDRICAL_SURFACE('',#2301,1.E-01);
#2301 = AXIS2_PLACEMENT_3D('',#2302,#2303,#2304);
#2302 = CARTESIAN_POINT('',(-2.102635645416,-5.35,0.7995));
#2303 = DIRECTION('',(-1.,-1.249318835986E-16,-1.037853504423E-15));
#2304 = DIRECTION('',(-1.037853504423E-15,-1.296609932071E-31,1.));
#2305 = ADVANCED_FACE('',(#2306),#2330,.F.);
#2306 = FACE_BOUND('',#2307,.T.);
#2307 = EDGE_LOOP('',(#2308,#2309,#2317,#2323,#2324));
#2308 = ORIENTED_EDGE('',*,*,#2147,.F.);
#2309 = ORIENTED_EDGE('',*,*,#2310,.T.);
#2310 = EDGE_CURVE('',#2140,#2311,#2313,.T.);
#2311 = VERTEX_POINT('',#2312);
#2312 = CARTESIAN_POINT('',(-2.974999999992,-5.275,0.599287543885));
#2313 = LINE('',#2314,#2315);
#2314 = CARTESIAN_POINT('',(-2.974999999992,-3.150000001476,
    0.69949999993));
#2315 = VECTOR('',#2316,1.);
#2316 = DIRECTION('',(1.041798647973E-15,-0.998889874962,
    -4.710645070964E-02));
#2317 = ORIENTED_EDGE('',*,*,#2318,.T.);
#2318 = EDGE_CURVE('',#2311,#2172,#2319,.T.);
#2319 = LINE('',#2320,#2321);
#2320 = CARTESIAN_POINT('',(-2.974999999992,-5.27500000083,
    0.599287544716));
#2321 = VECTOR('',#2322,1.);
#2322 = DIRECTION('',(9.936421969958E-16,-0.707106781187,0.707106781187)
  );
#2323 = ORIENTED_EDGE('',*,*,#2204,.F.);
#2324 = ORIENTED_EDGE('',*,*,#2325,.T.);
#2325 = EDGE_CURVE('',#2196,#2148,#2326,.T.);
#2326 = LINE('',#2327,#2328);
#2327 = CARTESIAN_POINT('',(-2.975,-4.321238898038,0.2995));
#2328 = VECTOR('',#2329,1.);
#2329 = DIRECTION('',(-1.059271102996E-15,1.,3.491481338843E-15));
#2330 = PLANE('',#2331);
#2331 = AXIS2_PLACEMENT_3D('',#2332,#2333,#2334);
#2332 = CARTESIAN_POINT('',(-2.975,-4.321238898039,21.921422627321));
#2333 = DIRECTION('',(-1.,-1.059271102996E-15,3.459511681412E-16));
#2334 = DIRECTION('',(1.059271102996E-15,-1.,-3.430248998886E-15));
#2335 = ADVANCED_FACE('',(#2336),#2360,.F.);
#2336 = FACE_BOUND('',#2337,.T.);
#2337 = EDGE_LOOP('',(#2338,#2346,#2352,#2353,#2359));
#2338 = ORIENTED_EDGE('',*,*,#2339,.T.);
#2339 = EDGE_CURVE('',#2219,#2340,#2342,.T.);
#2340 = VERTEX_POINT('',#2341);
#2341 = CARTESIAN_POINT('',(-4.475000000014,-5.275,0.599287543885));
#2342 = LINE('',#2343,#2344);
#2343 = CARTESIAN_POINT('',(-4.475000000014,-5.275000000217,
    0.599287544102));
#2344 = VECTOR('',#2345,1.);
#2345 = DIRECTION('',(7.420363877689E-16,0.707106781187,-0.707106781187)
  );
#2346 = ORIENTED_EDGE('',*,*,#2347,.T.);
#2347 = EDGE_CURVE('',#2340,#2068,#2348,.T.);
#2348 = LINE('',#2349,#2350);
#2349 = CARTESIAN_POINT('',(-4.475000000014,-3.150000000252,
    0.699499999988));
#2350 = VECTOR('',#2351,1.);
#2351 = DIRECTION('',(1.410096611185E-15,0.998889874962,
    4.710645070964E-02));
#2352 = ORIENTED_EDGE('',*,*,#2067,.T.);
#2353 = ORIENTED_EDGE('',*,*,#2354,.T.);
#2354 = EDGE_CURVE('',#2070,#2229,#2355,.T.);
#2355 = LINE('',#2356,#2357);
#2356 = CARTESIAN_POINT('',(-4.475,-5.527589730728,0.2995));
#2357 = VECTOR('',#2358,1.);
#2358 = DIRECTION('',(-1.395349091498E-15,-1.,-3.491481338843E-15));
#2359 = ORIENTED_EDGE('',*,*,#2228,.F.);
#2360 = PLANE('',#2361);
#2361 = AXIS2_PLACEMENT_3D('',#2362,#2363,#2364);
#2362 = CARTESIAN_POINT('',(-4.475,-5.527589730728,21.921422627321));
#2363 = DIRECTION('',(1.,-1.395349091498E-15,-3.459511681412E-16));
#2364 = DIRECTION('',(1.395349091498E-15,1.,3.430248998886E-15));
#2365 = ADVANCED_FACE('',(#2366),#2416,.T.);
#2366 = FACE_BOUND('',#2367,.T.);
#2367 = EDGE_LOOP('',(#2368,#2377,#2378,#2386,#2394,#2402,#2410));
#2368 = ORIENTED_EDGE('',*,*,#2369,.F.);
#2369 = EDGE_CURVE('',#1521,#2370,#2372,.T.);
#2370 = VERTEX_POINT('',#2371);
#2371 = CARTESIAN_POINT('',(-4.469571421427,-5.2625,4.0995));
#2372 = CIRCLE('',#2373,0.5);
#2373 = AXIS2_PLACEMENT_3D('',#2374,#2375,#2376);
#2374 = CARTESIAN_POINT('',(-4.469571421427,-5.7625,4.0995));
#2375 = DIRECTION('',(0.,0.,1.));
#2376 = DIRECTION('',(-3.037693553488E-16,1.,0.));
#2377 = ORIENTED_EDGE('',*,*,#1520,.F.);
#2378 = ORIENTED_EDGE('',*,*,#2379,.T.);
#2379 = EDGE_CURVE('',#1513,#2380,#2382,.T.);
#2380 = VERTEX_POINT('',#2381);
#2381 = CARTESIAN_POINT('',(-1.45,-5.45,4.0995));
#2382 = LINE('',#2383,#2384);
#2383 = CARTESIAN_POINT('',(-1.45,-4.95,4.0995));
#2384 = VECTOR('',#2385,1.);
#2385 = DIRECTION('',(-1.665251184812E-15,-1.,0.));
#2386 = ORIENTED_EDGE('',*,*,#2387,.T.);
#2387 = EDGE_CURVE('',#2380,#2388,#2390,.T.);
#2388 = VERTEX_POINT('',#2389);
#2389 = CARTESIAN_POINT('',(-4.475,-5.45,4.0995));
#2390 = LINE('',#2391,#2392);
#2391 = CARTESIAN_POINT('',(5.5,-5.45,4.0995));
#2392 = VECTOR('',#2393,1.);
#2393 = DIRECTION('',(-1.,3.277025058107E-17,0.));
#2394 = ORIENTED_EDGE('',*,*,#2395,.T.);
#2395 = EDGE_CURVE('',#2388,#2396,#2398,.T.);
#2396 = VERTEX_POINT('',#2397);
#2397 = CARTESIAN_POINT('',(-4.5125,-5.45,4.0995));
#2398 = LINE('',#2399,#2400);
#2399 = CARTESIAN_POINT('',(5.5,-5.45,4.0995));
#2400 = VECTOR('',#2401,1.);
#2401 = DIRECTION('',(-1.,3.277025058107E-17,0.));
#2402 = ORIENTED_EDGE('',*,*,#2403,.F.);
#2403 = EDGE_CURVE('',#2404,#2396,#2406,.T.);
#2404 = VERTEX_POINT('',#2405);
#2405 = CARTESIAN_POINT('',(-4.5125,-5.2625,4.0995));
#2406 = LINE('',#2407,#2408);
#2407 = CARTESIAN_POINT('',(-4.5125,-5.85,4.0995));
#2408 = VECTOR('',#2409,1.);
#2409 = DIRECTION('',(1.601292288685E-15,-1.,0.));
#2410 = ORIENTED_EDGE('',*,*,#2411,.F.);
#2411 = EDGE_CURVE('',#2370,#2404,#2412,.T.);
#2412 = LINE('',#2413,#2414);
#2413 = CARTESIAN_POINT('',(-4.5125,-5.2625,4.0995));
#2414 = VECTOR('',#2415,1.);
#2415 = DIRECTION('',(-1.,2.007983069703E-14,0.));
#2416 = PLANE('',#2417);
#2417 = AXIS2_PLACEMENT_3D('',#2418,#2419,#2420);
#2418 = CARTESIAN_POINT('',(5.5,-4.95,4.0995));
#2419 = DIRECTION('',(0.,0.,-1.));
#2420 = DIRECTION('',(-1.249318835986E-16,1.,0.));
#2421 = ADVANCED_FACE('',(#2422),#2450,.T.);
#2422 = FACE_BOUND('',#2423,.T.);
#2423 = EDGE_LOOP('',(#2424,#2434,#2443));
#2424 = ORIENTED_EDGE('',*,*,#2425,.T.);
#2425 = EDGE_CURVE('',#2426,#2428,#2430,.T.);
#2426 = VERTEX_POINT('',#2427);
#2427 = CARTESIAN_POINT('',(-6.,-4.95,4.0995));
#2428 = VERTEX_POINT('',#2429);
#2429 = CARTESIAN_POINT('',(-6.,-4.85,4.0995));
#2430 = LINE('',#2431,#2432);
#2431 = CARTESIAN_POINT('',(-6.,-4.95,4.0995));
#2432 = VECTOR('',#2433,1.);
#2433 = DIRECTION('',(-1.249318835986E-16,1.,0.));
#2434 = ORIENTED_EDGE('',*,*,#2435,.F.);
#2435 = EDGE_CURVE('',#2436,#2428,#2438,.T.);
#2436 = VERTEX_POINT('',#2437);
#2437 = CARTESIAN_POINT('',(-5.944025507731,-5.179872461343,4.0995));
#2438 = CIRCLE('',#2439,1.);
#2439 = AXIS2_PLACEMENT_3D('',#2440,#2441,#2442);
#2440 = CARTESIAN_POINT('',(-5.,-4.85,4.0995));
#2441 = DIRECTION('',(-0.,0.,-1.));
#2442 = DIRECTION('',(-3.037693553488E-16,1.,0.));
#2443 = ORIENTED_EDGE('',*,*,#2444,.T.);
#2444 = EDGE_CURVE('',#2436,#2426,#2445,.T.);
#2445 = CIRCLE('',#2446,0.5);
#2446 = AXIS2_PLACEMENT_3D('',#2447,#2448,#2449);
#2447 = CARTESIAN_POINT('',(-5.5,-4.95,4.0995));
#2448 = DIRECTION('',(-0.,0.,-1.));
#2449 = DIRECTION('',(-3.037693553488E-16,1.,0.));
#2450 = PLANE('',#2451);
#2451 = AXIS2_PLACEMENT_3D('',#2452,#2453,#2454);
#2452 = CARTESIAN_POINT('',(5.5,-4.95,4.0995));
#2453 = DIRECTION('',(0.,0.,-1.));
#2454 = DIRECTION('',(-1.249318835986E-16,1.,0.));
#2455 = ADVANCED_FACE('',(#2456),#2484,.T.);
#2456 = FACE_BOUND('',#2457,.T.);
#2457 = EDGE_LOOP('',(#2458,#2469,#2478));
#2458 = ORIENTED_EDGE('',*,*,#2459,.T.);
#2459 = EDGE_CURVE('',#2460,#2462,#2464,.T.);
#2460 = VERTEX_POINT('',#2461);
#2461 = CARTESIAN_POINT('',(-6.,4.95,4.0995));
#2462 = VERTEX_POINT('',#2463);
#2463 = CARTESIAN_POINT('',(-5.944025507731,5.179872461343,4.0995));
#2464 = CIRCLE('',#2465,0.5);
#2465 = AXIS2_PLACEMENT_3D('',#2466,#2467,#2468);
#2466 = CARTESIAN_POINT('',(-5.5,4.95,4.0995));
#2467 = DIRECTION('',(-0.,0.,-1.));
#2468 = DIRECTION('',(-3.037693553488E-16,1.,0.));
#2469 = ORIENTED_EDGE('',*,*,#2470,.F.);
#2470 = EDGE_CURVE('',#2471,#2462,#2473,.T.);
#2471 = VERTEX_POINT('',#2472);
#2472 = CARTESIAN_POINT('',(-6.,4.85,4.0995));
#2473 = CIRCLE('',#2474,1.);
#2474 = AXIS2_PLACEMENT_3D('',#2475,#2476,#2477);
#2475 = CARTESIAN_POINT('',(-5.,4.85,4.0995));
#2476 = DIRECTION('',(-0.,0.,-1.));
#2477 = DIRECTION('',(-3.037693553488E-16,1.,0.));
#2478 = ORIENTED_EDGE('',*,*,#2479,.T.);
#2479 = EDGE_CURVE('',#2471,#2460,#2480,.T.);
#2480 = LINE('',#2481,#2482);
#2481 = CARTESIAN_POINT('',(-6.,4.25,4.0995));
#2482 = VECTOR('',#2483,1.);
#2483 = DIRECTION('',(1.114156313528E-15,1.,0.));
#2484 = PLANE('',#2485);
#2485 = AXIS2_PLACEMENT_3D('',#2486,#2487,#2488);
#2486 = CARTESIAN_POINT('',(5.5,-4.95,4.0995));
#2487 = DIRECTION('',(0.,0.,-1.));
#2488 = DIRECTION('',(-1.249318835986E-16,1.,0.));
#2489 = ADVANCED_FACE('',(#2490),#2540,.T.);
#2490 = FACE_BOUND('',#2491,.T.);
#2491 = EDGE_LOOP('',(#2492,#2500,#2501,#2510,#2518,#2526,#2534));
#2492 = ORIENTED_EDGE('',*,*,#2493,.T.);
#2493 = EDGE_CURVE('',#2494,#1621,#2496,.T.);
#2494 = VERTEX_POINT('',#2495);
#2495 = CARTESIAN_POINT('',(-1.45,5.45,4.0995));
#2496 = LINE('',#2497,#2498);
#2497 = CARTESIAN_POINT('',(-1.45,-4.95,4.0995));
#2498 = VECTOR('',#2499,1.);
#2499 = DIRECTION('',(-3.865489930902E-16,-1.,0.));
#2500 = ORIENTED_EDGE('',*,*,#1620,.F.);
#2501 = ORIENTED_EDGE('',*,*,#2502,.F.);
#2502 = EDGE_CURVE('',#2503,#1613,#2505,.T.);
#2503 = VERTEX_POINT('',#2504);
#2504 = CARTESIAN_POINT('',(-4.469571421427,5.2625,4.0995));
#2505 = CIRCLE('',#2506,0.5);
#2506 = AXIS2_PLACEMENT_3D('',#2507,#2508,#2509);
#2507 = CARTESIAN_POINT('',(-4.469571421427,5.7625,4.0995));
#2508 = DIRECTION('',(-0.,0.,1.));
#2509 = DIRECTION('',(3.037693553488E-16,-1.,0.));
#2510 = ORIENTED_EDGE('',*,*,#2511,.F.);
#2511 = EDGE_CURVE('',#2512,#2503,#2514,.T.);
#2512 = VERTEX_POINT('',#2513);
#2513 = CARTESIAN_POINT('',(-4.5125,5.2625,4.0995));
#2514 = LINE('',#2515,#2516);
#2515 = CARTESIAN_POINT('',(-4.5125,5.2625,4.0995));
#2516 = VECTOR('',#2517,1.);
#2517 = DIRECTION('',(1.,2.032969446423E-14,0.));
#2518 = ORIENTED_EDGE('',*,*,#2519,.F.);
#2519 = EDGE_CURVE('',#2520,#2512,#2522,.T.);
#2520 = VERTEX_POINT('',#2521);
#2521 = CARTESIAN_POINT('',(-4.5125,5.45,4.0995));
#2522 = LINE('',#2523,#2524);
#2523 = CARTESIAN_POINT('',(-4.5125,5.85,4.0995));
#2524 = VECTOR('',#2525,1.);
#2525 = DIRECTION('',(-4.304149331661E-15,-1.,0.));
#2526 = ORIENTED_EDGE('',*,*,#2527,.T.);
#2527 = EDGE_CURVE('',#2520,#2528,#2530,.T.);
#2528 = VERTEX_POINT('',#2529);
#2529 = CARTESIAN_POINT('',(-4.475,5.45,4.0995));
#2530 = LINE('',#2531,#2532);
#2531 = CARTESIAN_POINT('',(5.5,5.45,4.0995));
#2532 = VECTOR('',#2533,1.);
#2533 = DIRECTION('',(1.,-3.277025058107E-17,0.));
#2534 = ORIENTED_EDGE('',*,*,#2535,.T.);
#2535 = EDGE_CURVE('',#2528,#2494,#2536,.T.);
#2536 = LINE('',#2537,#2538);
#2537 = CARTESIAN_POINT('',(5.5,5.45,4.0995));
#2538 = VECTOR('',#2539,1.);
#2539 = DIRECTION('',(1.,1.249318835986E-16,1.577021341797E-16));
#2540 = PLANE('',#2541);
#2541 = AXIS2_PLACEMENT_3D('',#2542,#2543,#2544);
#2542 = CARTESIAN_POINT('',(5.5,-4.95,4.0995));
#2543 = DIRECTION('',(0.,0.,-1.));
#2544 = DIRECTION('',(-1.249318835986E-16,1.,0.));
#2545 = ADVANCED_FACE('',(#2546,#2556),#2560,.T.);
#2546 = FACE_BOUND('',#2547,.T.);
#2547 = EDGE_LOOP('',(#2548,#2555));
#2548 = ORIENTED_EDGE('',*,*,#2549,.F.);
#2549 = EDGE_CURVE('',#774,#782,#2550,.T.);
#2550 = CIRCLE('',#2551,0.4);
#2551 = AXIS2_PLACEMENT_3D('',#2552,#2553,#2554);
#2552 = CARTESIAN_POINT('',(-5.1,4.65,4.0995));
#2553 = DIRECTION('',(-0.,0.,-1.));
#2554 = DIRECTION('',(-3.037693553488E-16,1.,0.));
#2555 = ORIENTED_EDGE('',*,*,#781,.F.);
#2556 = FACE_BOUND('',#2557,.T.);
#2557 = EDGE_LOOP('',(#2558,#2559));
#2558 = ORIENTED_EDGE('',*,*,#1725,.T.);
#2559 = ORIENTED_EDGE('',*,*,#924,.T.);
#2560 = PLANE('',#2561);
#2561 = AXIS2_PLACEMENT_3D('',#2562,#2563,#2564);
#2562 = CARTESIAN_POINT('',(5.5,-4.95,4.0995));
#2563 = DIRECTION('',(0.,0.,-1.));
#2564 = DIRECTION('',(-1.249318835986E-16,1.,0.));
#2565 = ADVANCED_FACE('',(#2566),#2594,.T.);
#2566 = FACE_BOUND('',#2567,.T.);
#2567 = EDGE_LOOP('',(#2568,#2578,#2587));
#2568 = ORIENTED_EDGE('',*,*,#2569,.T.);
#2569 = EDGE_CURVE('',#2570,#2572,#2574,.T.);
#2570 = VERTEX_POINT('',#2571);
#2571 = CARTESIAN_POINT('',(6.,4.95,4.0995));
#2572 = VERTEX_POINT('',#2573);
#2573 = CARTESIAN_POINT('',(6.,4.85,4.0995));
#2574 = LINE('',#2575,#2576);
#2575 = CARTESIAN_POINT('',(6.,4.25,4.0995));
#2576 = VECTOR('',#2577,1.);
#2577 = DIRECTION('',(-1.114156313528E-15,-1.,0.));
#2578 = ORIENTED_EDGE('',*,*,#2579,.F.);
#2579 = EDGE_CURVE('',#2580,#2572,#2582,.T.);
#2580 = VERTEX_POINT('',#2581);
#2581 = CARTESIAN_POINT('',(5.944025507731,5.179872461343,4.0995));
#2582 = CIRCLE('',#2583,1.);
#2583 = AXIS2_PLACEMENT_3D('',#2584,#2585,#2586);
#2584 = CARTESIAN_POINT('',(5.,4.85,4.0995));
#2585 = DIRECTION('',(0.,-0.,-1.));
#2586 = DIRECTION('',(3.037693553488E-16,-1.,0.));
#2587 = ORIENTED_EDGE('',*,*,#2588,.T.);
#2588 = EDGE_CURVE('',#2580,#2570,#2589,.T.);
#2589 = CIRCLE('',#2590,0.5);
#2590 = AXIS2_PLACEMENT_3D('',#2591,#2592,#2593);
#2591 = CARTESIAN_POINT('',(5.5,4.95,4.0995));
#2592 = DIRECTION('',(0.,-0.,-1.));
#2593 = DIRECTION('',(3.037693553488E-16,-1.,0.));
#2594 = PLANE('',#2595);
#2595 = AXIS2_PLACEMENT_3D('',#2596,#2597,#2598);
#2596 = CARTESIAN_POINT('',(5.5,-4.95,4.0995));
#2597 = DIRECTION('',(0.,0.,-1.));
#2598 = DIRECTION('',(-1.249318835986E-16,1.,0.));
#2599 = ADVANCED_FACE('',(#2600),#2628,.T.);
#2600 = FACE_BOUND('',#2601,.T.);
#2601 = EDGE_LOOP('',(#2602,#2613,#2622));
#2602 = ORIENTED_EDGE('',*,*,#2603,.T.);
#2603 = EDGE_CURVE('',#2604,#2606,#2608,.T.);
#2604 = VERTEX_POINT('',#2605);
#2605 = CARTESIAN_POINT('',(6.,-4.95,4.0995));
#2606 = VERTEX_POINT('',#2607);
#2607 = CARTESIAN_POINT('',(5.944025507731,-5.179872461343,4.0995));
#2608 = CIRCLE('',#2609,0.5);
#2609 = AXIS2_PLACEMENT_3D('',#2610,#2611,#2612);
#2610 = CARTESIAN_POINT('',(5.5,-4.95,4.0995));
#2611 = DIRECTION('',(-0.,0.,-1.));
#2612 = DIRECTION('',(-3.037693553488E-16,1.,0.));
#2613 = ORIENTED_EDGE('',*,*,#2614,.F.);
#2614 = EDGE_CURVE('',#2615,#2606,#2617,.T.);
#2615 = VERTEX_POINT('',#2616);
#2616 = CARTESIAN_POINT('',(6.,-4.85,4.0995));
#2617 = CIRCLE('',#2618,1.);
#2618 = AXIS2_PLACEMENT_3D('',#2619,#2620,#2621);
#2619 = CARTESIAN_POINT('',(5.,-4.85,4.0995));
#2620 = DIRECTION('',(-0.,0.,-1.));
#2621 = DIRECTION('',(-3.037693553488E-16,1.,0.));
#2622 = ORIENTED_EDGE('',*,*,#2623,.T.);
#2623 = EDGE_CURVE('',#2615,#2604,#2624,.T.);
#2624 = LINE('',#2625,#2626);
#2625 = CARTESIAN_POINT('',(6.,-4.95,4.0995));
#2626 = VECTOR('',#2627,1.);
#2627 = DIRECTION('',(1.249318835986E-16,-1.,0.));
#2628 = PLANE('',#2629);
#2629 = AXIS2_PLACEMENT_3D('',#2630,#2631,#2632);
#2630 = CARTESIAN_POINT('',(5.5,-4.95,4.0995));
#2631 = DIRECTION('',(0.,0.,-1.));
#2632 = DIRECTION('',(-1.249318835986E-16,1.,0.));
#2633 = ADVANCED_FACE('',(#2634),#2684,.T.);
#2634 = FACE_BOUND('',#2635,.T.);
#2635 = EDGE_LOOP('',(#2636,#2644,#2645,#2654,#2662,#2670,#2678));
#2636 = ORIENTED_EDGE('',*,*,#2637,.T.);
#2637 = EDGE_CURVE('',#2638,#1455,#2640,.T.);
#2638 = VERTEX_POINT('',#2639);
#2639 = CARTESIAN_POINT('',(1.45,-5.45,4.0995));
#2640 = LINE('',#2641,#2642);
#2641 = CARTESIAN_POINT('',(1.45,-4.95,4.0995));
#2642 = VECTOR('',#2643,1.);
#2643 = DIRECTION('',(-1.249318835986E-16,1.,0.));
#2644 = ORIENTED_EDGE('',*,*,#1454,.F.);
#2645 = ORIENTED_EDGE('',*,*,#2646,.F.);
#2646 = EDGE_CURVE('',#2647,#1447,#2649,.T.);
#2647 = VERTEX_POINT('',#2648);
#2648 = CARTESIAN_POINT('',(4.469571421427,-5.2625,4.0995));
#2649 = CIRCLE('',#2650,0.5);
#2650 = AXIS2_PLACEMENT_3D('',#2651,#2652,#2653);
#2651 = CARTESIAN_POINT('',(4.469571421427,-5.7625,4.0995));
#2652 = DIRECTION('',(-0.,0.,1.));
#2653 = DIRECTION('',(3.037693553488E-16,-1.,0.));
#2654 = ORIENTED_EDGE('',*,*,#2655,.F.);
#2655 = EDGE_CURVE('',#2656,#2647,#2658,.T.);
#2656 = VERTEX_POINT('',#2657);
#2657 = CARTESIAN_POINT('',(4.5125,-5.2625,4.0995));
#2658 = LINE('',#2659,#2660);
#2659 = CARTESIAN_POINT('',(4.5125,-5.2625,4.0995));
#2660 = VECTOR('',#2661,1.);
#2661 = DIRECTION('',(-1.,-2.032969446423E-14,0.));
#2662 = ORIENTED_EDGE('',*,*,#2663,.F.);
#2663 = EDGE_CURVE('',#2664,#2656,#2666,.T.);
#2664 = VERTEX_POINT('',#2665);
#2665 = CARTESIAN_POINT('',(4.5125,-5.45,4.0995));
#2666 = LINE('',#2667,#2668);
#2667 = CARTESIAN_POINT('',(4.5125,-5.85,4.0995));
#2668 = VECTOR('',#2669,1.);
#2669 = DIRECTION('',(7.256870141835E-15,1.,0.));
#2670 = ORIENTED_EDGE('',*,*,#2671,.T.);
#2671 = EDGE_CURVE('',#2664,#2672,#2674,.T.);
#2672 = VERTEX_POINT('',#2673);
#2673 = CARTESIAN_POINT('',(4.475,-5.45,4.0995));
#2674 = LINE('',#2675,#2676);
#2675 = CARTESIAN_POINT('',(5.5,-5.45,4.0995));
#2676 = VECTOR('',#2677,1.);
#2677 = DIRECTION('',(-1.,3.277025058107E-17,0.));
#2678 = ORIENTED_EDGE('',*,*,#2679,.T.);
#2679 = EDGE_CURVE('',#2672,#2638,#2680,.T.);
#2680 = LINE('',#2681,#2682);
#2681 = CARTESIAN_POINT('',(5.5,-5.45,4.0995));
#2682 = VECTOR('',#2683,1.);
#2683 = DIRECTION('',(-1.,1.904723847608E-16,-1.577021341797E-16));
#2684 = PLANE('',#2685);
#2685 = AXIS2_PLACEMENT_3D('',#2686,#2687,#2688);
#2686 = CARTESIAN_POINT('',(5.5,-4.95,4.0995));
#2687 = DIRECTION('',(0.,0.,-1.));
#2688 = DIRECTION('',(-1.249318835986E-16,1.,0.));
#2689 = ADVANCED_FACE('',(#2690),#2740,.T.);
#2690 = FACE_BOUND('',#2691,.T.);
#2691 = EDGE_LOOP('',(#2692,#2701,#2702,#2710,#2718,#2726,#2734));
#2692 = ORIENTED_EDGE('',*,*,#2693,.F.);
#2693 = EDGE_CURVE('',#1687,#2694,#2696,.T.);
#2694 = VERTEX_POINT('',#2695);
#2695 = CARTESIAN_POINT('',(4.469571421427,5.2625,4.0995));
#2696 = CIRCLE('',#2697,0.5);
#2697 = AXIS2_PLACEMENT_3D('',#2698,#2699,#2700);
#2698 = CARTESIAN_POINT('',(4.469571421427,5.7625,4.0995));
#2699 = DIRECTION('',(0.,0.,1.));
#2700 = DIRECTION('',(-3.037693553488E-16,1.,0.));
#2701 = ORIENTED_EDGE('',*,*,#1686,.F.);
#2702 = ORIENTED_EDGE('',*,*,#2703,.T.);
#2703 = EDGE_CURVE('',#1679,#2704,#2706,.T.);
#2704 = VERTEX_POINT('',#2705);
#2705 = CARTESIAN_POINT('',(1.45,5.45,4.0995));
#2706 = LINE('',#2707,#2708);
#2707 = CARTESIAN_POINT('',(1.45,-4.95,4.0995));
#2708 = VECTOR('',#2709,1.);
#2709 = DIRECTION('',(-1.249318835986E-16,1.,0.));
#2710 = ORIENTED_EDGE('',*,*,#2711,.T.);
#2711 = EDGE_CURVE('',#2704,#2712,#2714,.T.);
#2712 = VERTEX_POINT('',#2713);
#2713 = CARTESIAN_POINT('',(4.475,5.45,4.0995));
#2714 = LINE('',#2715,#2716);
#2715 = CARTESIAN_POINT('',(5.5,5.45,4.0995));
#2716 = VECTOR('',#2717,1.);
#2717 = DIRECTION('',(1.,1.249318835986E-16,1.577021341797E-16));
#2718 = ORIENTED_EDGE('',*,*,#2719,.T.);
#2719 = EDGE_CURVE('',#2712,#2720,#2722,.T.);
#2720 = VERTEX_POINT('',#2721);
#2721 = CARTESIAN_POINT('',(4.5125,5.45,4.0995));
#2722 = LINE('',#2723,#2724);
#2723 = CARTESIAN_POINT('',(5.5,5.45,4.0995));
#2724 = VECTOR('',#2725,1.);
#2725 = DIRECTION('',(1.,-3.277025058107E-17,0.));
#2726 = ORIENTED_EDGE('',*,*,#2727,.F.);
#2727 = EDGE_CURVE('',#2728,#2720,#2730,.T.);
#2728 = VERTEX_POINT('',#2729);
#2729 = CARTESIAN_POINT('',(4.5125,5.2625,4.0995));
#2730 = LINE('',#2731,#2732);
#2731 = CARTESIAN_POINT('',(4.5125,5.85,4.0995));
#2732 = VECTOR('',#2733,1.);
#2733 = DIRECTION('',(-4.554013098859E-15,1.,0.));
#2734 = ORIENTED_EDGE('',*,*,#2735,.F.);
#2735 = EDGE_CURVE('',#2694,#2728,#2736,.T.);
#2736 = LINE('',#2737,#2738);
#2737 = CARTESIAN_POINT('',(4.5125,5.2625,4.0995));
#2738 = VECTOR('',#2739,1.);
#2739 = DIRECTION('',(1.,-2.007983069703E-14,0.));
#2740 = PLANE('',#2741);
#2741 = AXIS2_PLACEMENT_3D('',#2742,#2743,#2744);
#2742 = CARTESIAN_POINT('',(5.5,-4.95,4.0995));
#2743 = DIRECTION('',(0.,0.,-1.));
#2744 = DIRECTION('',(-1.249318835986E-16,1.,0.));
#2745 = ADVANCED_FACE('',(#2746,#2756),#2760,.T.);
#2746 = FACE_BOUND('',#2747,.T.);
#2747 = EDGE_LOOP('',(#2748,#2755));
#2748 = ORIENTED_EDGE('',*,*,#2749,.F.);
#2749 = EDGE_CURVE('',#732,#740,#2750,.T.);
#2750 = CIRCLE('',#2751,0.4);
#2751 = AXIS2_PLACEMENT_3D('',#2752,#2753,#2754);
#2752 = CARTESIAN_POINT('',(5.1,-4.65,4.0995));
#2753 = DIRECTION('',(-0.,0.,-1.));
#2754 = DIRECTION('',(-3.037693553488E-16,1.,0.));
#2755 = ORIENTED_EDGE('',*,*,#739,.F.);
#2756 = FACE_BOUND('',#2757,.T.);
#2757 = EDGE_LOOP('',(#2758,#2759));
#2758 = ORIENTED_EDGE('',*,*,#1749,.T.);
#2759 = ORIENTED_EDGE('',*,*,#882,.T.);
#2760 = PLANE('',#2761);
#2761 = AXIS2_PLACEMENT_3D('',#2762,#2763,#2764);
#2762 = CARTESIAN_POINT('',(5.5,-4.95,4.0995));
#2763 = DIRECTION('',(0.,0.,-1.));
#2764 = DIRECTION('',(-1.249318835986E-16,1.,0.));
#2765 = ADVANCED_FACE('',(#2766),#2801,.F.);
#2766 = FACE_BOUND('',#2767,.F.);
#2767 = EDGE_LOOP('',(#2768,#2778,#2787,#2794));
#2768 = ORIENTED_EDGE('',*,*,#2769,.T.);
#2769 = EDGE_CURVE('',#2770,#2772,#2774,.T.);
#2770 = VERTEX_POINT('',#2771);
#2771 = CARTESIAN_POINT('',(4.475,5.45,0.89314916731));
#2772 = VERTEX_POINT('',#2773);
#2773 = CARTESIAN_POINT('',(4.475,5.85,0.89314916731));
#2774 = LINE('',#2775,#2776);
#2775 = CARTESIAN_POINT('',(4.475,-15.77192262732,0.89314916731));
#2776 = VECTOR('',#2777,1.);
#2777 = DIRECTION('',(-1.249318835986E-16,1.,0.));
#2778 = ORIENTED_EDGE('',*,*,#2779,.T.);
#2779 = EDGE_CURVE('',#2772,#2780,#2782,.T.);
#2780 = VERTEX_POINT('',#2781);
#2781 = CARTESIAN_POINT('',(4.351794919243,5.85,0.7995));
#2782 = CIRCLE('',#2783,0.2);
#2783 = AXIS2_PLACEMENT_3D('',#2784,#2785,#2786);
#2784 = CARTESIAN_POINT('',(4.525,5.85,0.6995));
#2785 = DIRECTION('',(1.249318835986E-16,-1.,0.));
#2786 = DIRECTION('',(1.,1.249318835986E-16,0.));
#2787 = ORIENTED_EDGE('',*,*,#2788,.F.);
#2788 = EDGE_CURVE('',#1978,#2780,#2789,.T.);
#2789 = B_SPLINE_CURVE_WITH_KNOTS('',3,(#2790,#2791,#2792,#2793),
  .UNSPECIFIED.,.F.,.F.,(4,4),(0.,1.),.PIECEWISE_BEZIER_KNOTS.);
#2790 = CARTESIAN_POINT('',(4.351794919243,5.45,0.7995));
#2791 = CARTESIAN_POINT('',(4.351794919243,5.583333333333,0.7995));
#2792 = CARTESIAN_POINT('',(4.351794919243,5.716666666667,0.7995));
#2793 = CARTESIAN_POINT('',(4.351794919243,5.85,0.7995));
#2794 = ORIENTED_EDGE('',*,*,#2795,.F.);
#2795 = EDGE_CURVE('',#2770,#1978,#2796,.T.);
#2796 = CIRCLE('',#2797,0.2);
#2797 = AXIS2_PLACEMENT_3D('',#2798,#2799,#2800);
#2798 = CARTESIAN_POINT('',(4.525,5.45,0.6995));
#2799 = DIRECTION('',(1.249318835986E-16,-1.,0.));
#2800 = DIRECTION('',(1.,1.249318835986E-16,0.));
#2801 = CYLINDRICAL_SURFACE('',#2802,0.2);
#2802 = AXIS2_PLACEMENT_3D('',#2803,#2804,#2805);
#2803 = CARTESIAN_POINT('',(4.525,-15.77192262732,0.6995));
#2804 = DIRECTION('',(-1.249318835986E-16,1.,0.));
#2805 = DIRECTION('',(0.,0.,1.));
#2806 = ADVANCED_FACE('',(#2807),#2842,.F.);
#2807 = FACE_BOUND('',#2808,.F.);
#2808 = EDGE_LOOP('',(#2809,#2819,#2826,#2835));
#2809 = ORIENTED_EDGE('',*,*,#2810,.F.);
#2810 = EDGE_CURVE('',#2811,#2813,#2815,.T.);
#2811 = VERTEX_POINT('',#2812);
#2812 = CARTESIAN_POINT('',(2.975,5.45,0.89314916731));
#2813 = VERTEX_POINT('',#2814);
#2814 = CARTESIAN_POINT('',(2.975,5.85,0.89314916731));
#2815 = LINE('',#2816,#2817);
#2816 = CARTESIAN_POINT('',(2.975,-15.77192262732,0.89314916731));
#2817 = VECTOR('',#2818,1.);
#2818 = DIRECTION('',(-1.249318835986E-16,1.,0.));
#2819 = ORIENTED_EDGE('',*,*,#2820,.F.);
#2820 = EDGE_CURVE('',#1969,#2811,#2821,.T.);
#2821 = CIRCLE('',#2822,0.2);
#2822 = AXIS2_PLACEMENT_3D('',#2823,#2824,#2825);
#2823 = CARTESIAN_POINT('',(2.925,5.45,0.6995));
#2824 = DIRECTION('',(1.249318835986E-16,-1.,0.));
#2825 = DIRECTION('',(1.,1.249318835986E-16,0.));
#2826 = ORIENTED_EDGE('',*,*,#2827,.F.);
#2827 = EDGE_CURVE('',#2828,#1969,#2830,.T.);
#2828 = VERTEX_POINT('',#2829);
#2829 = CARTESIAN_POINT('',(3.098205080757,5.85,0.7995));
#2830 = B_SPLINE_CURVE_WITH_KNOTS('',3,(#2831,#2832,#2833,#2834),
  .UNSPECIFIED.,.F.,.F.,(4,4),(0.,1.),.PIECEWISE_BEZIER_KNOTS.);
#2831 = CARTESIAN_POINT('',(3.098205080757,5.85,0.7995));
#2832 = CARTESIAN_POINT('',(3.098205080757,5.716666666667,0.7995));
#2833 = CARTESIAN_POINT('',(3.098205080757,5.583333333333,0.7995));
#2834 = CARTESIAN_POINT('',(3.098205080757,5.45,0.7995));
#2835 = ORIENTED_EDGE('',*,*,#2836,.T.);
#2836 = EDGE_CURVE('',#2828,#2813,#2837,.T.);
#2837 = CIRCLE('',#2838,0.2);
#2838 = AXIS2_PLACEMENT_3D('',#2839,#2840,#2841);
#2839 = CARTESIAN_POINT('',(2.925,5.85,0.6995));
#2840 = DIRECTION('',(1.249318835986E-16,-1.,0.));
#2841 = DIRECTION('',(1.,1.249318835986E-16,0.));
#2842 = CYLINDRICAL_SURFACE('',#2843,0.2);
#2843 = AXIS2_PLACEMENT_3D('',#2844,#2845,#2846);
#2844 = CARTESIAN_POINT('',(2.925,-15.77192262732,0.6995));
#2845 = DIRECTION('',(-1.249318835986E-16,1.,0.));
#2846 = DIRECTION('',(0.,0.,1.));
#2847 = ADVANCED_FACE('',(#2848),#2994,.T.);
#2848 = FACE_BOUND('',#2849,.T.);
#2849 = EDGE_LOOP('',(#2850,#2851,#2857,#2858,#2866,#2874,#2882,#2890,
    #2898,#2906,#2914,#2923,#2931,#2940,#2948,#2956,#2964,#2972,#2980,
    #2988));
#2850 = ORIENTED_EDGE('',*,*,#2779,.T.);
#2851 = ORIENTED_EDGE('',*,*,#2852,.T.);
#2852 = EDGE_CURVE('',#2780,#2828,#2853,.T.);
#2853 = LINE('',#2854,#2855);
#2854 = CARTESIAN_POINT('',(-4.525,5.85,0.7995));
#2855 = VECTOR('',#2856,1.);
#2856 = DIRECTION('',(-1.,-1.249318835986E-16,3.459511681412E-16));
#2857 = ORIENTED_EDGE('',*,*,#2836,.T.);
#2858 = ORIENTED_EDGE('',*,*,#2859,.T.);
#2859 = EDGE_CURVE('',#2813,#2860,#2862,.T.);
#2860 = VERTEX_POINT('',#2861);
#2861 = CARTESIAN_POINT('',(2.975,5.85,1.3995));
#2862 = LINE('',#2863,#2864);
#2863 = CARTESIAN_POINT('',(2.975,5.85,1.3995));
#2864 = VECTOR('',#2865,1.);
#2865 = DIRECTION('',(-1.577021341797E-16,-1.97020246706E-32,1.));
#2866 = ORIENTED_EDGE('',*,*,#2867,.T.);
#2867 = EDGE_CURVE('',#2860,#2868,#2870,.T.);
#2868 = VERTEX_POINT('',#2869);
#2869 = CARTESIAN_POINT('',(1.25,5.85,1.3995));
#2870 = LINE('',#2871,#2872);
#2871 = CARTESIAN_POINT('',(1.25,5.85,1.3995));
#2872 = VECTOR('',#2873,1.);
#2873 = DIRECTION('',(-1.,2.201843810555E-16,3.451162646541E-16));
#2874 = ORIENTED_EDGE('',*,*,#2875,.T.);
#2875 = EDGE_CURVE('',#2868,#2876,#2878,.T.);
#2876 = VERTEX_POINT('',#2877);
#2877 = CARTESIAN_POINT('',(1.25,5.85,-0.9505));
#2878 = LINE('',#2879,#2880);
#2879 = CARTESIAN_POINT('',(1.25,5.85,0.6995));
#2880 = VECTOR('',#2881,1.);
#2881 = DIRECTION('',(1.577021341797E-16,1.97020246706E-32,-1.));
#2882 = ORIENTED_EDGE('',*,*,#2883,.T.);
#2883 = EDGE_CURVE('',#2876,#2884,#2886,.T.);
#2884 = VERTEX_POINT('',#2885);
#2885 = CARTESIAN_POINT('',(-1.25,5.85,-0.9505));
#2886 = LINE('',#2887,#2888);
#2887 = CARTESIAN_POINT('',(2.947792684635,5.85,-0.9505));
#2888 = VECTOR('',#2889,1.);
#2889 = DIRECTION('',(-1.,-2.826340177784E-16,-1.577021341797E-16));
#2890 = ORIENTED_EDGE('',*,*,#2891,.T.);
#2891 = EDGE_CURVE('',#2884,#2892,#2894,.T.);
#2892 = VERTEX_POINT('',#2893);
#2893 = CARTESIAN_POINT('',(-1.25,5.85,1.3995));
#2894 = LINE('',#2895,#2896);
#2895 = CARTESIAN_POINT('',(-1.25,5.85,1.3995));
#2896 = VECTOR('',#2897,1.);
#2897 = DIRECTION('',(4.618419643834E-16,1.563063996879E-31,1.));
#2898 = ORIENTED_EDGE('',*,*,#2899,.T.);
#2899 = EDGE_CURVE('',#2892,#2900,#2902,.T.);
#2900 = VERTEX_POINT('',#2901);
#2901 = CARTESIAN_POINT('',(-2.975,5.85,1.3995));
#2902 = LINE('',#2903,#2904);
#2903 = CARTESIAN_POINT('',(-2.975,5.85,1.3995));
#2904 = VECTOR('',#2905,1.);
#2905 = DIRECTION('',(-1.,2.201843810555E-16,-4.091113335966E-16));
#2906 = ORIENTED_EDGE('',*,*,#2907,.T.);
#2907 = EDGE_CURVE('',#2900,#2908,#2910,.T.);
#2908 = VERTEX_POINT('',#2909);
#2909 = CARTESIAN_POINT('',(-2.975,5.85,0.89314916731));
#2910 = LINE('',#2911,#2912);
#2911 = CARTESIAN_POINT('',(-2.975,5.85,0.89314916731));
#2912 = VECTOR('',#2913,1.);
#2913 = DIRECTION('',(1.577021341797E-16,1.97020246706E-32,-1.));
#2914 = ORIENTED_EDGE('',*,*,#2915,.T.);
#2915 = EDGE_CURVE('',#2908,#2916,#2918,.T.);
#2916 = VERTEX_POINT('',#2917);
#2917 = CARTESIAN_POINT('',(-3.098205080757,5.85,0.7995));
#2918 = CIRCLE('',#2919,0.2);
#2919 = AXIS2_PLACEMENT_3D('',#2920,#2921,#2922);
#2920 = CARTESIAN_POINT('',(-2.925,5.85,0.6995));
#2921 = DIRECTION('',(1.249318835986E-16,-1.,0.));
#2922 = DIRECTION('',(1.,1.249318835986E-16,0.));
#2923 = ORIENTED_EDGE('',*,*,#2924,.T.);
#2924 = EDGE_CURVE('',#2916,#2925,#2927,.T.);
#2925 = VERTEX_POINT('',#2926);
#2926 = CARTESIAN_POINT('',(-4.351794919243,5.85,0.7995));
#2927 = LINE('',#2928,#2929);
#2928 = CARTESIAN_POINT('',(-4.525,5.85,0.7995));
#2929 = VECTOR('',#2930,1.);
#2930 = DIRECTION('',(-1.,-1.249318835986E-16,-1.037853504423E-15));
#2931 = ORIENTED_EDGE('',*,*,#2932,.T.);
#2932 = EDGE_CURVE('',#2925,#2933,#2935,.T.);
#2933 = VERTEX_POINT('',#2934);
#2934 = CARTESIAN_POINT('',(-4.475,5.85,0.89314916731));
#2935 = CIRCLE('',#2936,0.2);
#2936 = AXIS2_PLACEMENT_3D('',#2937,#2938,#2939);
#2937 = CARTESIAN_POINT('',(-4.525,5.85,0.6995));
#2938 = DIRECTION('',(1.249318835986E-16,-1.,0.));
#2939 = DIRECTION('',(1.,1.249318835986E-16,0.));
#2940 = ORIENTED_EDGE('',*,*,#2941,.T.);
#2941 = EDGE_CURVE('',#2933,#2942,#2944,.T.);
#2942 = VERTEX_POINT('',#2943);
#2943 = CARTESIAN_POINT('',(-4.475,5.85,4.0995));
#2944 = LINE('',#2945,#2946);
#2945 = CARTESIAN_POINT('',(-4.475,5.85,4.4995));
#2946 = VECTOR('',#2947,1.);
#2947 = DIRECTION('',(3.233169226055E-16,1.143483020049E-31,1.));
#2948 = ORIENTED_EDGE('',*,*,#2949,.F.);
#2949 = EDGE_CURVE('',#2950,#2942,#2952,.T.);
#2950 = VERTEX_POINT('',#2951);
#2951 = CARTESIAN_POINT('',(-1.45,5.85,4.0995));
#2952 = LINE('',#2953,#2954);
#2953 = CARTESIAN_POINT('',(5.5,5.85,4.0995));
#2954 = VECTOR('',#2955,1.);
#2955 = DIRECTION('',(-1.,-1.249318835986E-16,-1.577021341797E-16));
#2956 = ORIENTED_EDGE('',*,*,#2957,.F.);
#2957 = EDGE_CURVE('',#2958,#2950,#2960,.T.);
#2958 = VERTEX_POINT('',#2959);
#2959 = CARTESIAN_POINT('',(-1.45,5.85,3.8795));
#2960 = LINE('',#2961,#2962);
#2961 = CARTESIAN_POINT('',(-1.45,5.85,3.8795));
#2962 = VECTOR('',#2963,1.);
#2963 = DIRECTION('',(-1.577021341797E-16,-1.97020246706E-32,1.));
#2964 = ORIENTED_EDGE('',*,*,#2965,.T.);
#2965 = EDGE_CURVE('',#2958,#2966,#2968,.T.);
#2966 = VERTEX_POINT('',#2967);
#2967 = CARTESIAN_POINT('',(1.45,5.85,3.8795));
#2968 = LINE('',#2969,#2970);
#2969 = CARTESIAN_POINT('',(-1.45,5.85,3.8795));
#2970 = VECTOR('',#2971,1.);
#2971 = DIRECTION('',(1.,2.826340177784E-16,1.577021341797E-16));
#2972 = ORIENTED_EDGE('',*,*,#2973,.T.);
#2973 = EDGE_CURVE('',#2966,#2974,#2976,.T.);
#2974 = VERTEX_POINT('',#2975);
#2975 = CARTESIAN_POINT('',(1.45,5.85,4.0995));
#2976 = LINE('',#2977,#2978);
#2977 = CARTESIAN_POINT('',(1.45,5.85,3.8795));
#2978 = VECTOR('',#2979,1.);
#2979 = DIRECTION('',(-1.577021341797E-16,-1.97020246706E-32,1.));
#2980 = ORIENTED_EDGE('',*,*,#2981,.F.);
#2981 = EDGE_CURVE('',#2982,#2974,#2984,.T.);
#2982 = VERTEX_POINT('',#2983);
#2983 = CARTESIAN_POINT('',(4.475,5.85,4.0995));
#2984 = LINE('',#2985,#2986);
#2985 = CARTESIAN_POINT('',(5.5,5.85,4.0995));
#2986 = VECTOR('',#2987,1.);
#2987 = DIRECTION('',(-1.,-1.249318835986E-16,-1.577021341797E-16));
#2988 = ORIENTED_EDGE('',*,*,#2989,.T.);
#2989 = EDGE_CURVE('',#2982,#2772,#2990,.T.);
#2990 = LINE('',#2991,#2992);
#2991 = CARTESIAN_POINT('',(4.475,5.85,0.89314916731));
#2992 = VECTOR('',#2993,1.);
#2993 = DIRECTION('',(1.577021341797E-16,1.97020246706E-32,-1.));
#2994 = PLANE('',#2995);
#2995 = AXIS2_PLACEMENT_3D('',#2996,#2997,#2998);
#2996 = CARTESIAN_POINT('',(-4.525,5.85,0.6995));
#2997 = DIRECTION('',(-1.249318835986E-16,1.,-5.473822126269E-48));
#2998 = DIRECTION('',(1.,1.249318835986E-16,1.577021341797E-16));
#2999 = ADVANCED_FACE('',(#3000),#3027,.F.);
#3000 = FACE_BOUND('',#3001,.F.);
#3001 = EDGE_LOOP('',(#3002,#3010,#3011,#3020));
#3002 = ORIENTED_EDGE('',*,*,#3003,.T.);
#3003 = EDGE_CURVE('',#3004,#2908,#3006,.T.);
#3004 = VERTEX_POINT('',#3005);
#3005 = CARTESIAN_POINT('',(-2.975,5.45,0.89314916731));
#3006 = LINE('',#3007,#3008);
#3007 = CARTESIAN_POINT('',(-2.975,-15.77192262732,0.89314916731));
#3008 = VECTOR('',#3009,1.);
#3009 = DIRECTION('',(-1.249318835986E-16,1.,0.));
#3010 = ORIENTED_EDGE('',*,*,#2915,.T.);
#3011 = ORIENTED_EDGE('',*,*,#3012,.F.);
#3012 = EDGE_CURVE('',#3013,#2916,#3015,.T.);
#3013 = VERTEX_POINT('',#3014);
#3014 = CARTESIAN_POINT('',(-3.098205080757,5.45,0.7995));
#3015 = B_SPLINE_CURVE_WITH_KNOTS('',3,(#3016,#3017,#3018,#3019),
  .UNSPECIFIED.,.F.,.F.,(4,4),(0.,1.),.PIECEWISE_BEZIER_KNOTS.);
#3016 = CARTESIAN_POINT('',(-3.098205080757,5.45,0.7995));
#3017 = CARTESIAN_POINT('',(-3.098205080757,5.583333333333,0.7995));
#3018 = CARTESIAN_POINT('',(-3.098205080757,5.716666666667,0.7995));
#3019 = CARTESIAN_POINT('',(-3.098205080757,5.85,0.7995));
#3020 = ORIENTED_EDGE('',*,*,#3021,.F.);
#3021 = EDGE_CURVE('',#3004,#3013,#3022,.T.);
#3022 = CIRCLE('',#3023,0.2);
#3023 = AXIS2_PLACEMENT_3D('',#3024,#3025,#3026);
#3024 = CARTESIAN_POINT('',(-2.925,5.45,0.6995));
#3025 = DIRECTION('',(1.249318835986E-16,-1.,0.));
#3026 = DIRECTION('',(1.,1.249318835986E-16,0.));
#3027 = CYLINDRICAL_SURFACE('',#3028,0.2);
#3028 = AXIS2_PLACEMENT_3D('',#3029,#3030,#3031);
#3029 = CARTESIAN_POINT('',(-2.925,-15.77192262732,0.6995));
#3030 = DIRECTION('',(-1.249318835986E-16,1.,0.));
#3031 = DIRECTION('',(0.,0.,1.));
#3032 = ADVANCED_FACE('',(#3033),#3060,.F.);
#3033 = FACE_BOUND('',#3034,.F.);
#3034 = EDGE_LOOP('',(#3035,#3043,#3052,#3059));
#3035 = ORIENTED_EDGE('',*,*,#3036,.F.);
#3036 = EDGE_CURVE('',#3037,#2933,#3039,.T.);
#3037 = VERTEX_POINT('',#3038);
#3038 = CARTESIAN_POINT('',(-4.475,5.45,0.89314916731));
#3039 = LINE('',#3040,#3041);
#3040 = CARTESIAN_POINT('',(-4.475,-15.77192262732,0.89314916731));
#3041 = VECTOR('',#3042,1.);
#3042 = DIRECTION('',(-1.249318835986E-16,1.,0.));
#3043 = ORIENTED_EDGE('',*,*,#3044,.F.);
#3044 = EDGE_CURVE('',#3045,#3037,#3047,.T.);
#3045 = VERTEX_POINT('',#3046);
#3046 = CARTESIAN_POINT('',(-4.351794919243,5.45,0.7995));
#3047 = CIRCLE('',#3048,0.2);
#3048 = AXIS2_PLACEMENT_3D('',#3049,#3050,#3051);
#3049 = CARTESIAN_POINT('',(-4.525,5.45,0.6995));
#3050 = DIRECTION('',(1.249318835986E-16,-1.,0.));
#3051 = DIRECTION('',(1.,1.249318835986E-16,0.));
#3052 = ORIENTED_EDGE('',*,*,#3053,.F.);
#3053 = EDGE_CURVE('',#2925,#3045,#3054,.T.);
#3054 = B_SPLINE_CURVE_WITH_KNOTS('',3,(#3055,#3056,#3057,#3058),
  .UNSPECIFIED.,.F.,.F.,(4,4),(0.,1.),.PIECEWISE_BEZIER_KNOTS.);
#3055 = CARTESIAN_POINT('',(-4.351794919243,5.85,0.7995));
#3056 = CARTESIAN_POINT('',(-4.351794919243,5.716666666667,0.7995));
#3057 = CARTESIAN_POINT('',(-4.351794919243,5.583333333333,0.7995));
#3058 = CARTESIAN_POINT('',(-4.351794919243,5.45,0.7995));
#3059 = ORIENTED_EDGE('',*,*,#2932,.T.);
#3060 = CYLINDRICAL_SURFACE('',#3061,0.2);
#3061 = AXIS2_PLACEMENT_3D('',#3062,#3063,#3064);
#3062 = CARTESIAN_POINT('',(-4.525,-15.77192262732,0.6995));
#3063 = DIRECTION('',(-1.249318835986E-16,1.,0.));
#3064 = DIRECTION('',(0.,0.,1.));
#3065 = ADVANCED_FACE('',(#3066),#3101,.F.);
#3066 = FACE_BOUND('',#3067,.F.);
#3067 = EDGE_LOOP('',(#3068,#3078,#3087,#3094));
#3068 = ORIENTED_EDGE('',*,*,#3069,.T.);
#3069 = EDGE_CURVE('',#3070,#3072,#3074,.T.);
#3070 = VERTEX_POINT('',#3071);
#3071 = CARTESIAN_POINT('',(-4.475,-5.45,0.89314916731));
#3072 = VERTEX_POINT('',#3073);
#3073 = CARTESIAN_POINT('',(-4.475,-5.85,0.89314916731));
#3074 = LINE('',#3075,#3076);
#3075 = CARTESIAN_POINT('',(-4.475,15.771922627321,0.89314916731));
#3076 = VECTOR('',#3077,1.);
#3077 = DIRECTION('',(1.249318835986E-16,-1.,0.));
#3078 = ORIENTED_EDGE('',*,*,#3079,.F.);
#3079 = EDGE_CURVE('',#3080,#3072,#3082,.T.);
#3080 = VERTEX_POINT('',#3081);
#3081 = CARTESIAN_POINT('',(-4.351794919243,-5.85,0.7995));
#3082 = CIRCLE('',#3083,0.2);
#3083 = AXIS2_PLACEMENT_3D('',#3084,#3085,#3086);
#3084 = CARTESIAN_POINT('',(-4.525,-5.85,0.6995));
#3085 = DIRECTION('',(1.249318835986E-16,-1.,0.));
#3086 = DIRECTION('',(1.,1.249318835986E-16,0.));
#3087 = ORIENTED_EDGE('',*,*,#3088,.F.);
#3088 = EDGE_CURVE('',#2280,#3080,#3089,.T.);
#3089 = B_SPLINE_CURVE_WITH_KNOTS('',3,(#3090,#3091,#3092,#3093),
  .UNSPECIFIED.,.F.,.F.,(4,4),(0.,1.),.PIECEWISE_BEZIER_KNOTS.);
#3090 = CARTESIAN_POINT('',(-4.351794919243,-5.45,0.7995));
#3091 = CARTESIAN_POINT('',(-4.351794919243,-5.583333333333,0.7995));
#3092 = CARTESIAN_POINT('',(-4.351794919243,-5.716666666667,0.7995));
#3093 = CARTESIAN_POINT('',(-4.351794919243,-5.85,0.7995));
#3094 = ORIENTED_EDGE('',*,*,#3095,.T.);
#3095 = EDGE_CURVE('',#2280,#3070,#3096,.T.);
#3096 = CIRCLE('',#3097,0.2);
#3097 = AXIS2_PLACEMENT_3D('',#3098,#3099,#3100);
#3098 = CARTESIAN_POINT('',(-4.525,-5.45,0.6995));
#3099 = DIRECTION('',(1.249318835986E-16,-1.,0.));
#3100 = DIRECTION('',(1.,1.249318835986E-16,0.));
#3101 = CYLINDRICAL_SURFACE('',#3102,0.2);
#3102 = AXIS2_PLACEMENT_3D('',#3103,#3104,#3105);
#3103 = CARTESIAN_POINT('',(-4.525,15.771922627321,0.6995));
#3104 = DIRECTION('',(1.249318835986E-16,-1.,0.));
#3105 = DIRECTION('',(0.,-0.,-1.));
#3106 = ADVANCED_FACE('',(#3107),#3142,.F.);
#3107 = FACE_BOUND('',#3108,.F.);
#3108 = EDGE_LOOP('',(#3109,#3119,#3126,#3135));
#3109 = ORIENTED_EDGE('',*,*,#3110,.F.);
#3110 = EDGE_CURVE('',#3111,#3113,#3115,.T.);
#3111 = VERTEX_POINT('',#3112);
#3112 = CARTESIAN_POINT('',(-2.975,-5.45,0.89314916731));
#3113 = VERTEX_POINT('',#3114);
#3114 = CARTESIAN_POINT('',(-2.975,-5.85,0.89314916731));
#3115 = LINE('',#3116,#3117);
#3116 = CARTESIAN_POINT('',(-2.975,15.771922627321,0.89314916731));
#3117 = VECTOR('',#3118,1.);
#3118 = DIRECTION('',(1.249318835986E-16,-1.,0.));
#3119 = ORIENTED_EDGE('',*,*,#3120,.T.);
#3120 = EDGE_CURVE('',#3111,#2271,#3121,.T.);
#3121 = CIRCLE('',#3122,0.2);
#3122 = AXIS2_PLACEMENT_3D('',#3123,#3124,#3125);
#3123 = CARTESIAN_POINT('',(-2.925,-5.45,0.6995));
#3124 = DIRECTION('',(1.249318835986E-16,-1.,0.));
#3125 = DIRECTION('',(1.,1.249318835986E-16,0.));
#3126 = ORIENTED_EDGE('',*,*,#3127,.F.);
#3127 = EDGE_CURVE('',#3128,#2271,#3130,.T.);
#3128 = VERTEX_POINT('',#3129);
#3129 = CARTESIAN_POINT('',(-3.098205080757,-5.85,0.7995));
#3130 = B_SPLINE_CURVE_WITH_KNOTS('',3,(#3131,#3132,#3133,#3134),
  .UNSPECIFIED.,.F.,.F.,(4,4),(0.,1.),.PIECEWISE_BEZIER_KNOTS.);
#3131 = CARTESIAN_POINT('',(-3.098205080757,-5.85,0.7995));
#3132 = CARTESIAN_POINT('',(-3.098205080757,-5.716666666667,0.7995));
#3133 = CARTESIAN_POINT('',(-3.098205080757,-5.583333333333,0.7995));
#3134 = CARTESIAN_POINT('',(-3.098205080757,-5.45,0.7995));
#3135 = ORIENTED_EDGE('',*,*,#3136,.F.);
#3136 = EDGE_CURVE('',#3113,#3128,#3137,.T.);
#3137 = CIRCLE('',#3138,0.2);
#3138 = AXIS2_PLACEMENT_3D('',#3139,#3140,#3141);
#3139 = CARTESIAN_POINT('',(-2.925,-5.85,0.6995));
#3140 = DIRECTION('',(1.249318835986E-16,-1.,0.));
#3141 = DIRECTION('',(1.,1.249318835986E-16,0.));
#3142 = CYLINDRICAL_SURFACE('',#3143,0.2);
#3143 = AXIS2_PLACEMENT_3D('',#3144,#3145,#3146);
#3144 = CARTESIAN_POINT('',(-2.925,15.771922627321,0.6995));
#3145 = DIRECTION('',(1.249318835986E-16,-1.,0.));
#3146 = DIRECTION('',(0.,-0.,-1.));
#3147 = ADVANCED_FACE('',(#3148),#3271,.F.);
#3148 = FACE_BOUND('',#3149,.T.);
#3149 = EDGE_LOOP('',(#3150,#3151,#3152,#3153,#3159,#3160,#3168,#3176,
    #3182,#3183,#3191,#3200,#3208,#3217,#3225,#3233,#3241,#3249,#3257,
    #3265));
#3150 = ORIENTED_EDGE('',*,*,#3120,.T.);
#3151 = ORIENTED_EDGE('',*,*,#2279,.T.);
#3152 = ORIENTED_EDGE('',*,*,#3095,.T.);
#3153 = ORIENTED_EDGE('',*,*,#3154,.T.);
#3154 = EDGE_CURVE('',#3070,#2388,#3155,.T.);
#3155 = LINE('',#3156,#3157);
#3156 = CARTESIAN_POINT('',(-4.475,-5.45,4.4995));
#3157 = VECTOR('',#3158,1.);
#3158 = DIRECTION('',(3.233169226055E-16,-3.356311772405E-32,1.));
#3159 = ORIENTED_EDGE('',*,*,#2387,.F.);
#3160 = ORIENTED_EDGE('',*,*,#3161,.F.);
#3161 = EDGE_CURVE('',#3162,#2380,#3164,.T.);
#3162 = VERTEX_POINT('',#3163);
#3163 = CARTESIAN_POINT('',(-1.45,-5.45,3.8795));
#3164 = LINE('',#3165,#3166);
#3165 = CARTESIAN_POINT('',(-1.45,-5.45,0.6995));
#3166 = VECTOR('',#3167,1.);
#3167 = DIRECTION('',(-1.577021341797E-16,-1.97020246706E-32,1.));
#3168 = ORIENTED_EDGE('',*,*,#3169,.T.);
#3169 = EDGE_CURVE('',#3162,#3170,#3172,.T.);
#3170 = VERTEX_POINT('',#3171);
#3171 = CARTESIAN_POINT('',(1.45,-5.45,3.8795));
#3172 = LINE('',#3173,#3174);
#3173 = CARTESIAN_POINT('',(-4.525,-5.45,3.8795));
#3174 = VECTOR('',#3175,1.);
#3175 = DIRECTION('',(1.,1.249318835986E-16,1.577021341797E-16));
#3176 = ORIENTED_EDGE('',*,*,#3177,.F.);
#3177 = EDGE_CURVE('',#2638,#3170,#3178,.T.);
#3178 = LINE('',#3179,#3180);
#3179 = CARTESIAN_POINT('',(1.45,-5.45,0.6995));
#3180 = VECTOR('',#3181,1.);
#3181 = DIRECTION('',(1.577021341797E-16,1.97020246706E-32,-1.));
#3182 = ORIENTED_EDGE('',*,*,#2679,.F.);
#3183 = ORIENTED_EDGE('',*,*,#3184,.T.);
#3184 = EDGE_CURVE('',#2672,#3185,#3187,.T.);
#3185 = VERTEX_POINT('',#3186);
#3186 = CARTESIAN_POINT('',(4.475,-5.45,0.89314916731));
#3187 = LINE('',#3188,#3189);
#3188 = CARTESIAN_POINT('',(4.475,-5.45,0.89314916731));
#3189 = VECTOR('',#3190,1.);
#3190 = DIRECTION('',(1.577021341797E-16,1.97020246706E-32,-1.));
#3191 = ORIENTED_EDGE('',*,*,#3192,.T.);
#3192 = EDGE_CURVE('',#3185,#3193,#3195,.T.);
#3193 = VERTEX_POINT('',#3194);
#3194 = CARTESIAN_POINT('',(4.351794919243,-5.45,0.7995));
#3195 = CIRCLE('',#3196,0.2);
#3196 = AXIS2_PLACEMENT_3D('',#3197,#3198,#3199);
#3197 = CARTESIAN_POINT('',(4.525,-5.45,0.6995));
#3198 = DIRECTION('',(1.249318835986E-16,-1.,0.));
#3199 = DIRECTION('',(1.,1.249318835986E-16,0.));
#3200 = ORIENTED_EDGE('',*,*,#3201,.T.);
#3201 = EDGE_CURVE('',#3193,#3202,#3204,.T.);
#3202 = VERTEX_POINT('',#3203);
#3203 = CARTESIAN_POINT('',(3.098205080757,-5.45,0.7995));
#3204 = LINE('',#3205,#3206);
#3205 = CARTESIAN_POINT('',(-4.525,-5.45,0.7995));
#3206 = VECTOR('',#3207,1.);
#3207 = DIRECTION('',(-1.,-1.249318835986E-16,3.459511681412E-16));
#3208 = ORIENTED_EDGE('',*,*,#3209,.T.);
#3209 = EDGE_CURVE('',#3202,#3210,#3212,.T.);
#3210 = VERTEX_POINT('',#3211);
#3211 = CARTESIAN_POINT('',(2.975,-5.45,0.89314916731));
#3212 = CIRCLE('',#3213,0.2);
#3213 = AXIS2_PLACEMENT_3D('',#3214,#3215,#3216);
#3214 = CARTESIAN_POINT('',(2.925,-5.45,0.6995));
#3215 = DIRECTION('',(1.249318835986E-16,-1.,0.));
#3216 = DIRECTION('',(1.,1.249318835986E-16,0.));
#3217 = ORIENTED_EDGE('',*,*,#3218,.T.);
#3218 = EDGE_CURVE('',#3210,#3219,#3221,.T.);
#3219 = VERTEX_POINT('',#3220);
#3220 = CARTESIAN_POINT('',(2.975,-5.45,1.3995));
#3221 = LINE('',#3222,#3223);
#3222 = CARTESIAN_POINT('',(2.975,-5.45,1.3995));
#3223 = VECTOR('',#3224,1.);
#3224 = DIRECTION('',(-1.577021341797E-16,-1.97020246706E-32,1.));
#3225 = ORIENTED_EDGE('',*,*,#3226,.T.);
#3226 = EDGE_CURVE('',#3219,#3227,#3229,.T.);
#3227 = VERTEX_POINT('',#3228);
#3228 = CARTESIAN_POINT('',(1.25,-5.45,1.3995));
#3229 = LINE('',#3230,#3231);
#3230 = CARTESIAN_POINT('',(1.25,-5.45,1.3995));
#3231 = VECTOR('',#3232,1.);
#3232 = DIRECTION('',(-1.,-4.700481482528E-16,3.451162646541E-16));
#3233 = ORIENTED_EDGE('',*,*,#3234,.T.);
#3234 = EDGE_CURVE('',#3227,#3235,#3237,.T.);
#3235 = VERTEX_POINT('',#3236);
#3236 = CARTESIAN_POINT('',(1.25,-5.45,-0.9505));
#3237 = LINE('',#3238,#3239);
#3238 = CARTESIAN_POINT('',(1.25,-5.45,0.6995));
#3239 = VECTOR('',#3240,1.);
#3240 = DIRECTION('',(1.577021341797E-16,1.97020246706E-32,-1.));
#3241 = ORIENTED_EDGE('',*,*,#3242,.T.);
#3242 = EDGE_CURVE('',#3235,#3243,#3245,.T.);
#3243 = VERTEX_POINT('',#3244);
#3244 = CARTESIAN_POINT('',(-1.25,-5.45,-0.9505));
#3245 = LINE('',#3246,#3247);
#3246 = CARTESIAN_POINT('',(2.947792684635,-5.45,-0.9505));
#3247 = VECTOR('',#3248,1.);
#3248 = DIRECTION('',(-1.,3.277025058107E-17,-1.577021341797E-16));
#3249 = ORIENTED_EDGE('',*,*,#3250,.T.);
#3250 = EDGE_CURVE('',#3243,#3251,#3253,.T.);
#3251 = VERTEX_POINT('',#3252);
#3252 = CARTESIAN_POINT('',(-1.25,-5.45,1.3995));
#3253 = LINE('',#3254,#3255);
#3254 = CARTESIAN_POINT('',(-1.25,-5.45,1.3995));
#3255 = VECTOR('',#3256,1.);
#3256 = DIRECTION('',(4.618419643834E-16,-4.090882661731E-32,1.));
#3257 = ORIENTED_EDGE('',*,*,#3258,.T.);
#3258 = EDGE_CURVE('',#3251,#3259,#3261,.T.);
#3259 = VERTEX_POINT('',#3260);
#3260 = CARTESIAN_POINT('',(-2.975,-5.45,1.3995));
#3261 = LINE('',#3262,#3263);
#3262 = CARTESIAN_POINT('',(-2.975,-5.45,1.3995));
#3263 = VECTOR('',#3264,1.);
#3264 = DIRECTION('',(-1.,-4.700481482528E-16,-4.091113335966E-16));
#3265 = ORIENTED_EDGE('',*,*,#3266,.T.);
#3266 = EDGE_CURVE('',#3259,#3111,#3267,.T.);
#3267 = LINE('',#3268,#3269);
#3268 = CARTESIAN_POINT('',(-2.975,-5.45,0.89314916731));
#3269 = VECTOR('',#3270,1.);
#3270 = DIRECTION('',(1.577021341797E-16,1.97020246706E-32,-1.));
#3271 = PLANE('',#3272);
#3272 = AXIS2_PLACEMENT_3D('',#3273,#3274,#3275);
#3273 = CARTESIAN_POINT('',(-4.525,-5.45,0.6995));
#3274 = DIRECTION('',(1.249318835986E-16,-1.,-5.473822126269E-48));
#3275 = DIRECTION('',(1.,1.249318835986E-16,1.577021341797E-16));
#3276 = ADVANCED_FACE('',(#3277),#3304,.F.);
#3277 = FACE_BOUND('',#3278,.F.);
#3278 = EDGE_LOOP('',(#3279,#3287,#3296,#3303));
#3279 = ORIENTED_EDGE('',*,*,#3280,.T.);
#3280 = EDGE_CURVE('',#3210,#3281,#3283,.T.);
#3281 = VERTEX_POINT('',#3282);
#3282 = CARTESIAN_POINT('',(2.975,-5.85,0.89314916731));
#3283 = LINE('',#3284,#3285);
#3284 = CARTESIAN_POINT('',(2.975,15.771922627321,0.89314916731));
#3285 = VECTOR('',#3286,1.);
#3286 = DIRECTION('',(1.249318835986E-16,-1.,0.));
#3287 = ORIENTED_EDGE('',*,*,#3288,.F.);
#3288 = EDGE_CURVE('',#3289,#3281,#3291,.T.);
#3289 = VERTEX_POINT('',#3290);
#3290 = CARTESIAN_POINT('',(3.098205080757,-5.85,0.7995));
#3291 = CIRCLE('',#3292,0.2);
#3292 = AXIS2_PLACEMENT_3D('',#3293,#3294,#3295);
#3293 = CARTESIAN_POINT('',(2.925,-5.85,0.6995));
#3294 = DIRECTION('',(1.249318835986E-16,-1.,0.));
#3295 = DIRECTION('',(1.,1.249318835986E-16,0.));
#3296 = ORIENTED_EDGE('',*,*,#3297,.F.);
#3297 = EDGE_CURVE('',#3202,#3289,#3298,.T.);
#3298 = B_SPLINE_CURVE_WITH_KNOTS('',3,(#3299,#3300,#3301,#3302),
  .UNSPECIFIED.,.F.,.F.,(4,4),(0.,1.),.PIECEWISE_BEZIER_KNOTS.);
#3299 = CARTESIAN_POINT('',(3.098205080757,-5.45,0.7995));
#3300 = CARTESIAN_POINT('',(3.098205080757,-5.583333333333,0.7995));
#3301 = CARTESIAN_POINT('',(3.098205080757,-5.716666666667,0.7995));
#3302 = CARTESIAN_POINT('',(3.098205080757,-5.85,0.7995));
#3303 = ORIENTED_EDGE('',*,*,#3209,.T.);
#3304 = CYLINDRICAL_SURFACE('',#3305,0.2);
#3305 = AXIS2_PLACEMENT_3D('',#3306,#3307,#3308);
#3306 = CARTESIAN_POINT('',(2.925,15.771922627321,0.6995));
#3307 = DIRECTION('',(1.249318835986E-16,-1.,0.));
#3308 = DIRECTION('',(0.,-0.,-1.));
#3309 = ADVANCED_FACE('',(#3310),#3337,.F.);
#3310 = FACE_BOUND('',#3311,.F.);
#3311 = EDGE_LOOP('',(#3312,#3320,#3321,#3330));
#3312 = ORIENTED_EDGE('',*,*,#3313,.F.);
#3313 = EDGE_CURVE('',#3185,#3314,#3316,.T.);
#3314 = VERTEX_POINT('',#3315);
#3315 = CARTESIAN_POINT('',(4.475,-5.85,0.89314916731));
#3316 = LINE('',#3317,#3318);
#3317 = CARTESIAN_POINT('',(4.475,15.771922627321,0.89314916731));
#3318 = VECTOR('',#3319,1.);
#3319 = DIRECTION('',(1.249318835986E-16,-1.,0.));
#3320 = ORIENTED_EDGE('',*,*,#3192,.T.);
#3321 = ORIENTED_EDGE('',*,*,#3322,.F.);
#3322 = EDGE_CURVE('',#3323,#3193,#3325,.T.);
#3323 = VERTEX_POINT('',#3324);
#3324 = CARTESIAN_POINT('',(4.351794919243,-5.85,0.7995));
#3325 = B_SPLINE_CURVE_WITH_KNOTS('',3,(#3326,#3327,#3328,#3329),
  .UNSPECIFIED.,.F.,.F.,(4,4),(0.,1.),.PIECEWISE_BEZIER_KNOTS.);
#3326 = CARTESIAN_POINT('',(4.351794919243,-5.85,0.7995));
#3327 = CARTESIAN_POINT('',(4.351794919243,-5.716666666667,0.7995));
#3328 = CARTESIAN_POINT('',(4.351794919243,-5.583333333333,0.7995));
#3329 = CARTESIAN_POINT('',(4.351794919243,-5.45,0.7995));
#3330 = ORIENTED_EDGE('',*,*,#3331,.F.);
#3331 = EDGE_CURVE('',#3314,#3323,#3332,.T.);
#3332 = CIRCLE('',#3333,0.2);
#3333 = AXIS2_PLACEMENT_3D('',#3334,#3335,#3336);
#3334 = CARTESIAN_POINT('',(4.525,-5.85,0.6995));
#3335 = DIRECTION('',(1.249318835986E-16,-1.,0.));
#3336 = DIRECTION('',(1.,1.249318835986E-16,0.));
#3337 = CYLINDRICAL_SURFACE('',#3338,0.2);
#3338 = AXIS2_PLACEMENT_3D('',#3339,#3340,#3341);
#3339 = CARTESIAN_POINT('',(4.525,15.771922627321,0.6995));
#3340 = DIRECTION('',(1.249318835986E-16,-1.,0.));
#3341 = DIRECTION('',(0.,-0.,-1.));
#3342 = ADVANCED_FACE('',(#3343),#3377,.T.);
#3343 = FACE_BOUND('',#3344,.T.);
#3344 = EDGE_LOOP('',(#3345,#3355,#3363,#3371));
#3345 = ORIENTED_EDGE('',*,*,#3346,.T.);
#3346 = EDGE_CURVE('',#3347,#3349,#3351,.T.);
#3347 = VERTEX_POINT('',#3348);
#3348 = CARTESIAN_POINT('',(0.5,5.969435433668,-3.378722877396));
#3349 = VERTEX_POINT('',#3350);
#3350 = CARTESIAN_POINT('',(1.25,6.149954219337,-2.98513302994));
#3351 = LINE('',#3352,#3353);
#3352 = CARTESIAN_POINT('',(1.25,6.149954219337,-2.98513302994));
#3353 = VECTOR('',#3354,1.);
#3354 = DIRECTION('',(0.866025403784,0.208445138999,0.454478408758));
#3355 = ORIENTED_EDGE('',*,*,#3356,.F.);
#3356 = EDGE_CURVE('',#3357,#3349,#3359,.T.);
#3357 = VERTEX_POINT('',#3358);
#3358 = CARTESIAN_POINT('',(1.25,5.78637149233,-2.81837691874));
#3359 = LINE('',#3360,#3361);
#3360 = CARTESIAN_POINT('',(1.25,0.581433404955,-0.431147905882));
#3361 = VECTOR('',#3362,1.);
#3362 = DIRECTION('',(-2.712598215019E-16,0.908956817517,-0.416890277999
    ));
#3363 = ORIENTED_EDGE('',*,*,#3364,.T.);
#3364 = EDGE_CURVE('',#3357,#3365,#3367,.T.);
#3365 = VERTEX_POINT('',#3366);
#3366 = CARTESIAN_POINT('',(0.5,5.605852706661,-3.211966766196));
#3367 = LINE('',#3368,#3369);
#3368 = CARTESIAN_POINT('',(1.25,5.78637149233,-2.81837691874));
#3369 = VECTOR('',#3370,1.);
#3370 = DIRECTION('',(-0.866025403784,-0.208445138999,-0.454478408758));
#3371 = ORIENTED_EDGE('',*,*,#3372,.T.);
#3372 = EDGE_CURVE('',#3365,#3347,#3373,.T.);
#3373 = LINE('',#3374,#3375);
#3374 = CARTESIAN_POINT('',(0.5,0.400914619286,-0.824737753338));
#3375 = VECTOR('',#3376,1.);
#3376 = DIRECTION('',(-2.712598215019E-16,0.908956817517,-0.416890277999
    ));
#3377 = PLANE('',#3378);
#3378 = AXIS2_PLACEMENT_3D('',#3379,#3380,#3381);
#3379 = CARTESIAN_POINT('',(1.25,0.581433404955,-0.431147905882));
#3380 = DIRECTION('',(0.5,-0.361037571338,-0.787179694913));
#3381 = DIRECTION('',(0.866025403784,0.208445138999,0.454478408758));
#3382 = ADVANCED_FACE('',(#3383),#3410,.T.);
#3383 = FACE_BOUND('',#3384,.T.);
#3384 = EDGE_LOOP('',(#3385,#3394,#3395,#3404));
#3385 = ORIENTED_EDGE('',*,*,#3386,.T.);
#3386 = EDGE_CURVE('',#3387,#3347,#3389,.T.);
#3387 = VERTEX_POINT('',#3388);
#3388 = CARTESIAN_POINT('',(-0.5,5.969435433668,-3.378722877396));
#3389 = CIRCLE('',#3390,1.);
#3390 = AXIS2_PLACEMENT_3D('',#3391,#3392,#3393);
#3391 = CARTESIAN_POINT('',(-1.118867005461E-16,6.330473005005,
    -2.591543182483));
#3392 = DIRECTION('',(2.712598215019E-16,-0.908956817517,0.416890277999)
  );
#3393 = DIRECTION('',(2.09785021864E-16,-0.416890277999,-0.908956817517)
  );
#3394 = ORIENTED_EDGE('',*,*,#3372,.F.);
#3395 = ORIENTED_EDGE('',*,*,#3396,.T.);
#3396 = EDGE_CURVE('',#3365,#3397,#3399,.T.);
#3397 = VERTEX_POINT('',#3398);
#3398 = CARTESIAN_POINT('',(-0.5,5.605852706661,-3.211966766196));
#3399 = CIRCLE('',#3400,1.);
#3400 = AXIS2_PLACEMENT_3D('',#3401,#3402,#3403);
#3401 = CARTESIAN_POINT('',(-3.38277194537E-18,5.966890277999,
    -2.424787071284));
#3402 = DIRECTION('',(-2.712598215019E-16,0.908956817517,-0.416890277999
    ));
#3403 = DIRECTION('',(-2.09785021864E-16,0.416890277999,0.908956817517)
  );
#3404 = ORIENTED_EDGE('',*,*,#3405,.T.);
#3405 = EDGE_CURVE('',#3397,#3387,#3406,.T.);
#3406 = LINE('',#3407,#3408);
#3407 = CARTESIAN_POINT('',(-0.5,0.400914619286,-0.824737753338));
#3408 = VECTOR('',#3409,1.);
#3409 = DIRECTION('',(-2.712598215019E-16,0.908956817517,-0.416890277999
    ));
#3410 = CYLINDRICAL_SURFACE('',#3411,1.);
#3411 = AXIS2_PLACEMENT_3D('',#3412,#3413,#3414);
#3412 = CARTESIAN_POINT('',(1.549925976392E-15,0.761952190623,
    -3.755805842548E-02));
#3413 = DIRECTION('',(-2.712598215019E-16,0.908956817517,-0.416890277999
    ));
#3414 = DIRECTION('',(-5.208288768433E-17,0.416890277999,0.908956817517)
  );
#3415 = ADVANCED_FACE('',(#3416),#3441,.T.);
#3416 = FACE_BOUND('',#3417,.T.);
#3417 = EDGE_LOOP('',(#3418,#3426,#3427,#3435));
#3418 = ORIENTED_EDGE('',*,*,#3419,.T.);
#3419 = EDGE_CURVE('',#3420,#3387,#3422,.T.);
#3420 = VERTEX_POINT('',#3421);
#3421 = CARTESIAN_POINT('',(-1.25,6.149954219337,-2.98513302994));
#3422 = LINE('',#3423,#3424);
#3423 = CARTESIAN_POINT('',(-0.5,5.969435433668,-3.378722877396));
#3424 = VECTOR('',#3425,1.);
#3425 = DIRECTION('',(0.866025403784,-0.208445138999,-0.454478408758));
#3426 = ORIENTED_EDGE('',*,*,#3405,.F.);
#3427 = ORIENTED_EDGE('',*,*,#3428,.T.);
#3428 = EDGE_CURVE('',#3397,#3429,#3431,.T.);
#3429 = VERTEX_POINT('',#3430);
#3430 = CARTESIAN_POINT('',(-1.25,5.78637149233,-2.81837691874));
#3431 = LINE('',#3432,#3433);
#3432 = CARTESIAN_POINT('',(-0.5,5.605852706661,-3.211966766196));
#3433 = VECTOR('',#3434,1.);
#3434 = DIRECTION('',(-0.866025403784,0.208445138999,0.454478408758));
#3435 = ORIENTED_EDGE('',*,*,#3436,.T.);
#3436 = EDGE_CURVE('',#3429,#3420,#3437,.T.);
#3437 = LINE('',#3438,#3439);
#3438 = CARTESIAN_POINT('',(-1.25,0.581433404955,-0.431147905882));
#3439 = VECTOR('',#3440,1.);
#3440 = DIRECTION('',(-2.712598215019E-16,0.908956817517,-0.416890277999
    ));
#3441 = PLANE('',#3442);
#3442 = AXIS2_PLACEMENT_3D('',#3443,#3444,#3445);
#3443 = CARTESIAN_POINT('',(-0.5,0.400914619286,-0.824737753338));
#3444 = DIRECTION('',(-0.5,-0.361037571338,-0.787179694913));
#3445 = DIRECTION('',(0.866025403784,-0.208445138999,-0.454478408758));
#3446 = ADVANCED_FACE('',(#3447),#3472,.T.);
#3447 = FACE_BOUND('',#3448,.T.);
#3448 = EDGE_LOOP('',(#3449,#3457,#3458,#3466));
#3449 = ORIENTED_EDGE('',*,*,#3450,.T.);
#3450 = EDGE_CURVE('',#3451,#3420,#3453,.T.);
#3451 = VERTEX_POINT('',#3452);
#3452 = CARTESIAN_POINT('',(-1.25,6.49537409051,-2.232005016698));
#3453 = LINE('',#3454,#3455);
#3454 = CARTESIAN_POINT('',(-1.25,6.49537409051,-2.232005016698));
#3455 = VECTOR('',#3456,1.);
#3456 = DIRECTION('',(-4.190982968364E-16,-0.416890277999,
    -0.908956817517));
#3457 = ORIENTED_EDGE('',*,*,#3436,.F.);
#3458 = ORIENTED_EDGE('',*,*,#3459,.T.);
#3459 = EDGE_CURVE('',#3429,#3460,#3462,.T.);
#3460 = VERTEX_POINT('',#3461);
#3461 = CARTESIAN_POINT('',(-1.25,6.131791363503,-2.065248905498));
#3462 = LINE('',#3463,#3464);
#3463 = CARTESIAN_POINT('',(-1.25,6.131791363503,-2.065248905498));
#3464 = VECTOR('',#3465,1.);
#3465 = DIRECTION('',(4.190982968364E-16,0.416890277999,0.908956817517)
  );
#3466 = ORIENTED_EDGE('',*,*,#3467,.T.);
#3467 = EDGE_CURVE('',#3460,#3451,#3468,.T.);
#3468 = LINE('',#3469,#3470);
#3469 = CARTESIAN_POINT('',(-1.25,0.926853276128,0.32198010736));
#3470 = VECTOR('',#3471,1.);
#3471 = DIRECTION('',(-2.712598215019E-16,0.908956817517,-0.416890277999
    ));
#3472 = PLANE('',#3473);
#3473 = AXIS2_PLACEMENT_3D('',#3474,#3475,#3476);
#3474 = CARTESIAN_POINT('',(-1.25,0.926853276128,0.32198010736));
#3475 = DIRECTION('',(-1.,-7.184545859568E-17,4.940278365149E-16));
#3476 = DIRECTION('',(-4.190982968364E-16,-0.416890277999,
    -0.908956817517));
#3477 = ADVANCED_FACE('',(#3478),#3498,.F.);
#3478 = FACE_BOUND('',#3479,.T.);
#3479 = EDGE_LOOP('',(#3480,#3481,#3482,#3483,#3491,#3497));
#3480 = ORIENTED_EDGE('',*,*,#3386,.F.);
#3481 = ORIENTED_EDGE('',*,*,#3419,.F.);
#3482 = ORIENTED_EDGE('',*,*,#3450,.F.);
#3483 = ORIENTED_EDGE('',*,*,#3484,.F.);
#3484 = EDGE_CURVE('',#3485,#3451,#3487,.T.);
#3485 = VERTEX_POINT('',#3486);
#3486 = CARTESIAN_POINT('',(1.25,6.49537409051,-2.232005016698));
#3487 = LINE('',#3488,#3489);
#3488 = CARTESIAN_POINT('',(4.0271388154,6.49537409051,-2.232005016698)
  );
#3489 = VECTOR('',#3490,1.);
#3490 = DIRECTION('',(-1.,-3.340208001574E-16,-7.759994344044E-17));
#3491 = ORIENTED_EDGE('',*,*,#3492,.T.);
#3492 = EDGE_CURVE('',#3485,#3349,#3493,.T.);
#3493 = LINE('',#3494,#3495);
#3494 = CARTESIAN_POINT('',(1.25,6.49537409051,-2.232005016698));
#3495 = VECTOR('',#3496,1.);
#3496 = DIRECTION('',(1.440405353049E-16,-0.416890277999,-0.908956817517
    ));
#3497 = ORIENTED_EDGE('',*,*,#3346,.F.);
#3498 = PLANE('',#3499);
#3499 = AXIS2_PLACEMENT_3D('',#3500,#3501,#3502);
#3500 = CARTESIAN_POINT('',(4.0271388154,6.49537409051,-2.232005016698)
  );
#3501 = DIRECTION('',(2.712598215019E-16,-0.908956817517,0.416890277999)
  );
#3502 = DIRECTION('',(2.09785021864E-16,-0.416890277999,-0.908956817517)
  );
#3503 = ADVANCED_FACE('',(#3504),#3522,.F.);
#3504 = FACE_BOUND('',#3505,.T.);
#3505 = EDGE_LOOP('',(#3506,#3507,#3508,#3516));
#3506 = ORIENTED_EDGE('',*,*,#3356,.T.);
#3507 = ORIENTED_EDGE('',*,*,#3492,.F.);
#3508 = ORIENTED_EDGE('',*,*,#3509,.F.);
#3509 = EDGE_CURVE('',#3510,#3485,#3512,.T.);
#3510 = VERTEX_POINT('',#3511);
#3511 = CARTESIAN_POINT('',(1.25,6.131791363503,-2.065248905498));
#3512 = LINE('',#3513,#3514);
#3513 = CARTESIAN_POINT('',(1.25,0.926853276128,0.32198010736));
#3514 = VECTOR('',#3515,1.);
#3515 = DIRECTION('',(-2.712598215019E-16,0.908956817517,-0.416890277999
    ));
#3516 = ORIENTED_EDGE('',*,*,#3517,.F.);
#3517 = EDGE_CURVE('',#3357,#3510,#3518,.T.);
#3518 = LINE('',#3519,#3520);
#3519 = CARTESIAN_POINT('',(1.25,6.131791363503,-2.065248905498));
#3520 = VECTOR('',#3521,1.);
#3521 = DIRECTION('',(-1.440405353049E-16,0.416890277999,0.908956817517)
  );
#3522 = PLANE('',#3523);
#3523 = AXIS2_PLACEMENT_3D('',#3524,#3525,#3526);
#3524 = CARTESIAN_POINT('',(1.25,0.926853276128,0.32198010736));
#3525 = DIRECTION('',(-1.,-3.066125628789E-16,-1.784104416836E-17));
#3526 = DIRECTION('',(-2.712598215019E-16,0.908956817517,-0.416890277999
    ));
#3527 = ADVANCED_FACE('',(#3528),#3541,.F.);
#3528 = FACE_BOUND('',#3529,.T.);
#3529 = EDGE_LOOP('',(#3530,#3531,#3532,#3533,#3534,#3535));
#3530 = ORIENTED_EDGE('',*,*,#3459,.F.);
#3531 = ORIENTED_EDGE('',*,*,#3428,.F.);
#3532 = ORIENTED_EDGE('',*,*,#3396,.F.);
#3533 = ORIENTED_EDGE('',*,*,#3364,.F.);
#3534 = ORIENTED_EDGE('',*,*,#3517,.T.);
#3535 = ORIENTED_EDGE('',*,*,#3536,.T.);
#3536 = EDGE_CURVE('',#3510,#3460,#3537,.T.);
#3537 = LINE('',#3538,#3539);
#3538 = CARTESIAN_POINT('',(4.0271388154,6.131791363503,-2.065248905498)
  );
#3539 = VECTOR('',#3540,1.);
#3540 = DIRECTION('',(-1.,-3.340208001574E-16,-7.759994344044E-17));
#3541 = PLANE('',#3542);
#3542 = AXIS2_PLACEMENT_3D('',#3543,#3544,#3545);
#3543 = CARTESIAN_POINT('',(4.0271388154,6.131791363503,-2.065248905498)
  );
#3544 = DIRECTION('',(-2.712598215019E-16,0.908956817517,-0.416890277999
    ));
#3545 = DIRECTION('',(-2.09785021864E-16,0.416890277999,0.908956817517)
  );
#3546 = ADVANCED_FACE('',(#3547),#3581,.F.);
#3547 = FACE_BOUND('',#3548,.T.);
#3548 = EDGE_LOOP('',(#3549,#3559,#3567,#3575));
#3549 = ORIENTED_EDGE('',*,*,#3550,.T.);
#3550 = EDGE_CURVE('',#3551,#3553,#3555,.T.);
#3551 = VERTEX_POINT('',#3552);
#3552 = CARTESIAN_POINT('',(1.25,5.908578643763,-1.091921356237));
#3553 = VERTEX_POINT('',#3554);
#3554 = CARTESIAN_POINT('',(1.25,5.625735931288,-1.374764068712));
#3555 = LINE('',#3556,#3557);
#3556 = CARTESIAN_POINT('',(1.25,9.281888507432,2.281388507432));
#3557 = VECTOR('',#3558,1.);
#3558 = DIRECTION('',(2.460423162587E-16,-0.707106781187,-0.707106781187
    ));
#3559 = ORIENTED_EDGE('',*,*,#3560,.F.);
#3560 = EDGE_CURVE('',#3561,#3553,#3563,.T.);
#3561 = VERTEX_POINT('',#3562);
#3562 = CARTESIAN_POINT('',(1.25,6.091421356237,-1.840449493661));
#3563 = LINE('',#3564,#3565);
#3564 = CARTESIAN_POINT('',(1.25,5.625735931288,-1.374764068712));
#3565 = VECTOR('',#3566,1.);
#3566 = DIRECTION('',(-1.808742005868E-16,-0.707106781187,0.707106781187
    ));
#3567 = ORIENTED_EDGE('',*,*,#3568,.F.);
#3568 = EDGE_CURVE('',#3569,#3561,#3571,.T.);
#3569 = VERTEX_POINT('',#3570);
#3570 = CARTESIAN_POINT('',(1.25,6.374264068712,-1.557606781187));
#3571 = LINE('',#3572,#3573);
#3572 = CARTESIAN_POINT('',(1.25,9.747573932381,1.815703082482));
#3573 = VECTOR('',#3574,1.);
#3574 = DIRECTION('',(2.460423162587E-16,-0.707106781187,-0.707106781187
    ));
#3575 = ORIENTED_EDGE('',*,*,#3576,.F.);
#3576 = EDGE_CURVE('',#3551,#3569,#3577,.T.);
#3577 = LINE('',#3578,#3579);
#3578 = CARTESIAN_POINT('',(1.25,5.908578643763,-1.091921356237));
#3579 = VECTOR('',#3580,1.);
#3580 = DIRECTION('',(1.808742005868E-16,0.707106781187,-0.707106781187)
  );
#3581 = PLANE('',#3582);
#3582 = AXIS2_PLACEMENT_3D('',#3583,#3584,#3585);
#3583 = CARTESIAN_POINT('',(1.25,9.281888507432,2.281388507432));
#3584 = DIRECTION('',(-1.,-4.608081650879E-17,-3.01875564062E-16));
#3585 = DIRECTION('',(1.808742005868E-16,0.707106781187,-0.707106781187)
  );
#3586 = ADVANCED_FACE('',(#3587),#3612,.F.);
#3587 = FACE_BOUND('',#3588,.T.);
#3588 = EDGE_LOOP('',(#3589,#3597,#3598,#3606));
#3589 = ORIENTED_EDGE('',*,*,#3590,.F.);
#3590 = EDGE_CURVE('',#3561,#3591,#3593,.T.);
#3591 = VERTEX_POINT('',#3592);
#3592 = CARTESIAN_POINT('',(-1.25,6.091421356237,-1.840449493661));
#3593 = LINE('',#3594,#3595);
#3594 = CARTESIAN_POINT('',(4.0271388154,6.091421356237,-1.840449493661)
  );
#3595 = VECTOR('',#3596,1.);
#3596 = DIRECTION('',(-1.,-1.249318835986E-16,-2.230244969721E-16));
#3597 = ORIENTED_EDGE('',*,*,#3560,.T.);
#3598 = ORIENTED_EDGE('',*,*,#3599,.T.);
#3599 = EDGE_CURVE('',#3553,#3600,#3602,.T.);
#3600 = VERTEX_POINT('',#3601);
#3601 = CARTESIAN_POINT('',(-1.25,5.625735931288,-1.374764068712));
#3602 = LINE('',#3603,#3604);
#3603 = CARTESIAN_POINT('',(4.0271388154,5.625735931288,-1.374764068712)
  );
#3604 = VECTOR('',#3605,1.);
#3605 = DIRECTION('',(-1.,-1.249318835986E-16,-2.230244969721E-16));
#3606 = ORIENTED_EDGE('',*,*,#3607,.F.);
#3607 = EDGE_CURVE('',#3591,#3600,#3608,.T.);
#3608 = LINE('',#3609,#3610);
#3609 = CARTESIAN_POINT('',(-1.25,5.625735931288,-1.374764068712));
#3610 = VECTOR('',#3611,1.);
#3611 = DIRECTION('',(2.572096327513E-16,-0.707106781187,0.707106781187)
  );
#3612 = PLANE('',#3613);
#3613 = AXIS2_PLACEMENT_3D('',#3614,#3615,#3616);
#3614 = CARTESIAN_POINT('',(4.0271388154,5.625735931288,-1.374764068712)
  );
#3615 = DIRECTION('',(-2.460423162587E-16,0.707106781187,0.707106781187)
  );
#3616 = DIRECTION('',(-6.93619521007E-17,-0.707106781187,0.707106781187)
  );
#3617 = ADVANCED_FACE('',(#3618),#3643,.T.);
#3618 = FACE_BOUND('',#3619,.T.);
#3619 = EDGE_LOOP('',(#3620,#3621,#3629,#3637));
#3620 = ORIENTED_EDGE('',*,*,#3607,.T.);
#3621 = ORIENTED_EDGE('',*,*,#3622,.F.);
#3622 = EDGE_CURVE('',#3623,#3600,#3625,.T.);
#3623 = VERTEX_POINT('',#3624);
#3624 = CARTESIAN_POINT('',(-1.25,5.908578643763,-1.091921356237));
#3625 = LINE('',#3626,#3627);
#3626 = CARTESIAN_POINT('',(-1.25,9.281888507432,2.281388507432));
#3627 = VECTOR('',#3628,1.);
#3628 = DIRECTION('',(2.460423162587E-16,-0.707106781187,-0.707106781187
    ));
#3629 = ORIENTED_EDGE('',*,*,#3630,.T.);
#3630 = EDGE_CURVE('',#3623,#3631,#3633,.T.);
#3631 = VERTEX_POINT('',#3632);
#3632 = CARTESIAN_POINT('',(-1.25,6.374264068712,-1.557606781187));
#3633 = LINE('',#3634,#3635);
#3634 = CARTESIAN_POINT('',(-1.25,5.908578643763,-1.091921356237));
#3635 = VECTOR('',#3636,1.);
#3636 = DIRECTION('',(-2.572096327513E-16,0.707106781187,-0.707106781187
    ));
#3637 = ORIENTED_EDGE('',*,*,#3638,.T.);
#3638 = EDGE_CURVE('',#3631,#3591,#3639,.T.);
#3639 = LINE('',#3640,#3641);
#3640 = CARTESIAN_POINT('',(-1.25,9.747573932381,1.815703082482));
#3641 = VECTOR('',#3642,1.);
#3642 = DIRECTION('',(2.460423162587E-16,-0.707106781187,-0.707106781187
    ));
#3643 = PLANE('',#3644);
#3644 = AXIS2_PLACEMENT_3D('',#3645,#3646,#3647);
#3645 = CARTESIAN_POINT('',(-1.25,9.281888507432,2.281388507432));
#3646 = DIRECTION('',(-1.,-3.558528657904E-16,7.896485219594E-18));
#3647 = DIRECTION('',(-2.572096327513E-16,0.707106781187,-0.707106781187
    ));
#3648 = ADVANCED_FACE('',(#3649),#3665,.F.);
#3649 = FACE_BOUND('',#3650,.T.);
#3650 = EDGE_LOOP('',(#3651,#3657,#3658,#3664));
#3651 = ORIENTED_EDGE('',*,*,#3652,.F.);
#3652 = EDGE_CURVE('',#3551,#3623,#3653,.T.);
#3653 = LINE('',#3654,#3655);
#3654 = CARTESIAN_POINT('',(4.0271388154,5.908578643763,-1.091921356237)
  );
#3655 = VECTOR('',#3656,1.);
#3656 = DIRECTION('',(-1.,-1.249318835986E-16,-2.230244969721E-16));
#3657 = ORIENTED_EDGE('',*,*,#3576,.T.);
#3658 = ORIENTED_EDGE('',*,*,#3659,.T.);
#3659 = EDGE_CURVE('',#3569,#3631,#3660,.T.);
#3660 = LINE('',#3661,#3662);
#3661 = CARTESIAN_POINT('',(4.0271388154,6.374264068712,-1.557606781187)
  );
#3662 = VECTOR('',#3663,1.);
#3663 = DIRECTION('',(-1.,-1.249318835986E-16,-2.230244969721E-16));
#3664 = ORIENTED_EDGE('',*,*,#3630,.F.);
#3665 = PLANE('',#3666);
#3666 = AXIS2_PLACEMENT_3D('',#3667,#3668,#3669);
#3667 = CARTESIAN_POINT('',(4.0271388154,5.908578643763,-1.091921356237)
  );
#3668 = DIRECTION('',(2.460423162587E-16,-0.707106781187,-0.707106781187
    ));
#3669 = DIRECTION('',(6.93619521007E-17,0.707106781187,-0.707106781187)
  );
#3670 = ADVANCED_FACE('',(#3671),#3698,.T.);
#3671 = FACE_BOUND('',#3672,.T.);
#3672 = EDGE_LOOP('',(#3673,#3674,#3683,#3691));
#3673 = ORIENTED_EDGE('',*,*,#824,.F.);
#3674 = ORIENTED_EDGE('',*,*,#3675,.F.);
#3675 = EDGE_CURVE('',#3676,#814,#3678,.T.);
#3676 = VERTEX_POINT('',#3677);
#3677 = CARTESIAN_POINT('',(0.5,-5.605852706661,-3.211966766196));
#3678 = CIRCLE('',#3679,1.);
#3679 = AXIS2_PLACEMENT_3D('',#3680,#3681,#3682);
#3680 = CARTESIAN_POINT('',(1.270686476871E-15,-5.966890277999,
    -2.424787071284));
#3681 = DIRECTION('',(4.414444685751E-17,0.908956817517,0.416890277999)
  );
#3682 = DIRECTION('',(-1.056192464954E-16,-0.416890277999,0.908956817517
    ));
#3683 = ORIENTED_EDGE('',*,*,#3684,.T.);
#3684 = EDGE_CURVE('',#3676,#3685,#3687,.T.);
#3685 = VERTEX_POINT('',#3686);
#3686 = CARTESIAN_POINT('',(0.5,-5.969435433668,-3.378722877396));
#3687 = LINE('',#3688,#3689);
#3688 = CARTESIAN_POINT('',(0.5,-0.400914619286,-0.824737753338));
#3689 = VECTOR('',#3690,1.);
#3690 = DIRECTION('',(-4.414444685751E-17,-0.908956817517,
    -0.416890277999));
#3691 = ORIENTED_EDGE('',*,*,#3692,.T.);
#3692 = EDGE_CURVE('',#3685,#825,#3693,.T.);
#3693 = CIRCLE('',#3694,1.);
#3694 = AXIS2_PLACEMENT_3D('',#3695,#3696,#3697);
#3695 = CARTESIAN_POINT('',(1.253028698128E-15,-6.330473005005,
    -2.591543182483));
#3696 = DIRECTION('',(4.414444685751E-17,0.908956817517,0.416890277999)
  );
#3697 = DIRECTION('',(-1.588159230811E-14,0.416890277999,-0.908956817517
    ));
#3698 = CYLINDRICAL_SURFACE('',#3699,1.);
#3699 = AXIS2_PLACEMENT_3D('',#3700,#3701,#3702);
#3700 = CARTESIAN_POINT('',(1.523469786668E-15,-0.761952190623,
    -3.755805842549E-02));
#3701 = DIRECTION('',(-4.414444685751E-17,-0.908956817517,
    -0.416890277999));
#3702 = DIRECTION('',(-5.208288768433E-17,0.416890277999,-0.908956817517
    ));
#3703 = ADVANCED_FACE('',(#3704),#3729,.F.);
#3704 = FACE_BOUND('',#3705,.T.);
#3705 = EDGE_LOOP('',(#3706,#3714,#3722,#3728));
#3706 = ORIENTED_EDGE('',*,*,#3707,.T.);
#3707 = EDGE_CURVE('',#833,#3708,#3710,.T.);
#3708 = VERTEX_POINT('',#3709);
#3709 = CARTESIAN_POINT('',(-1.25,-6.149954219337,-2.98513302994));
#3710 = LINE('',#3711,#3712);
#3711 = CARTESIAN_POINT('',(-0.5,-5.969435433668,-3.378722877396));
#3712 = VECTOR('',#3713,1.);
#3713 = DIRECTION('',(-0.866025403784,-0.208445138999,0.454478408758));
#3714 = ORIENTED_EDGE('',*,*,#3715,.F.);
#3715 = EDGE_CURVE('',#3716,#3708,#3718,.T.);
#3716 = VERTEX_POINT('',#3717);
#3717 = CARTESIAN_POINT('',(-1.25,-5.78637149233,-2.81837691874));
#3718 = LINE('',#3719,#3720);
#3719 = CARTESIAN_POINT('',(-1.25,-0.581433404955,-0.431147905882));
#3720 = VECTOR('',#3721,1.);
#3721 = DIRECTION('',(-4.414444685751E-17,-0.908956817517,
    -0.416890277999));
#3722 = ORIENTED_EDGE('',*,*,#3723,.F.);
#3723 = EDGE_CURVE('',#816,#3716,#3724,.T.);
#3724 = LINE('',#3725,#3726);
#3725 = CARTESIAN_POINT('',(-0.5,-5.605852706661,-3.211966766196));
#3726 = VECTOR('',#3727,1.);
#3727 = DIRECTION('',(-0.866025403784,-0.208445138999,0.454478408758));
#3728 = ORIENTED_EDGE('',*,*,#841,.T.);
#3729 = PLANE('',#3730);
#3730 = AXIS2_PLACEMENT_3D('',#3731,#3732,#3733);
#3731 = CARTESIAN_POINT('',(-0.5,-0.400914619286,-0.824737753338));
#3732 = DIRECTION('',(0.5,-0.361037571338,0.787179694913));
#3733 = DIRECTION('',(0.866025403784,0.208445138999,-0.454478408758));
#3734 = ADVANCED_FACE('',(#3735),#3760,.F.);
#3735 = FACE_BOUND('',#3736,.T.);
#3736 = EDGE_LOOP('',(#3737,#3745,#3746,#3754));
#3737 = ORIENTED_EDGE('',*,*,#3738,.T.);
#3738 = EDGE_CURVE('',#3739,#3685,#3741,.T.);
#3739 = VERTEX_POINT('',#3740);
#3740 = CARTESIAN_POINT('',(1.25,-6.149954219337,-2.98513302994));
#3741 = LINE('',#3742,#3743);
#3742 = CARTESIAN_POINT('',(1.25,-6.149954219337,-2.98513302994));
#3743 = VECTOR('',#3744,1.);
#3744 = DIRECTION('',(-0.866025403784,0.208445138999,-0.454478408758));
#3745 = ORIENTED_EDGE('',*,*,#3684,.F.);
#3746 = ORIENTED_EDGE('',*,*,#3747,.F.);
#3747 = EDGE_CURVE('',#3748,#3676,#3750,.T.);
#3748 = VERTEX_POINT('',#3749);
#3749 = CARTESIAN_POINT('',(1.25,-5.78637149233,-2.81837691874));
#3750 = LINE('',#3751,#3752);
#3751 = CARTESIAN_POINT('',(1.25,-5.78637149233,-2.81837691874));
#3752 = VECTOR('',#3753,1.);
#3753 = DIRECTION('',(-0.866025403784,0.208445138999,-0.454478408758));
#3754 = ORIENTED_EDGE('',*,*,#3755,.T.);
#3755 = EDGE_CURVE('',#3748,#3739,#3756,.T.);
#3756 = LINE('',#3757,#3758);
#3757 = CARTESIAN_POINT('',(1.25,-0.581433404955,-0.431147905882));
#3758 = VECTOR('',#3759,1.);
#3759 = DIRECTION('',(-4.414444685751E-17,-0.908956817517,
    -0.416890277999));
#3760 = PLANE('',#3761);
#3761 = AXIS2_PLACEMENT_3D('',#3762,#3763,#3764);
#3762 = CARTESIAN_POINT('',(1.25,-0.581433404955,-0.431147905882));
#3763 = DIRECTION('',(-0.5,-0.361037571338,0.787179694913));
#3764 = DIRECTION('',(0.866025403784,-0.208445138999,0.454478408758));
#3765 = ADVANCED_FACE('',(#3766),#3791,.T.);
#3766 = FACE_BOUND('',#3767,.T.);
#3767 = EDGE_LOOP('',(#3768,#3778,#3784,#3785));
#3768 = ORIENTED_EDGE('',*,*,#3769,.T.);
#3769 = EDGE_CURVE('',#3770,#3772,#3774,.T.);
#3770 = VERTEX_POINT('',#3771);
#3771 = CARTESIAN_POINT('',(1.25,-6.131791363503,-2.065248905498));
#3772 = VERTEX_POINT('',#3773);
#3773 = CARTESIAN_POINT('',(1.25,-6.49537409051,-2.232005016698));
#3774 = LINE('',#3775,#3776);
#3775 = CARTESIAN_POINT('',(1.25,-0.926853276128,0.32198010736));
#3776 = VECTOR('',#3777,1.);
#3777 = DIRECTION('',(-4.414444685751E-17,-0.908956817517,
    -0.416890277999));
#3778 = ORIENTED_EDGE('',*,*,#3779,.T.);
#3779 = EDGE_CURVE('',#3772,#3739,#3780,.T.);
#3780 = LINE('',#3781,#3782);
#3781 = CARTESIAN_POINT('',(1.25,-6.49537409051,-2.232005016698));
#3782 = VECTOR('',#3783,1.);
#3783 = DIRECTION('',(1.713637330545E-16,0.416890277999,-0.908956817517)
  );
#3784 = ORIENTED_EDGE('',*,*,#3755,.F.);
#3785 = ORIENTED_EDGE('',*,*,#3786,.T.);
#3786 = EDGE_CURVE('',#3748,#3770,#3787,.T.);
#3787 = LINE('',#3788,#3789);
#3788 = CARTESIAN_POINT('',(1.25,-6.131791363503,-2.065248905498));
#3789 = VECTOR('',#3790,1.);
#3790 = DIRECTION('',(-1.713637330545E-16,-0.416890277999,0.908956817517
    ));
#3791 = PLANE('',#3792);
#3792 = AXIS2_PLACEMENT_3D('',#3793,#3794,#3795);
#3793 = CARTESIAN_POINT('',(1.25,-0.926853276128,0.32198010736));
#3794 = DIRECTION('',(1.,-1.115652702386E-16,1.373588427125E-16));
#3795 = DIRECTION('',(1.713637330545E-16,0.416890277999,-0.908956817517)
  );
#3796 = ADVANCED_FACE('',(#3797),#3818,.T.);
#3797 = FACE_BOUND('',#3798,.T.);
#3798 = EDGE_LOOP('',(#3799,#3800,#3801,#3802,#3803,#3804,#3812));
#3799 = ORIENTED_EDGE('',*,*,#3707,.F.);
#3800 = ORIENTED_EDGE('',*,*,#832,.F.);
#3801 = ORIENTED_EDGE('',*,*,#3692,.F.);
#3802 = ORIENTED_EDGE('',*,*,#3738,.F.);
#3803 = ORIENTED_EDGE('',*,*,#3779,.F.);
#3804 = ORIENTED_EDGE('',*,*,#3805,.T.);
#3805 = EDGE_CURVE('',#3772,#3806,#3808,.T.);
#3806 = VERTEX_POINT('',#3807);
#3807 = CARTESIAN_POINT('',(-1.25,-6.49537409051,-2.232005016698));
#3808 = LINE('',#3809,#3810);
#3809 = CARTESIAN_POINT('',(4.0271388154,-6.49537409051,-2.232005016698)
  );
#3810 = VECTOR('',#3811,1.);
#3811 = DIRECTION('',(-1.,8.415703296011E-17,-7.759994344044E-17));
#3812 = ORIENTED_EDGE('',*,*,#3813,.T.);
#3813 = EDGE_CURVE('',#3806,#3708,#3814,.T.);
#3814 = LINE('',#3815,#3816);
#3815 = CARTESIAN_POINT('',(-1.25,-6.49537409051,-2.232005016698));
#3816 = VECTOR('',#3817,1.);
#3817 = DIRECTION('',(-3.917750990867E-16,0.416890277999,-0.908956817517
    ));
#3818 = PLANE('',#3819);
#3819 = AXIS2_PLACEMENT_3D('',#3820,#3821,#3822);
#3820 = CARTESIAN_POINT('',(4.0271388154,-6.49537409051,-2.232005016698)
  );
#3821 = DIRECTION('',(-4.414444685751E-17,-0.908956817517,
    -0.416890277999));
#3822 = DIRECTION('',(1.056192464954E-16,0.416890277999,-0.908956817517)
  );
#3823 = ADVANCED_FACE('',(#3824),#3842,.F.);
#3824 = FACE_BOUND('',#3825,.T.);
#3825 = EDGE_LOOP('',(#3826,#3827,#3835,#3841));
#3826 = ORIENTED_EDGE('',*,*,#3813,.F.);
#3827 = ORIENTED_EDGE('',*,*,#3828,.F.);
#3828 = EDGE_CURVE('',#3829,#3806,#3831,.T.);
#3829 = VERTEX_POINT('',#3830);
#3830 = CARTESIAN_POINT('',(-1.25,-6.131791363503,-2.065248905498));
#3831 = LINE('',#3832,#3833);
#3832 = CARTESIAN_POINT('',(-1.25,-0.926853276128,0.32198010736));
#3833 = VECTOR('',#3834,1.);
#3834 = DIRECTION('',(-4.414444685751E-17,-0.908956817517,
    -0.416890277999));
#3835 = ORIENTED_EDGE('',*,*,#3836,.F.);
#3836 = EDGE_CURVE('',#3716,#3829,#3837,.T.);
#3837 = LINE('',#3838,#3839);
#3838 = CARTESIAN_POINT('',(-1.25,-6.131791363503,-2.065248905498));
#3839 = VECTOR('',#3840,1.);
#3840 = DIRECTION('',(3.917750990867E-16,-0.416890277999,0.908956817517)
  );
#3841 = ORIENTED_EDGE('',*,*,#3715,.T.);
#3842 = PLANE('',#3843);
#3843 = AXIS2_PLACEMENT_3D('',#3844,#3845,#3846);
#3844 = CARTESIAN_POINT('',(-1.25,-0.926853276128,0.32198010736));
#3845 = DIRECTION('',(1.,1.232018340446E-16,-3.745100379707E-16));
#3846 = DIRECTION('',(-3.917750990867E-16,0.416890277999,-0.908956817517
    ));
#3847 = ADVANCED_FACE('',(#3848),#3862,.T.);
#3848 = FACE_BOUND('',#3849,.T.);
#3849 = EDGE_LOOP('',(#3850,#3851,#3852,#3853,#3854,#3860,#3861));
#3850 = ORIENTED_EDGE('',*,*,#3675,.T.);
#3851 = ORIENTED_EDGE('',*,*,#813,.T.);
#3852 = ORIENTED_EDGE('',*,*,#3723,.T.);
#3853 = ORIENTED_EDGE('',*,*,#3836,.T.);
#3854 = ORIENTED_EDGE('',*,*,#3855,.F.);
#3855 = EDGE_CURVE('',#3770,#3829,#3856,.T.);
#3856 = LINE('',#3857,#3858);
#3857 = CARTESIAN_POINT('',(4.0271388154,-6.131791363503,-2.065248905498
    ));
#3858 = VECTOR('',#3859,1.);
#3859 = DIRECTION('',(-1.,8.415703296011E-17,-7.759994344044E-17));
#3860 = ORIENTED_EDGE('',*,*,#3786,.F.);
#3861 = ORIENTED_EDGE('',*,*,#3747,.T.);
#3862 = PLANE('',#3863);
#3863 = AXIS2_PLACEMENT_3D('',#3864,#3865,#3866);
#3864 = CARTESIAN_POINT('',(4.0271388154,-6.131791363503,-2.065248905498
    ));
#3865 = DIRECTION('',(4.414444685751E-17,0.908956817517,0.416890277999)
  );
#3866 = DIRECTION('',(-1.056192464954E-16,-0.416890277999,0.908956817517
    ));
#3867 = ADVANCED_FACE('',(#3868),#3902,.F.);
#3868 = FACE_BOUND('',#3869,.T.);
#3869 = EDGE_LOOP('',(#3870,#3880,#3888,#3896));
#3870 = ORIENTED_EDGE('',*,*,#3871,.F.);
#3871 = EDGE_CURVE('',#3872,#3874,#3876,.T.);
#3872 = VERTEX_POINT('',#3873);
#3873 = CARTESIAN_POINT('',(-1.25,-6.091421356237,-1.840449493661));
#3874 = VERTEX_POINT('',#3875);
#3875 = CARTESIAN_POINT('',(-1.25,-5.625735931288,-1.374764068712));
#3876 = LINE('',#3877,#3878);
#3877 = CARTESIAN_POINT('',(-1.25,-5.625735931288,-1.374764068712));
#3878 = VECTOR('',#3879,1.);
#3879 = DIRECTION('',(3.035537655655E-16,0.707106781187,0.707106781187)
  );
#3880 = ORIENTED_EDGE('',*,*,#3881,.F.);
#3881 = EDGE_CURVE('',#3882,#3872,#3884,.T.);
#3882 = VERTEX_POINT('',#3883);
#3883 = CARTESIAN_POINT('',(-1.25,-6.374264068712,-1.557606781187));
#3884 = LINE('',#3885,#3886);
#3885 = CARTESIAN_POINT('',(-1.25,-9.747573932381,1.815703082482));
#3886 = VECTOR('',#3887,1.);
#3887 = DIRECTION('',(6.93619521007E-17,0.707106781187,-0.707106781187)
  );
#3888 = ORIENTED_EDGE('',*,*,#3889,.F.);
#3889 = EDGE_CURVE('',#3890,#3882,#3892,.T.);
#3890 = VERTEX_POINT('',#3891);
#3891 = CARTESIAN_POINT('',(-1.25,-5.908578643763,-1.091921356237));
#3892 = LINE('',#3893,#3894);
#3893 = CARTESIAN_POINT('',(-1.25,-5.908578643763,-1.091921356237));
#3894 = VECTOR('',#3895,1.);
#3895 = DIRECTION('',(-3.035537655655E-16,-0.707106781187,
    -0.707106781187));
#3896 = ORIENTED_EDGE('',*,*,#3897,.T.);
#3897 = EDGE_CURVE('',#3890,#3874,#3898,.T.);
#3898 = LINE('',#3899,#3900);
#3899 = CARTESIAN_POINT('',(-1.25,-9.281888507432,2.281388507432));
#3900 = VECTOR('',#3901,1.);
#3901 = DIRECTION('',(6.93619521007E-17,0.707106781187,-0.707106781187)
  );
#3902 = PLANE('',#3903);
#3903 = AXIS2_PLACEMENT_3D('',#3904,#3905,#3906);
#3904 = CARTESIAN_POINT('',(-1.25,-9.281888507432,2.281388507432));
#3905 = DIRECTION('',(1.,-2.636912327728E-16,-1.655986193993E-16));
#3906 = DIRECTION('',(-3.035537655655E-16,-0.707106781187,
    -0.707106781187));
#3907 = ADVANCED_FACE('',(#3908),#3933,.T.);
#3908 = FACE_BOUND('',#3909,.T.);
#3909 = EDGE_LOOP('',(#3910,#3920,#3926,#3927));
#3910 = ORIENTED_EDGE('',*,*,#3911,.F.);
#3911 = EDGE_CURVE('',#3912,#3914,#3916,.T.);
#3912 = VERTEX_POINT('',#3913);
#3913 = CARTESIAN_POINT('',(1.25,-6.091421356237,-1.840449493661));
#3914 = VERTEX_POINT('',#3915);
#3915 = CARTESIAN_POINT('',(1.25,-5.625735931288,-1.374764068712));
#3916 = LINE('',#3917,#3918);
#3917 = CARTESIAN_POINT('',(1.25,-5.625735931288,-1.374764068712));
#3918 = VECTOR('',#3919,1.);
#3919 = DIRECTION('',(-1.345300677727E-16,0.707106781187,0.707106781187)
  );
#3920 = ORIENTED_EDGE('',*,*,#3921,.T.);
#3921 = EDGE_CURVE('',#3912,#3872,#3922,.T.);
#3922 = LINE('',#3923,#3924);
#3923 = CARTESIAN_POINT('',(4.0271388154,-6.091421356237,-1.840449493661
    ));
#3924 = VECTOR('',#3925,1.);
#3925 = DIRECTION('',(-1.,-1.249318835986E-16,-2.230244969721E-16));
#3926 = ORIENTED_EDGE('',*,*,#3871,.T.);
#3927 = ORIENTED_EDGE('',*,*,#3928,.F.);
#3928 = EDGE_CURVE('',#3914,#3874,#3929,.T.);
#3929 = LINE('',#3930,#3931);
#3930 = CARTESIAN_POINT('',(4.0271388154,-5.625735931288,-1.374764068712
    ));
#3931 = VECTOR('',#3932,1.);
#3932 = DIRECTION('',(-1.,-1.249318835986E-16,-2.230244969721E-16));
#3933 = PLANE('',#3934);
#3934 = AXIS2_PLACEMENT_3D('',#3935,#3936,#3937);
#3935 = CARTESIAN_POINT('',(4.0271388154,-5.625735931288,-1.374764068712
    ));
#3936 = DIRECTION('',(6.93619521007E-17,0.707106781187,-0.707106781187)
  );
#3937 = DIRECTION('',(-2.460423162587E-16,0.707106781187,0.707106781187)
  );
#3938 = ADVANCED_FACE('',(#3939),#3964,.T.);
#3939 = FACE_BOUND('',#3940,.T.);
#3940 = EDGE_LOOP('',(#3941,#3949,#3950,#3958));
#3941 = ORIENTED_EDGE('',*,*,#3942,.T.);
#3942 = EDGE_CURVE('',#3943,#3912,#3945,.T.);
#3943 = VERTEX_POINT('',#3944);
#3944 = CARTESIAN_POINT('',(1.25,-6.374264068712,-1.557606781187));
#3945 = LINE('',#3946,#3947);
#3946 = CARTESIAN_POINT('',(1.25,-9.747573932381,1.815703082482));
#3947 = VECTOR('',#3948,1.);
#3948 = DIRECTION('',(6.93619521007E-17,0.707106781187,-0.707106781187)
  );
#3949 = ORIENTED_EDGE('',*,*,#3911,.T.);
#3950 = ORIENTED_EDGE('',*,*,#3951,.F.);
#3951 = EDGE_CURVE('',#3952,#3914,#3954,.T.);
#3952 = VERTEX_POINT('',#3953);
#3953 = CARTESIAN_POINT('',(1.25,-5.908578643763,-1.091921356237));
#3954 = LINE('',#3955,#3956);
#3955 = CARTESIAN_POINT('',(1.25,-9.281888507432,2.281388507432));
#3956 = VECTOR('',#3957,1.);
#3957 = DIRECTION('',(6.93619521007E-17,0.707106781187,-0.707106781187)
  );
#3958 = ORIENTED_EDGE('',*,*,#3959,.T.);
#3959 = EDGE_CURVE('',#3952,#3943,#3960,.T.);
#3960 = LINE('',#3961,#3962);
#3961 = CARTESIAN_POINT('',(1.25,-5.908578643763,-1.091921356237));
#3962 = VECTOR('',#3963,1.);
#3963 = DIRECTION('',(1.345300677727E-16,-0.707106781187,-0.707106781187
    ));
#3964 = PLANE('',#3965);
#3965 = AXIS2_PLACEMENT_3D('',#3966,#3967,#3968);
#3966 = CARTESIAN_POINT('',(1.25,-9.281888507432,2.281388507432));
#3967 = DIRECTION('',(1.,4.608081650879E-17,1.441734298823E-16));
#3968 = DIRECTION('',(6.93619521007E-17,0.707106781187,-0.707106781187)
  );
#3969 = ADVANCED_FACE('',(#3970),#3986,.T.);
#3970 = FACE_BOUND('',#3971,.T.);
#3971 = EDGE_LOOP('',(#3972,#3973,#3979,#3980));
#3972 = ORIENTED_EDGE('',*,*,#3959,.F.);
#3973 = ORIENTED_EDGE('',*,*,#3974,.T.);
#3974 = EDGE_CURVE('',#3952,#3890,#3975,.T.);
#3975 = LINE('',#3976,#3977);
#3976 = CARTESIAN_POINT('',(4.0271388154,-5.908578643763,-1.091921356237
    ));
#3977 = VECTOR('',#3978,1.);
#3978 = DIRECTION('',(-1.,-1.249318835986E-16,-2.230244969721E-16));
#3979 = ORIENTED_EDGE('',*,*,#3889,.T.);
#3980 = ORIENTED_EDGE('',*,*,#3981,.F.);
#3981 = EDGE_CURVE('',#3943,#3882,#3982,.T.);
#3982 = LINE('',#3983,#3984);
#3983 = CARTESIAN_POINT('',(4.0271388154,-6.374264068712,-1.557606781187
    ));
#3984 = VECTOR('',#3985,1.);
#3985 = DIRECTION('',(-1.,-1.249318835986E-16,-2.230244969721E-16));
#3986 = PLANE('',#3987);
#3987 = AXIS2_PLACEMENT_3D('',#3988,#3989,#3990);
#3988 = CARTESIAN_POINT('',(4.0271388154,-5.908578643763,-1.091921356237
    ));
#3989 = DIRECTION('',(-6.93619521007E-17,-0.707106781187,0.707106781187)
  );
#3990 = DIRECTION('',(2.460423162587E-16,-0.707106781187,-0.707106781187
    ));
#3991 = ADVANCED_FACE('',(#3992),#4010,.F.);
#3992 = FACE_BOUND('',#3993,.T.);
#3993 = EDGE_LOOP('',(#3994,#4002,#4008,#4009));
#3994 = ORIENTED_EDGE('',*,*,#3995,.T.);
#3995 = EDGE_CURVE('',#3281,#3996,#3998,.T.);
#3996 = VERTEX_POINT('',#3997);
#3997 = CARTESIAN_POINT('',(2.975,-5.85,1.3995));
#3998 = LINE('',#3999,#4000);
#3999 = CARTESIAN_POINT('',(2.975,-5.85,1.3995));
#4000 = VECTOR('',#4001,1.);
#4001 = DIRECTION('',(-1.577021341797E-16,-1.97020246706E-32,1.));
#4002 = ORIENTED_EDGE('',*,*,#4003,.F.);
#4003 = EDGE_CURVE('',#3219,#3996,#4004,.T.);
#4004 = LINE('',#4005,#4006);
#4005 = CARTESIAN_POINT('',(2.975,15.771922627321,1.3995));
#4006 = VECTOR('',#4007,1.);
#4007 = DIRECTION('',(1.249318835986E-16,-1.,0.));
#4008 = ORIENTED_EDGE('',*,*,#3218,.F.);
#4009 = ORIENTED_EDGE('',*,*,#3280,.T.);
#4010 = PLANE('',#4011);
#4011 = AXIS2_PLACEMENT_3D('',#4012,#4013,#4014);
#4012 = CARTESIAN_POINT('',(2.975,15.771922627321,1.3995));
#4013 = DIRECTION('',(1.,1.249318835986E-16,1.577021341797E-16));
#4014 = DIRECTION('',(1.577021341797E-16,-6.123233995737E-17,-1.));
#4015 = ADVANCED_FACE('',(#4016),#4034,.F.);
#4016 = FACE_BOUND('',#4017,.T.);
#4017 = EDGE_LOOP('',(#4018,#4026,#4032,#4033));
#4018 = ORIENTED_EDGE('',*,*,#4019,.T.);
#4019 = EDGE_CURVE('',#3996,#4020,#4022,.T.);
#4020 = VERTEX_POINT('',#4021);
#4021 = CARTESIAN_POINT('',(1.25,-5.85,1.3995));
#4022 = LINE('',#4023,#4024);
#4023 = CARTESIAN_POINT('',(1.25,-5.85,1.3995));
#4024 = VECTOR('',#4025,1.);
#4025 = DIRECTION('',(-1.,-4.700481482528E-16,3.451162646541E-16));
#4026 = ORIENTED_EDGE('',*,*,#4027,.F.);
#4027 = EDGE_CURVE('',#3227,#4020,#4028,.T.);
#4028 = LINE('',#4029,#4030);
#4029 = CARTESIAN_POINT('',(1.25,15.771922627321,1.3995));
#4030 = VECTOR('',#4031,1.);
#4031 = DIRECTION('',(1.249318835986E-16,-1.,0.));
#4032 = ORIENTED_EDGE('',*,*,#3226,.F.);
#4033 = ORIENTED_EDGE('',*,*,#4003,.T.);
#4034 = PLANE('',#4035);
#4035 = AXIS2_PLACEMENT_3D('',#4036,#4037,#4038);
#4036 = CARTESIAN_POINT('',(1.25,15.771922627321,1.3995));
#4037 = DIRECTION('',(3.451162646541E-16,4.311602500377E-32,1.));
#4038 = DIRECTION('',(1.,1.249318835986E-16,-3.451162646541E-16));
#4039 = ADVANCED_FACE('',(#4040),#4058,.F.);
#4040 = FACE_BOUND('',#4041,.T.);
#4041 = EDGE_LOOP('',(#4042,#4050,#4056,#4057));
#4042 = ORIENTED_EDGE('',*,*,#4043,.T.);
#4043 = EDGE_CURVE('',#4020,#4044,#4046,.T.);
#4044 = VERTEX_POINT('',#4045);
#4045 = CARTESIAN_POINT('',(1.25,-5.85,-0.9505));
#4046 = LINE('',#4047,#4048);
#4047 = CARTESIAN_POINT('',(1.25,-5.85,0.6995));
#4048 = VECTOR('',#4049,1.);
#4049 = DIRECTION('',(1.577021341797E-16,1.97020246706E-32,-1.));
#4050 = ORIENTED_EDGE('',*,*,#4051,.F.);
#4051 = EDGE_CURVE('',#3235,#4044,#4052,.T.);
#4052 = LINE('',#4053,#4054);
#4053 = CARTESIAN_POINT('',(1.25,15.771922627321,-0.9505));
#4054 = VECTOR('',#4055,1.);
#4055 = DIRECTION('',(1.249318835986E-16,-1.,0.));
#4056 = ORIENTED_EDGE('',*,*,#3234,.F.);
#4057 = ORIENTED_EDGE('',*,*,#4027,.T.);
#4058 = PLANE('',#4059);
#4059 = AXIS2_PLACEMENT_3D('',#4060,#4061,#4062);
#4060 = CARTESIAN_POINT('',(1.25,15.771922627321,0.6995));
#4061 = DIRECTION('',(-1.,-1.249318835986E-16,-1.577021341797E-16));
#4062 = DIRECTION('',(-1.577021341797E-16,6.123233995737E-17,1.));
#4063 = ADVANCED_FACE('',(#4064),#4089,.F.);
#4064 = FACE_BOUND('',#4065,.T.);
#4065 = EDGE_LOOP('',(#4066,#4076,#4082,#4083));
#4066 = ORIENTED_EDGE('',*,*,#4067,.T.);
#4067 = EDGE_CURVE('',#4068,#4070,#4072,.T.);
#4068 = VERTEX_POINT('',#4069);
#4069 = CARTESIAN_POINT('',(-1.25,-5.85,-0.9505));
#4070 = VERTEX_POINT('',#4071);
#4071 = CARTESIAN_POINT('',(-1.25,-5.85,1.3995));
#4072 = LINE('',#4073,#4074);
#4073 = CARTESIAN_POINT('',(-1.25,-5.85,1.3995));
#4074 = VECTOR('',#4075,1.);
#4075 = DIRECTION('',(4.618419643834E-16,-4.090882661731E-32,1.));
#4076 = ORIENTED_EDGE('',*,*,#4077,.F.);
#4077 = EDGE_CURVE('',#3251,#4070,#4078,.T.);
#4078 = LINE('',#4079,#4080);
#4079 = CARTESIAN_POINT('',(-1.25,15.771922627321,1.3995));
#4080 = VECTOR('',#4081,1.);
#4081 = DIRECTION('',(1.249318835986E-16,-1.,0.));
#4082 = ORIENTED_EDGE('',*,*,#3250,.F.);
#4083 = ORIENTED_EDGE('',*,*,#4084,.T.);
#4084 = EDGE_CURVE('',#3243,#4068,#4085,.T.);
#4085 = LINE('',#4086,#4087);
#4086 = CARTESIAN_POINT('',(-1.25,15.771922627321,-0.9505));
#4087 = VECTOR('',#4088,1.);
#4088 = DIRECTION('',(1.249318835986E-16,-1.,0.));
#4089 = PLANE('',#4090);
#4090 = AXIS2_PLACEMENT_3D('',#4091,#4092,#4093);
#4091 = CARTESIAN_POINT('',(-1.25,15.771922627321,1.3995));
#4092 = DIRECTION('',(1.,1.249318835986E-16,-4.618419643834E-16));
#4093 = DIRECTION('',(-4.618419643834E-16,-6.123233995737E-17,-1.));
#4094 = ADVANCED_FACE('',(#4095),#4113,.F.);
#4095 = FACE_BOUND('',#4096,.T.);
#4096 = EDGE_LOOP('',(#4097,#4105,#4111,#4112));
#4097 = ORIENTED_EDGE('',*,*,#4098,.T.);
#4098 = EDGE_CURVE('',#4070,#4099,#4101,.T.);
#4099 = VERTEX_POINT('',#4100);
#4100 = CARTESIAN_POINT('',(-2.975,-5.85,1.3995));
#4101 = LINE('',#4102,#4103);
#4102 = CARTESIAN_POINT('',(-2.975,-5.85,1.3995));
#4103 = VECTOR('',#4104,1.);
#4104 = DIRECTION('',(-1.,-4.700481482528E-16,-4.091113335966E-16));
#4105 = ORIENTED_EDGE('',*,*,#4106,.F.);
#4106 = EDGE_CURVE('',#3259,#4099,#4107,.T.);
#4107 = LINE('',#4108,#4109);
#4108 = CARTESIAN_POINT('',(-2.975,15.771922627321,1.3995));
#4109 = VECTOR('',#4110,1.);
#4110 = DIRECTION('',(1.249318835986E-16,-1.,0.));
#4111 = ORIENTED_EDGE('',*,*,#3258,.F.);
#4112 = ORIENTED_EDGE('',*,*,#4077,.T.);
#4113 = PLANE('',#4114);
#4114 = AXIS2_PLACEMENT_3D('',#4115,#4116,#4117);
#4115 = CARTESIAN_POINT('',(-2.975,15.771922627321,1.3995));
#4116 = DIRECTION('',(-4.091113335966E-16,-5.111104950778E-32,1.));
#4117 = DIRECTION('',(1.,1.249318835986E-16,4.091113335966E-16));
#4118 = ADVANCED_FACE('',(#4119),#4130,.F.);
#4119 = FACE_BOUND('',#4120,.T.);
#4120 = EDGE_LOOP('',(#4121,#4127,#4128,#4129));
#4121 = ORIENTED_EDGE('',*,*,#4122,.T.);
#4122 = EDGE_CURVE('',#4099,#3113,#4123,.T.);
#4123 = LINE('',#4124,#4125);
#4124 = CARTESIAN_POINT('',(-2.975,-5.85,0.89314916731));
#4125 = VECTOR('',#4126,1.);
#4126 = DIRECTION('',(1.577021341797E-16,1.97020246706E-32,-1.));
#4127 = ORIENTED_EDGE('',*,*,#3110,.F.);
#4128 = ORIENTED_EDGE('',*,*,#3266,.F.);
#4129 = ORIENTED_EDGE('',*,*,#4106,.T.);
#4130 = PLANE('',#4131);
#4131 = AXIS2_PLACEMENT_3D('',#4132,#4133,#4134);
#4132 = CARTESIAN_POINT('',(-2.975,15.771922627321,0.89314916731));
#4133 = DIRECTION('',(-1.,-1.249318835986E-16,-1.577021341797E-16));
#4134 = DIRECTION('',(-1.577021341797E-16,6.123233995737E-17,1.));
#4135 = ADVANCED_FACE('',(#4136),#4161,.F.);
#4136 = FACE_BOUND('',#4137,.T.);
#4137 = EDGE_LOOP('',(#4138,#4148,#4154,#4155));
#4138 = ORIENTED_EDGE('',*,*,#4139,.F.);
#4139 = EDGE_CURVE('',#4140,#4142,#4144,.T.);
#4140 = VERTEX_POINT('',#4141);
#4141 = CARTESIAN_POINT('',(1.45,-5.85,3.8795));
#4142 = VERTEX_POINT('',#4143);
#4143 = CARTESIAN_POINT('',(-1.45,-5.85,3.8795));
#4144 = LINE('',#4145,#4146);
#4145 = CARTESIAN_POINT('',(-1.45,-5.85,3.8795));
#4146 = VECTOR('',#4147,1.);
#4147 = DIRECTION('',(-1.,3.277025058107E-17,-1.577021341797E-16));
#4148 = ORIENTED_EDGE('',*,*,#4149,.F.);
#4149 = EDGE_CURVE('',#3170,#4140,#4150,.T.);
#4150 = LINE('',#4151,#4152);
#4151 = CARTESIAN_POINT('',(1.45,15.771922627321,3.8795));
#4152 = VECTOR('',#4153,1.);
#4153 = DIRECTION('',(1.249318835986E-16,-1.,0.));
#4154 = ORIENTED_EDGE('',*,*,#3169,.F.);
#4155 = ORIENTED_EDGE('',*,*,#4156,.T.);
#4156 = EDGE_CURVE('',#3162,#4142,#4157,.T.);
#4157 = LINE('',#4158,#4159);
#4158 = CARTESIAN_POINT('',(-1.45,15.771922627321,3.8795));
#4159 = VECTOR('',#4160,1.);
#4160 = DIRECTION('',(1.249318835986E-16,-1.,0.));
#4161 = PLANE('',#4162);
#4162 = AXIS2_PLACEMENT_3D('',#4163,#4164,#4165);
#4163 = CARTESIAN_POINT('',(-4.525,15.771922627321,3.8795));
#4164 = DIRECTION('',(1.577021341797E-16,1.97020246706E-32,-1.));
#4165 = DIRECTION('',(-1.,-1.249318835986E-16,-1.577021341797E-16));
#4166 = ADVANCED_FACE('',(#4167),#4185,.T.);
#4167 = FACE_BOUND('',#4168,.T.);
#4168 = EDGE_LOOP('',(#4169,#4177,#4183,#4184));
#4169 = ORIENTED_EDGE('',*,*,#4170,.T.);
#4170 = EDGE_CURVE('',#2380,#4171,#4173,.T.);
#4171 = VERTEX_POINT('',#4172);
#4172 = CARTESIAN_POINT('',(-1.45,-5.85,4.0995));
#4173 = LINE('',#4174,#4175);
#4174 = CARTESIAN_POINT('',(-1.45,15.771922627321,4.0995));
#4175 = VECTOR('',#4176,1.);
#4176 = DIRECTION('',(1.249318835986E-16,-1.,0.));
#4177 = ORIENTED_EDGE('',*,*,#4178,.F.);
#4178 = EDGE_CURVE('',#4142,#4171,#4179,.T.);
#4179 = LINE('',#4180,#4181);
#4180 = CARTESIAN_POINT('',(-1.45,-5.85,3.8795));
#4181 = VECTOR('',#4182,1.);
#4182 = DIRECTION('',(-1.577021341797E-16,-1.97020246706E-32,1.));
#4183 = ORIENTED_EDGE('',*,*,#4156,.F.);
#4184 = ORIENTED_EDGE('',*,*,#3161,.T.);
#4185 = PLANE('',#4186);
#4186 = AXIS2_PLACEMENT_3D('',#4187,#4188,#4189);
#4187 = CARTESIAN_POINT('',(-1.45,15.771922627321,0.6995));
#4188 = DIRECTION('',(1.,1.249318835986E-16,1.577021341797E-16));
#4189 = DIRECTION('',(1.577021341797E-16,-6.123233995737E-17,-1.));
#4190 = ADVANCED_FACE('',(#4191),#4259,.T.);
#4191 = FACE_BOUND('',#4192,.T.);
#4192 = EDGE_LOOP('',(#4193,#4199,#4200,#4201,#4202,#4203,#4209,#4210,
    #4211,#4212,#4213,#4219,#4220,#4228,#4236,#4242,#4243,#4244,#4252,
    #4258));
#4193 = ORIENTED_EDGE('',*,*,#4194,.F.);
#4194 = EDGE_CURVE('',#3128,#3080,#4195,.T.);
#4195 = LINE('',#4196,#4197);
#4196 = CARTESIAN_POINT('',(-4.525,-5.85,0.7995));
#4197 = VECTOR('',#4198,1.);
#4198 = DIRECTION('',(-1.,-1.249318835986E-16,-1.037853504423E-15));
#4199 = ORIENTED_EDGE('',*,*,#3136,.F.);
#4200 = ORIENTED_EDGE('',*,*,#4122,.F.);
#4201 = ORIENTED_EDGE('',*,*,#4098,.F.);
#4202 = ORIENTED_EDGE('',*,*,#4067,.F.);
#4203 = ORIENTED_EDGE('',*,*,#4204,.F.);
#4204 = EDGE_CURVE('',#4044,#4068,#4205,.T.);
#4205 = LINE('',#4206,#4207);
#4206 = CARTESIAN_POINT('',(2.947792684635,-5.85,-0.9505));
#4207 = VECTOR('',#4208,1.);
#4208 = DIRECTION('',(-1.,3.277025058107E-17,-1.577021341797E-16));
#4209 = ORIENTED_EDGE('',*,*,#4043,.F.);
#4210 = ORIENTED_EDGE('',*,*,#4019,.F.);
#4211 = ORIENTED_EDGE('',*,*,#3995,.F.);
#4212 = ORIENTED_EDGE('',*,*,#3288,.F.);
#4213 = ORIENTED_EDGE('',*,*,#4214,.F.);
#4214 = EDGE_CURVE('',#3323,#3289,#4215,.T.);
#4215 = LINE('',#4216,#4217);
#4216 = CARTESIAN_POINT('',(-4.525,-5.85,0.7995));
#4217 = VECTOR('',#4218,1.);
#4218 = DIRECTION('',(-1.,-1.249318835986E-16,3.459511681412E-16));
#4219 = ORIENTED_EDGE('',*,*,#3331,.F.);
#4220 = ORIENTED_EDGE('',*,*,#4221,.F.);
#4221 = EDGE_CURVE('',#4222,#3314,#4224,.T.);
#4222 = VERTEX_POINT('',#4223);
#4223 = CARTESIAN_POINT('',(4.475,-5.85,4.0995));
#4224 = LINE('',#4225,#4226);
#4225 = CARTESIAN_POINT('',(4.475,-5.85,0.89314916731));
#4226 = VECTOR('',#4227,1.);
#4227 = DIRECTION('',(1.577021341797E-16,1.97020246706E-32,-1.));
#4228 = ORIENTED_EDGE('',*,*,#4229,.F.);
#4229 = EDGE_CURVE('',#4230,#4222,#4232,.T.);
#4230 = VERTEX_POINT('',#4231);
#4231 = CARTESIAN_POINT('',(1.45,-5.85,4.0995));
#4232 = LINE('',#4233,#4234);
#4233 = CARTESIAN_POINT('',(5.5,-5.85,4.0995));
#4234 = VECTOR('',#4235,1.);
#4235 = DIRECTION('',(1.,1.249318835986E-16,1.577021341797E-16));
#4236 = ORIENTED_EDGE('',*,*,#4237,.F.);
#4237 = EDGE_CURVE('',#4140,#4230,#4238,.T.);
#4238 = LINE('',#4239,#4240);
#4239 = CARTESIAN_POINT('',(1.45,-5.85,3.8795));
#4240 = VECTOR('',#4241,1.);
#4241 = DIRECTION('',(-1.577021341797E-16,-1.97020246706E-32,1.));
#4242 = ORIENTED_EDGE('',*,*,#4139,.T.);
#4243 = ORIENTED_EDGE('',*,*,#4178,.T.);
#4244 = ORIENTED_EDGE('',*,*,#4245,.F.);
#4245 = EDGE_CURVE('',#4246,#4171,#4248,.T.);
#4246 = VERTEX_POINT('',#4247);
#4247 = CARTESIAN_POINT('',(-4.475,-5.85,4.0995));
#4248 = LINE('',#4249,#4250);
#4249 = CARTESIAN_POINT('',(5.5,-5.85,4.0995));
#4250 = VECTOR('',#4251,1.);
#4251 = DIRECTION('',(1.,1.249318835986E-16,1.577021341797E-16));
#4252 = ORIENTED_EDGE('',*,*,#4253,.F.);
#4253 = EDGE_CURVE('',#3072,#4246,#4254,.T.);
#4254 = LINE('',#4255,#4256);
#4255 = CARTESIAN_POINT('',(-4.475,-5.85,4.4995));
#4256 = VECTOR('',#4257,1.);
#4257 = DIRECTION('',(3.233169226055E-16,-3.356311772405E-32,1.));
#4258 = ORIENTED_EDGE('',*,*,#3079,.F.);
#4259 = PLANE('',#4260);
#4260 = AXIS2_PLACEMENT_3D('',#4261,#4262,#4263);
#4261 = CARTESIAN_POINT('',(-4.525,-5.85,0.6995));
#4262 = DIRECTION('',(1.249318835986E-16,-1.,-5.473822126269E-48));
#4263 = DIRECTION('',(1.,1.249318835986E-16,1.577021341797E-16));
#4264 = ADVANCED_FACE('',(#4265),#4276,.F.);
#4265 = FACE_BOUND('',#4266,.T.);
#4266 = EDGE_LOOP('',(#4267,#4268,#4274,#4275));
#4267 = ORIENTED_EDGE('',*,*,#4253,.T.);
#4268 = ORIENTED_EDGE('',*,*,#4269,.F.);
#4269 = EDGE_CURVE('',#2388,#4246,#4270,.T.);
#4270 = LINE('',#4271,#4272);
#4271 = CARTESIAN_POINT('',(-4.475,15.771922627321,4.0995));
#4272 = VECTOR('',#4273,1.);
#4273 = DIRECTION('',(1.249318835986E-16,-1.,0.));
#4274 = ORIENTED_EDGE('',*,*,#3154,.F.);
#4275 = ORIENTED_EDGE('',*,*,#3069,.T.);
#4276 = PLANE('',#4277);
#4277 = AXIS2_PLACEMENT_3D('',#4278,#4279,#4280);
#4278 = CARTESIAN_POINT('',(-4.475,15.771922627321,4.4995));
#4279 = DIRECTION('',(1.,1.249318835986E-16,-3.233169226055E-16));
#4280 = DIRECTION('',(-3.233169226055E-16,-6.123233995737E-17,-1.));
#4281 = ADVANCED_FACE('',(#4282),#4293,.F.);
#4282 = FACE_BOUND('',#4283,.T.);
#4283 = EDGE_LOOP('',(#4284,#4285,#4286,#4287));
#4284 = ORIENTED_EDGE('',*,*,#4221,.T.);
#4285 = ORIENTED_EDGE('',*,*,#3313,.F.);
#4286 = ORIENTED_EDGE('',*,*,#3184,.F.);
#4287 = ORIENTED_EDGE('',*,*,#4288,.T.);
#4288 = EDGE_CURVE('',#2672,#4222,#4289,.T.);
#4289 = LINE('',#4290,#4291);
#4290 = CARTESIAN_POINT('',(4.475,15.771922627321,4.0995));
#4291 = VECTOR('',#4292,1.);
#4292 = DIRECTION('',(1.249318835986E-16,-1.,0.));
#4293 = PLANE('',#4294);
#4294 = AXIS2_PLACEMENT_3D('',#4295,#4296,#4297);
#4295 = CARTESIAN_POINT('',(4.475,15.771922627321,0.89314916731));
#4296 = DIRECTION('',(-1.,-1.249318835986E-16,-1.577021341797E-16));
#4297 = DIRECTION('',(-1.577021341797E-16,6.123233995737E-17,1.));
#4298 = ADVANCED_FACE('',(#4299),#4310,.T.);
#4299 = FACE_BOUND('',#4300,.T.);
#4300 = EDGE_LOOP('',(#4301,#4302,#4303,#4309));
#4301 = ORIENTED_EDGE('',*,*,#4149,.T.);
#4302 = ORIENTED_EDGE('',*,*,#4237,.T.);
#4303 = ORIENTED_EDGE('',*,*,#4304,.F.);
#4304 = EDGE_CURVE('',#2638,#4230,#4305,.T.);
#4305 = LINE('',#4306,#4307);
#4306 = CARTESIAN_POINT('',(1.45,15.771922627321,4.0995));
#4307 = VECTOR('',#4308,1.);
#4308 = DIRECTION('',(1.249318835986E-16,-1.,0.));
#4309 = ORIENTED_EDGE('',*,*,#3177,.T.);
#4310 = PLANE('',#4311);
#4311 = AXIS2_PLACEMENT_3D('',#4312,#4313,#4314);
#4312 = CARTESIAN_POINT('',(1.45,15.771922627321,0.6995));
#4313 = DIRECTION('',(-1.,-1.249318835986E-16,-1.577021341797E-16));
#4314 = DIRECTION('',(-1.577021341797E-16,6.123233995737E-17,1.));
#4315 = ADVANCED_FACE('',(#4316),#4334,.T.);
#4316 = FACE_BOUND('',#4317,.T.);
#4317 = EDGE_LOOP('',(#4318,#4319,#4320,#4328));
#4318 = ORIENTED_EDGE('',*,*,#3003,.T.);
#4319 = ORIENTED_EDGE('',*,*,#2907,.F.);
#4320 = ORIENTED_EDGE('',*,*,#4321,.F.);
#4321 = EDGE_CURVE('',#4322,#2900,#4324,.T.);
#4322 = VERTEX_POINT('',#4323);
#4323 = CARTESIAN_POINT('',(-2.975,5.45,1.3995));
#4324 = LINE('',#4325,#4326);
#4325 = CARTESIAN_POINT('',(-2.975,-15.77192262732,1.3995));
#4326 = VECTOR('',#4327,1.);
#4327 = DIRECTION('',(-1.249318835986E-16,1.,0.));
#4328 = ORIENTED_EDGE('',*,*,#4329,.T.);
#4329 = EDGE_CURVE('',#4322,#3004,#4330,.T.);
#4330 = LINE('',#4331,#4332);
#4331 = CARTESIAN_POINT('',(-2.975,5.45,0.89314916731));
#4332 = VECTOR('',#4333,1.);
#4333 = DIRECTION('',(1.577021341797E-16,1.97020246706E-32,-1.));
#4334 = PLANE('',#4335);
#4335 = AXIS2_PLACEMENT_3D('',#4336,#4337,#4338);
#4336 = CARTESIAN_POINT('',(-2.975,-15.77192262732,0.89314916731));
#4337 = DIRECTION('',(1.,1.249318835986E-16,1.577021341797E-16));
#4338 = DIRECTION('',(-1.577021341797E-16,-6.123233995737E-17,1.));
#4339 = ADVANCED_FACE('',(#4340),#4358,.T.);
#4340 = FACE_BOUND('',#4341,.T.);
#4341 = EDGE_LOOP('',(#4342,#4343,#4344,#4352));
#4342 = ORIENTED_EDGE('',*,*,#4321,.T.);
#4343 = ORIENTED_EDGE('',*,*,#2899,.F.);
#4344 = ORIENTED_EDGE('',*,*,#4345,.F.);
#4345 = EDGE_CURVE('',#4346,#2892,#4348,.T.);
#4346 = VERTEX_POINT('',#4347);
#4347 = CARTESIAN_POINT('',(-1.25,5.45,1.3995));
#4348 = LINE('',#4349,#4350);
#4349 = CARTESIAN_POINT('',(-1.25,-15.77192262732,1.3995));
#4350 = VECTOR('',#4351,1.);
#4351 = DIRECTION('',(-1.249318835986E-16,1.,0.));
#4352 = ORIENTED_EDGE('',*,*,#4353,.T.);
#4353 = EDGE_CURVE('',#4346,#4322,#4354,.T.);
#4354 = LINE('',#4355,#4356);
#4355 = CARTESIAN_POINT('',(-2.975,5.45,1.3995));
#4356 = VECTOR('',#4357,1.);
#4357 = DIRECTION('',(-1.,2.201843810555E-16,-4.091113335966E-16));
#4358 = PLANE('',#4359);
#4359 = AXIS2_PLACEMENT_3D('',#4360,#4361,#4362);
#4360 = CARTESIAN_POINT('',(-2.975,-15.77192262732,1.3995));
#4361 = DIRECTION('',(4.091113335966E-16,5.111104950778E-32,-1.));
#4362 = DIRECTION('',(1.,1.249318835986E-16,4.091113335966E-16));
#4363 = ADVANCED_FACE('',(#4364),#4382,.T.);
#4364 = FACE_BOUND('',#4365,.T.);
#4365 = EDGE_LOOP('',(#4366,#4367,#4368,#4376));
#4366 = ORIENTED_EDGE('',*,*,#4345,.T.);
#4367 = ORIENTED_EDGE('',*,*,#2891,.F.);
#4368 = ORIENTED_EDGE('',*,*,#4369,.F.);
#4369 = EDGE_CURVE('',#4370,#2884,#4372,.T.);
#4370 = VERTEX_POINT('',#4371);
#4371 = CARTESIAN_POINT('',(-1.25,5.45,-0.9505));
#4372 = LINE('',#4373,#4374);
#4373 = CARTESIAN_POINT('',(-1.25,-15.77192262732,-0.9505));
#4374 = VECTOR('',#4375,1.);
#4375 = DIRECTION('',(-1.249318835986E-16,1.,0.));
#4376 = ORIENTED_EDGE('',*,*,#4377,.T.);
#4377 = EDGE_CURVE('',#4370,#4346,#4378,.T.);
#4378 = LINE('',#4379,#4380);
#4379 = CARTESIAN_POINT('',(-1.25,5.45,1.3995));
#4380 = VECTOR('',#4381,1.);
#4381 = DIRECTION('',(4.618419643834E-16,1.563063996879E-31,1.));
#4382 = PLANE('',#4383);
#4383 = AXIS2_PLACEMENT_3D('',#4384,#4385,#4386);
#4384 = CARTESIAN_POINT('',(-1.25,-15.77192262732,1.3995));
#4385 = DIRECTION('',(-1.,-1.249318835986E-16,4.618419643834E-16));
#4386 = DIRECTION('',(-4.618419643834E-16,6.123233995737E-17,-1.));
#4387 = ADVANCED_FACE('',(#4388),#4413,.T.);
#4388 = FACE_BOUND('',#4389,.T.);
#4389 = EDGE_LOOP('',(#4390,#4398,#4399,#4407));
#4390 = ORIENTED_EDGE('',*,*,#4391,.T.);
#4391 = EDGE_CURVE('',#4392,#2876,#4394,.T.);
#4392 = VERTEX_POINT('',#4393);
#4393 = CARTESIAN_POINT('',(1.25,5.45,-0.9505));
#4394 = LINE('',#4395,#4396);
#4395 = CARTESIAN_POINT('',(1.25,-15.77192262732,-0.9505));
#4396 = VECTOR('',#4397,1.);
#4397 = DIRECTION('',(-1.249318835986E-16,1.,0.));
#4398 = ORIENTED_EDGE('',*,*,#2875,.F.);
#4399 = ORIENTED_EDGE('',*,*,#4400,.F.);
#4400 = EDGE_CURVE('',#4401,#2868,#4403,.T.);
#4401 = VERTEX_POINT('',#4402);
#4402 = CARTESIAN_POINT('',(1.25,5.45,1.3995));
#4403 = LINE('',#4404,#4405);
#4404 = CARTESIAN_POINT('',(1.25,-15.77192262732,1.3995));
#4405 = VECTOR('',#4406,1.);
#4406 = DIRECTION('',(-1.249318835986E-16,1.,0.));
#4407 = ORIENTED_EDGE('',*,*,#4408,.T.);
#4408 = EDGE_CURVE('',#4401,#4392,#4409,.T.);
#4409 = LINE('',#4410,#4411);
#4410 = CARTESIAN_POINT('',(1.25,5.45,0.6995));
#4411 = VECTOR('',#4412,1.);
#4412 = DIRECTION('',(1.577021341797E-16,1.97020246706E-32,-1.));
#4413 = PLANE('',#4414);
#4414 = AXIS2_PLACEMENT_3D('',#4415,#4416,#4417);
#4415 = CARTESIAN_POINT('',(1.25,-15.77192262732,0.6995));
#4416 = DIRECTION('',(1.,1.249318835986E-16,1.577021341797E-16));
#4417 = DIRECTION('',(-1.577021341797E-16,-6.123233995737E-17,1.));
#4418 = ADVANCED_FACE('',(#4419),#4437,.T.);
#4419 = FACE_BOUND('',#4420,.T.);
#4420 = EDGE_LOOP('',(#4421,#4422,#4423,#4431));
#4421 = ORIENTED_EDGE('',*,*,#4400,.T.);
#4422 = ORIENTED_EDGE('',*,*,#2867,.F.);
#4423 = ORIENTED_EDGE('',*,*,#4424,.F.);
#4424 = EDGE_CURVE('',#4425,#2860,#4427,.T.);
#4425 = VERTEX_POINT('',#4426);
#4426 = CARTESIAN_POINT('',(2.975,5.45,1.3995));
#4427 = LINE('',#4428,#4429);
#4428 = CARTESIAN_POINT('',(2.975,-15.77192262732,1.3995));
#4429 = VECTOR('',#4430,1.);
#4430 = DIRECTION('',(-1.249318835986E-16,1.,0.));
#4431 = ORIENTED_EDGE('',*,*,#4432,.T.);
#4432 = EDGE_CURVE('',#4425,#4401,#4433,.T.);
#4433 = LINE('',#4434,#4435);
#4434 = CARTESIAN_POINT('',(1.25,5.45,1.3995));
#4435 = VECTOR('',#4436,1.);
#4436 = DIRECTION('',(-1.,2.201843810555E-16,3.451162646541E-16));
#4437 = PLANE('',#4438);
#4438 = AXIS2_PLACEMENT_3D('',#4439,#4440,#4441);
#4439 = CARTESIAN_POINT('',(1.25,-15.77192262732,1.3995));
#4440 = DIRECTION('',(-3.451162646541E-16,-4.311602500377E-32,-1.));
#4441 = DIRECTION('',(1.,1.249318835986E-16,-3.451162646541E-16));
#4442 = ADVANCED_FACE('',(#4443),#4454,.T.);
#4443 = FACE_BOUND('',#4444,.T.);
#4444 = EDGE_LOOP('',(#4445,#4446,#4447,#4448));
#4445 = ORIENTED_EDGE('',*,*,#4424,.T.);
#4446 = ORIENTED_EDGE('',*,*,#2859,.F.);
#4447 = ORIENTED_EDGE('',*,*,#2810,.F.);
#4448 = ORIENTED_EDGE('',*,*,#4449,.T.);
#4449 = EDGE_CURVE('',#2811,#4425,#4450,.T.);
#4450 = LINE('',#4451,#4452);
#4451 = CARTESIAN_POINT('',(2.975,5.45,1.3995));
#4452 = VECTOR('',#4453,1.);
#4453 = DIRECTION('',(-1.577021341797E-16,-1.97020246706E-32,1.));
#4454 = PLANE('',#4455);
#4455 = AXIS2_PLACEMENT_3D('',#4456,#4457,#4458);
#4456 = CARTESIAN_POINT('',(2.975,-15.77192262732,1.3995));
#4457 = DIRECTION('',(-1.,-1.249318835986E-16,-1.577021341797E-16));
#4458 = DIRECTION('',(1.577021341797E-16,6.123233995737E-17,-1.));
#4459 = ADVANCED_FACE('',(#4460),#4485,.F.);
#4460 = FACE_BOUND('',#4461,.T.);
#4461 = EDGE_LOOP('',(#4462,#4463,#4471,#4479));
#4462 = ORIENTED_EDGE('',*,*,#2965,.F.);
#4463 = ORIENTED_EDGE('',*,*,#4464,.F.);
#4464 = EDGE_CURVE('',#4465,#2958,#4467,.T.);
#4465 = VERTEX_POINT('',#4466);
#4466 = CARTESIAN_POINT('',(-1.45,5.45,3.8795));
#4467 = LINE('',#4468,#4469);
#4468 = CARTESIAN_POINT('',(-1.45,-15.77192262732,3.8795));
#4469 = VECTOR('',#4470,1.);
#4470 = DIRECTION('',(-1.249318835986E-16,1.,0.));
#4471 = ORIENTED_EDGE('',*,*,#4472,.F.);
#4472 = EDGE_CURVE('',#4473,#4465,#4475,.T.);
#4473 = VERTEX_POINT('',#4474);
#4474 = CARTESIAN_POINT('',(1.45,5.45,3.8795));
#4475 = LINE('',#4476,#4477);
#4476 = CARTESIAN_POINT('',(-4.525,5.45,3.8795));
#4477 = VECTOR('',#4478,1.);
#4478 = DIRECTION('',(-1.,-1.249318835986E-16,-1.577021341797E-16));
#4479 = ORIENTED_EDGE('',*,*,#4480,.T.);
#4480 = EDGE_CURVE('',#4473,#2966,#4481,.T.);
#4481 = LINE('',#4482,#4483);
#4482 = CARTESIAN_POINT('',(1.45,-15.77192262732,3.8795));
#4483 = VECTOR('',#4484,1.);
#4484 = DIRECTION('',(-1.249318835986E-16,1.,0.));
#4485 = PLANE('',#4486);
#4486 = AXIS2_PLACEMENT_3D('',#4487,#4488,#4489);
#4487 = CARTESIAN_POINT('',(-4.525,-15.77192262732,3.8795));
#4488 = DIRECTION('',(1.577021341797E-16,1.97020246706E-32,-1.));
#4489 = DIRECTION('',(1.,1.249318835986E-16,1.577021341797E-16));
#4490 = ADVANCED_FACE('',(#4491),#4507,.T.);
#4491 = FACE_BOUND('',#4492,.T.);
#4492 = EDGE_LOOP('',(#4493,#4499,#4500,#4501));
#4493 = ORIENTED_EDGE('',*,*,#4494,.T.);
#4494 = EDGE_CURVE('',#2704,#2974,#4495,.T.);
#4495 = LINE('',#4496,#4497);
#4496 = CARTESIAN_POINT('',(1.45,-15.77192262732,4.0995));
#4497 = VECTOR('',#4498,1.);
#4498 = DIRECTION('',(-1.249318835986E-16,1.,0.));
#4499 = ORIENTED_EDGE('',*,*,#2973,.F.);
#4500 = ORIENTED_EDGE('',*,*,#4480,.F.);
#4501 = ORIENTED_EDGE('',*,*,#4502,.T.);
#4502 = EDGE_CURVE('',#4473,#2704,#4503,.T.);
#4503 = LINE('',#4504,#4505);
#4504 = CARTESIAN_POINT('',(1.45,5.45,0.6995));
#4505 = VECTOR('',#4506,1.);
#4506 = DIRECTION('',(-1.577021341797E-16,-1.97020246706E-32,1.));
#4507 = PLANE('',#4508);
#4508 = AXIS2_PLACEMENT_3D('',#4509,#4510,#4511);
#4509 = CARTESIAN_POINT('',(1.45,-15.77192262732,0.6995));
#4510 = DIRECTION('',(-1.,-1.249318835986E-16,-1.577021341797E-16));
#4511 = DIRECTION('',(1.577021341797E-16,6.123233995737E-17,-1.));
#4512 = ADVANCED_FACE('',(#4513),#4529,.T.);
#4513 = FACE_BOUND('',#4514,.T.);
#4514 = EDGE_LOOP('',(#4515,#4516,#4517,#4523));
#4515 = ORIENTED_EDGE('',*,*,#2769,.T.);
#4516 = ORIENTED_EDGE('',*,*,#2989,.F.);
#4517 = ORIENTED_EDGE('',*,*,#4518,.F.);
#4518 = EDGE_CURVE('',#2712,#2982,#4519,.T.);
#4519 = LINE('',#4520,#4521);
#4520 = CARTESIAN_POINT('',(4.475,-15.77192262732,4.0995));
#4521 = VECTOR('',#4522,1.);
#4522 = DIRECTION('',(-1.249318835986E-16,1.,0.));
#4523 = ORIENTED_EDGE('',*,*,#4524,.T.);
#4524 = EDGE_CURVE('',#2712,#2770,#4525,.T.);
#4525 = LINE('',#4526,#4527);
#4526 = CARTESIAN_POINT('',(4.475,5.45,0.89314916731));
#4527 = VECTOR('',#4528,1.);
#4528 = DIRECTION('',(1.577021341797E-16,1.97020246706E-32,-1.));
#4529 = PLANE('',#4530);
#4530 = AXIS2_PLACEMENT_3D('',#4531,#4532,#4533);
#4531 = CARTESIAN_POINT('',(4.475,-15.77192262732,0.89314916731));
#4532 = DIRECTION('',(1.,1.249318835986E-16,1.577021341797E-16));
#4533 = DIRECTION('',(-1.577021341797E-16,-6.123233995737E-17,1.));
#4534 = ADVANCED_FACE('',(#4535),#4577,.F.);
#4535 = FACE_BOUND('',#4536,.T.);
#4536 = EDGE_LOOP('',(#4537,#4538,#4539,#4540,#4541,#4542,#4543,#4549,
    #4550,#4556,#4557,#4563,#4564,#4565,#4566,#4567,#4573,#4574,#4575,
    #4576));
#4537 = ORIENTED_EDGE('',*,*,#1977,.F.);
#4538 = ORIENTED_EDGE('',*,*,#2795,.F.);
#4539 = ORIENTED_EDGE('',*,*,#4524,.F.);
#4540 = ORIENTED_EDGE('',*,*,#2711,.F.);
#4541 = ORIENTED_EDGE('',*,*,#4502,.F.);
#4542 = ORIENTED_EDGE('',*,*,#4472,.T.);
#4543 = ORIENTED_EDGE('',*,*,#4544,.F.);
#4544 = EDGE_CURVE('',#2494,#4465,#4545,.T.);
#4545 = LINE('',#4546,#4547);
#4546 = CARTESIAN_POINT('',(-1.45,5.45,0.6995));
#4547 = VECTOR('',#4548,1.);
#4548 = DIRECTION('',(1.577021341797E-16,1.97020246706E-32,-1.));
#4549 = ORIENTED_EDGE('',*,*,#2535,.F.);
#4550 = ORIENTED_EDGE('',*,*,#4551,.F.);
#4551 = EDGE_CURVE('',#3037,#2528,#4552,.T.);
#4552 = LINE('',#4553,#4554);
#4553 = CARTESIAN_POINT('',(-4.475,5.45,4.4995));
#4554 = VECTOR('',#4555,1.);
#4555 = DIRECTION('',(3.233169226055E-16,1.143483020049E-31,1.));
#4556 = ORIENTED_EDGE('',*,*,#3044,.F.);
#4557 = ORIENTED_EDGE('',*,*,#4558,.F.);
#4558 = EDGE_CURVE('',#3013,#3045,#4559,.T.);
#4559 = LINE('',#4560,#4561);
#4560 = CARTESIAN_POINT('',(-4.525,5.45,0.7995));
#4561 = VECTOR('',#4562,1.);
#4562 = DIRECTION('',(-1.,-1.249318835986E-16,-1.037853504423E-15));
#4563 = ORIENTED_EDGE('',*,*,#3021,.F.);
#4564 = ORIENTED_EDGE('',*,*,#4329,.F.);
#4565 = ORIENTED_EDGE('',*,*,#4353,.F.);
#4566 = ORIENTED_EDGE('',*,*,#4377,.F.);
#4567 = ORIENTED_EDGE('',*,*,#4568,.F.);
#4568 = EDGE_CURVE('',#4392,#4370,#4569,.T.);
#4569 = LINE('',#4570,#4571);
#4570 = CARTESIAN_POINT('',(2.947792684635,5.45,-0.9505));
#4571 = VECTOR('',#4572,1.);
#4572 = DIRECTION('',(-1.,-2.826340177784E-16,-1.577021341797E-16));
#4573 = ORIENTED_EDGE('',*,*,#4408,.F.);
#4574 = ORIENTED_EDGE('',*,*,#4432,.F.);
#4575 = ORIENTED_EDGE('',*,*,#4449,.F.);
#4576 = ORIENTED_EDGE('',*,*,#2820,.F.);
#4577 = PLANE('',#4578);
#4578 = AXIS2_PLACEMENT_3D('',#4579,#4580,#4581);
#4579 = CARTESIAN_POINT('',(-4.525,5.45,0.6995));
#4580 = DIRECTION('',(-1.249318835986E-16,1.,-5.473822126269E-48));
#4581 = DIRECTION('',(1.,1.249318835986E-16,1.577021341797E-16));
#4582 = ADVANCED_FACE('',(#4583),#4594,.T.);
#4583 = FACE_BOUND('',#4584,.T.);
#4584 = EDGE_LOOP('',(#4585,#4591,#4592,#4593));
#4585 = ORIENTED_EDGE('',*,*,#4586,.T.);
#4586 = EDGE_CURVE('',#2528,#2942,#4587,.T.);
#4587 = LINE('',#4588,#4589);
#4588 = CARTESIAN_POINT('',(-4.475,-15.77192262732,4.0995));
#4589 = VECTOR('',#4590,1.);
#4590 = DIRECTION('',(-1.249318835986E-16,1.,0.));
#4591 = ORIENTED_EDGE('',*,*,#2941,.F.);
#4592 = ORIENTED_EDGE('',*,*,#3036,.F.);
#4593 = ORIENTED_EDGE('',*,*,#4551,.T.);
#4594 = PLANE('',#4595);
#4595 = AXIS2_PLACEMENT_3D('',#4596,#4597,#4598);
#4596 = CARTESIAN_POINT('',(-4.475,-15.77192262732,4.4995));
#4597 = DIRECTION('',(-1.,-1.249318835986E-16,3.233169226055E-16));
#4598 = DIRECTION('',(-3.233169226055E-16,6.123233995737E-17,-1.));
#4599 = ADVANCED_FACE('',(#4600),#4611,.T.);
#4600 = FACE_BOUND('',#4601,.T.);
#4601 = EDGE_LOOP('',(#4602,#4603,#4604,#4610));
#4602 = ORIENTED_EDGE('',*,*,#4464,.T.);
#4603 = ORIENTED_EDGE('',*,*,#2957,.T.);
#4604 = ORIENTED_EDGE('',*,*,#4605,.F.);
#4605 = EDGE_CURVE('',#2494,#2950,#4606,.T.);
#4606 = LINE('',#4607,#4608);
#4607 = CARTESIAN_POINT('',(-1.45,-15.77192262732,4.0995));
#4608 = VECTOR('',#4609,1.);
#4609 = DIRECTION('',(-1.249318835986E-16,1.,0.));
#4610 = ORIENTED_EDGE('',*,*,#4544,.T.);
#4611 = PLANE('',#4612);
#4612 = AXIS2_PLACEMENT_3D('',#4613,#4614,#4615);
#4613 = CARTESIAN_POINT('',(-1.45,-15.77192262732,0.6995));
#4614 = DIRECTION('',(1.,1.249318835986E-16,1.577021341797E-16));
#4615 = DIRECTION('',(-1.577021341797E-16,-6.123233995737E-17,1.));
#4616 = ADVANCED_FACE('',(#4617,#4627),#4840,.F.);
#4617 = FACE_BOUND('',#4618,.T.);
#4618 = EDGE_LOOP('',(#4619,#4626));
#4619 = ORIENTED_EDGE('',*,*,#4620,.T.);
#4620 = EDGE_CURVE('',#772,#791,#4621,.T.);
#4621 = CIRCLE('',#4622,0.4);
#4622 = AXIS2_PLACEMENT_3D('',#4623,#4624,#4625);
#4623 = CARTESIAN_POINT('',(-5.1,4.65,4.4995));
#4624 = DIRECTION('',(-0.,0.,-1.));
#4625 = DIRECTION('',(-3.037693553488E-16,1.,0.));
#4626 = ORIENTED_EDGE('',*,*,#798,.T.);
#4627 = FACE_BOUND('',#4628,.T.);
#4628 = EDGE_LOOP('',(#4629,#4639,#4647,#4656,#4664,#4672,#4680,#4689,
    #4697,#4705,#4713,#4721,#4729,#4737,#4745,#4753,#4761,#4769,#4777,
    #4785,#4793,#4801,#4809,#4817,#4825,#4834));
#4629 = ORIENTED_EDGE('',*,*,#4630,.F.);
#4630 = EDGE_CURVE('',#4631,#4633,#4635,.T.);
#4631 = VERTEX_POINT('',#4632);
#4632 = CARTESIAN_POINT('',(-1.45,-5.45,4.4995));
#4633 = VERTEX_POINT('',#4634);
#4634 = CARTESIAN_POINT('',(-4.475,-5.45,4.4995));
#4635 = LINE('',#4636,#4637);
#4636 = CARTESIAN_POINT('',(5.5,-5.45,4.4995));
#4637 = VECTOR('',#4638,1.);
#4638 = DIRECTION('',(-1.,3.277025058107E-17,0.));
#4639 = ORIENTED_EDGE('',*,*,#4640,.F.);
#4640 = EDGE_CURVE('',#4641,#4631,#4643,.T.);
#4641 = VERTEX_POINT('',#4642);
#4642 = CARTESIAN_POINT('',(-1.45,-4.154214727238,4.4995));
#4643 = LINE('',#4644,#4645);
#4644 = CARTESIAN_POINT('',(-1.45,-4.154214727238,4.4995));
#4645 = VECTOR('',#4646,1.);
#4646 = DIRECTION('',(-1.665251184812E-15,-1.,0.));
#4647 = ORIENTED_EDGE('',*,*,#4648,.F.);
#4648 = EDGE_CURVE('',#4649,#4641,#4651,.T.);
#4649 = VERTEX_POINT('',#4650);
#4650 = CARTESIAN_POINT('',(-1.45,4.154214727238,4.4995));
#4651 = CIRCLE('',#4652,4.4);
#4652 = AXIS2_PLACEMENT_3D('',#4653,#4654,#4655);
#4653 = CARTESIAN_POINT('',(2.983351379773E-34,-2.387982389954E-18,
    4.4995));
#4654 = DIRECTION('',(0.,0.,1.));
#4655 = DIRECTION('',(-1.249318835986E-16,1.,-0.));
#4656 = ORIENTED_EDGE('',*,*,#4657,.F.);
#4657 = EDGE_CURVE('',#4658,#4649,#4660,.T.);
#4658 = VERTEX_POINT('',#4659);
#4659 = CARTESIAN_POINT('',(-1.45,5.45,4.4995));
#4660 = LINE('',#4661,#4662);
#4661 = CARTESIAN_POINT('',(-1.45,-4.95,4.4995));
#4662 = VECTOR('',#4663,1.);
#4663 = DIRECTION('',(-3.865489930902E-16,-1.,0.));
#4664 = ORIENTED_EDGE('',*,*,#4665,.F.);
#4665 = EDGE_CURVE('',#4666,#4658,#4668,.T.);
#4666 = VERTEX_POINT('',#4667);
#4667 = CARTESIAN_POINT('',(-4.475,5.45,4.4995));
#4668 = LINE('',#4669,#4670);
#4669 = CARTESIAN_POINT('',(5.5,5.45,4.4995));
#4670 = VECTOR('',#4671,1.);
#4671 = DIRECTION('',(1.,-3.277025058107E-17,0.));
#4672 = ORIENTED_EDGE('',*,*,#4673,.F.);
#4673 = EDGE_CURVE('',#4674,#4666,#4676,.T.);
#4674 = VERTEX_POINT('',#4675);
#4675 = CARTESIAN_POINT('',(-5.5,5.45,4.4995));
#4676 = LINE('',#4677,#4678);
#4677 = CARTESIAN_POINT('',(5.5,5.45,4.4995));
#4678 = VECTOR('',#4679,1.);
#4679 = DIRECTION('',(1.,-3.277025058107E-17,0.));
#4680 = ORIENTED_EDGE('',*,*,#4681,.F.);
#4681 = EDGE_CURVE('',#4682,#4674,#4684,.T.);
#4682 = VERTEX_POINT('',#4683);
#4683 = CARTESIAN_POINT('',(-6.,4.95,4.4995));
#4684 = CIRCLE('',#4685,0.5);
#4685 = AXIS2_PLACEMENT_3D('',#4686,#4687,#4688);
#4686 = CARTESIAN_POINT('',(-5.5,4.95,4.4995));
#4687 = DIRECTION('',(-0.,0.,-1.));
#4688 = DIRECTION('',(-3.037693553488E-16,1.,0.));
#4689 = ORIENTED_EDGE('',*,*,#4690,.F.);
#4690 = EDGE_CURVE('',#4691,#4682,#4693,.T.);
#4691 = VERTEX_POINT('',#4692);
#4692 = CARTESIAN_POINT('',(-6.,4.25,4.4995));
#4693 = LINE('',#4694,#4695);
#4694 = CARTESIAN_POINT('',(-6.,4.25,4.4995));
#4695 = VECTOR('',#4696,1.);
#4696 = DIRECTION('',(1.114156313528E-15,1.,0.));
#4697 = ORIENTED_EDGE('',*,*,#4698,.F.);
#4698 = EDGE_CURVE('',#4699,#4691,#4701,.T.);
#4699 = VERTEX_POINT('',#4700);
#4700 = CARTESIAN_POINT('',(-5.8,4.25,4.4995));
#4701 = LINE('',#4702,#4703);
#4702 = CARTESIAN_POINT('',(-5.8,4.25,4.4995));
#4703 = VECTOR('',#4704,1.);
#4704 = DIRECTION('',(-1.,4.211876806343E-15,0.));
#4705 = ORIENTED_EDGE('',*,*,#4706,.F.);
#4706 = EDGE_CURVE('',#4707,#4699,#4709,.T.);
#4707 = VERTEX_POINT('',#4708);
#4708 = CARTESIAN_POINT('',(-5.8,3.65,4.4995));
#4709 = LINE('',#4710,#4711);
#4710 = CARTESIAN_POINT('',(-5.8,3.65,4.4995));
#4711 = VECTOR('',#4712,1.);
#4712 = DIRECTION('',(-1.249318835986E-16,1.,0.));
#4713 = ORIENTED_EDGE('',*,*,#4714,.F.);
#4714 = EDGE_CURVE('',#4715,#4707,#4717,.T.);
#4715 = VERTEX_POINT('',#4716);
#4716 = CARTESIAN_POINT('',(-6.,3.65,4.4995));
#4717 = LINE('',#4718,#4719);
#4718 = CARTESIAN_POINT('',(-6.,3.65,4.4995));
#4719 = VECTOR('',#4720,1.);
#4720 = DIRECTION('',(1.,1.249318835986E-16,0.));
#4721 = ORIENTED_EDGE('',*,*,#4722,.F.);
#4722 = EDGE_CURVE('',#4723,#4715,#4725,.T.);
#4723 = VERTEX_POINT('',#4724);
#4724 = CARTESIAN_POINT('',(-6.,2.85,4.4995));
#4725 = LINE('',#4726,#4727);
#4726 = CARTESIAN_POINT('',(-6.,2.85,4.4995));
#4727 = VECTOR('',#4728,1.);
#4728 = DIRECTION('',(-1.249318835986E-16,1.,0.));
#4729 = ORIENTED_EDGE('',*,*,#4730,.F.);
#4730 = EDGE_CURVE('',#4731,#4723,#4733,.T.);
#4731 = VERTEX_POINT('',#4732);
#4732 = CARTESIAN_POINT('',(-5.8,2.85,4.4995));
#4733 = LINE('',#4734,#4735);
#4734 = CARTESIAN_POINT('',(-5.8,2.85,4.4995));
#4735 = VECTOR('',#4736,1.);
#4736 = DIRECTION('',(-1.,-1.249318835986E-16,0.));
#4737 = ORIENTED_EDGE('',*,*,#4738,.F.);
#4738 = EDGE_CURVE('',#4739,#4731,#4741,.T.);
#4739 = VERTEX_POINT('',#4740);
#4740 = CARTESIAN_POINT('',(-5.8,2.25,4.4995));
#4741 = LINE('',#4742,#4743);
#4742 = CARTESIAN_POINT('',(-5.8,2.25,4.4995));
#4743 = VECTOR('',#4744,1.);
#4744 = DIRECTION('',(-1.249318835986E-16,1.,0.));
#4745 = ORIENTED_EDGE('',*,*,#4746,.F.);
#4746 = EDGE_CURVE('',#4747,#4739,#4749,.T.);
#4747 = VERTEX_POINT('',#4748);
#4748 = CARTESIAN_POINT('',(-6.,2.25,4.4995));
#4749 = LINE('',#4750,#4751);
#4750 = CARTESIAN_POINT('',(-6.,2.25,4.4995));
#4751 = VECTOR('',#4752,1.);
#4752 = DIRECTION('',(1.,1.249318835986E-16,0.));
#4753 = ORIENTED_EDGE('',*,*,#4754,.F.);
#4754 = EDGE_CURVE('',#4755,#4747,#4757,.T.);
#4755 = VERTEX_POINT('',#4756);
#4756 = CARTESIAN_POINT('',(-6.,-2.25,4.4995));
#4757 = LINE('',#4758,#4759);
#4758 = CARTESIAN_POINT('',(-6.,-2.25,4.4995));
#4759 = VECTOR('',#4760,1.);
#4760 = DIRECTION('',(6.781516928767E-17,1.,0.));
#4761 = ORIENTED_EDGE('',*,*,#4762,.F.);
#4762 = EDGE_CURVE('',#4763,#4755,#4765,.T.);
#4763 = VERTEX_POINT('',#4764);
#4764 = CARTESIAN_POINT('',(-5.8,-2.25,4.4995));
#4765 = LINE('',#4766,#4767);
#4766 = CARTESIAN_POINT('',(-5.8,-2.25,4.4995));
#4767 = VECTOR('',#4768,1.);
#4768 = DIRECTION('',(-1.,-1.249318835986E-16,0.));
#4769 = ORIENTED_EDGE('',*,*,#4770,.F.);
#4770 = EDGE_CURVE('',#4771,#4763,#4773,.T.);
#4771 = VERTEX_POINT('',#4772);
#4772 = CARTESIAN_POINT('',(-5.8,-2.85,4.4995));
#4773 = LINE('',#4774,#4775);
#4774 = CARTESIAN_POINT('',(-5.8,-2.85,4.4995));
#4775 = VECTOR('',#4776,1.);
#4776 = DIRECTION('',(-1.249318835986E-16,1.,0.));
#4777 = ORIENTED_EDGE('',*,*,#4778,.F.);
#4778 = EDGE_CURVE('',#4779,#4771,#4781,.T.);
#4779 = VERTEX_POINT('',#4780);
#4780 = CARTESIAN_POINT('',(-6.,-2.85,4.4995));
#4781 = LINE('',#4782,#4783);
#4782 = CARTESIAN_POINT('',(-6.,-2.85,4.4995));
#4783 = VECTOR('',#4784,1.);
#4784 = DIRECTION('',(1.,1.249318835986E-16,0.));
#4785 = ORIENTED_EDGE('',*,*,#4786,.F.);
#4786 = EDGE_CURVE('',#4787,#4779,#4789,.T.);
#4787 = VERTEX_POINT('',#4788);
#4788 = CARTESIAN_POINT('',(-6.,-3.65,4.4995));
#4789 = LINE('',#4790,#4791);
#4790 = CARTESIAN_POINT('',(-6.,-3.65,4.4995));
#4791 = VECTOR('',#4792,1.);
#4792 = DIRECTION('',(-1.249318835986E-16,1.,0.));
#4793 = ORIENTED_EDGE('',*,*,#4794,.F.);
#4794 = EDGE_CURVE('',#4795,#4787,#4797,.T.);
#4795 = VERTEX_POINT('',#4796);
#4796 = CARTESIAN_POINT('',(-5.8,-3.65,4.4995));
#4797 = LINE('',#4798,#4799);
#4798 = CARTESIAN_POINT('',(-6.,-3.65,4.4995));
#4799 = VECTOR('',#4800,1.);
#4800 = DIRECTION('',(-1.,-1.249318835986E-16,0.));
#4801 = ORIENTED_EDGE('',*,*,#4802,.F.);
#4802 = EDGE_CURVE('',#4803,#4795,#4805,.T.);
#4803 = VERTEX_POINT('',#4804);
#4804 = CARTESIAN_POINT('',(-5.8,-4.25,4.4995));
#4805 = LINE('',#4806,#4807);
#4806 = CARTESIAN_POINT('',(-5.8,-4.25,4.4995));
#4807 = VECTOR('',#4808,1.);
#4808 = DIRECTION('',(-1.249318835986E-16,1.,0.));
#4809 = ORIENTED_EDGE('',*,*,#4810,.F.);
#4810 = EDGE_CURVE('',#4811,#4803,#4813,.T.);
#4811 = VERTEX_POINT('',#4812);
#4812 = CARTESIAN_POINT('',(-6.,-4.25,4.4995));
#4813 = LINE('',#4814,#4815);
#4814 = CARTESIAN_POINT('',(-5.8,-4.25,4.4995));
#4815 = VECTOR('',#4816,1.);
#4816 = DIRECTION('',(1.,4.461740573541E-15,0.));
#4817 = ORIENTED_EDGE('',*,*,#4818,.F.);
#4818 = EDGE_CURVE('',#4819,#4811,#4821,.T.);
#4819 = VERTEX_POINT('',#4820);
#4820 = CARTESIAN_POINT('',(-6.,-4.95,4.4995));
#4821 = LINE('',#4822,#4823);
#4822 = CARTESIAN_POINT('',(-6.,-4.95,4.4995));
#4823 = VECTOR('',#4824,1.);
#4824 = DIRECTION('',(-1.249318835986E-16,1.,0.));
#4825 = ORIENTED_EDGE('',*,*,#4826,.F.);
#4826 = EDGE_CURVE('',#4827,#4819,#4829,.T.);
#4827 = VERTEX_POINT('',#4828);
#4828 = CARTESIAN_POINT('',(-5.5,-5.45,4.4995));
#4829 = CIRCLE('',#4830,0.5);
#4830 = AXIS2_PLACEMENT_3D('',#4831,#4832,#4833);
#4831 = CARTESIAN_POINT('',(-5.5,-4.95,4.4995));
#4832 = DIRECTION('',(-0.,0.,-1.));
#4833 = DIRECTION('',(-3.037693553488E-16,1.,0.));
#4834 = ORIENTED_EDGE('',*,*,#4835,.F.);
#4835 = EDGE_CURVE('',#4633,#4827,#4836,.T.);
#4836 = LINE('',#4837,#4838);
#4837 = CARTESIAN_POINT('',(5.5,-5.45,4.4995));
#4838 = VECTOR('',#4839,1.);
#4839 = DIRECTION('',(-1.,3.277025058107E-17,0.));
#4840 = PLANE('',#4841);
#4841 = AXIS2_PLACEMENT_3D('',#4842,#4843,#4844);
#4842 = CARTESIAN_POINT('',(5.5,-4.95,4.4995));
#4843 = DIRECTION('',(0.,0.,-1.));
#4844 = DIRECTION('',(-1.249318835986E-16,1.,0.));
#4845 = ADVANCED_FACE('',(#4846),#4852,.F.);
#4846 = FACE_BOUND('',#4847,.F.);
#4847 = EDGE_LOOP('',(#4848,#4849,#4850,#4851));
#4848 = ORIENTED_EDGE('',*,*,#2549,.F.);
#4849 = ORIENTED_EDGE('',*,*,#771,.F.);
#4850 = ORIENTED_EDGE('',*,*,#4620,.T.);
#4851 = ORIENTED_EDGE('',*,*,#790,.T.);
#4852 = CYLINDRICAL_SURFACE('',#4853,0.4);
#4853 = AXIS2_PLACEMENT_3D('',#4854,#4855,#4856);
#4854 = CARTESIAN_POINT('',(-5.1,4.65,4.4995));
#4855 = DIRECTION('',(0.,-0.,-1.));
#4856 = DIRECTION('',(-3.037693553488E-16,1.,0.));
#4857 = ADVANCED_FACE('',(#4858),#4884,.F.);
#4858 = FACE_BOUND('',#4859,.F.);
#4859 = EDGE_LOOP('',(#4860,#4871,#4877,#4878));
#4860 = ORIENTED_EDGE('',*,*,#4861,.T.);
#4861 = EDGE_CURVE('',#4862,#4864,#4866,.T.);
#4862 = VERTEX_POINT('',#4863);
#4863 = CARTESIAN_POINT('',(-1.45,4.154214727238,4.0995));
#4864 = VERTEX_POINT('',#4865);
#4865 = CARTESIAN_POINT('',(-1.45,-4.154214727238,4.0995));
#4866 = CIRCLE('',#4867,4.4);
#4867 = AXIS2_PLACEMENT_3D('',#4868,#4869,#4870);
#4868 = CARTESIAN_POINT('',(2.983351379773E-34,-2.387982389954E-18,
    4.0995));
#4869 = DIRECTION('',(0.,0.,1.));
#4870 = DIRECTION('',(-1.249318835986E-16,1.,-0.));
#4871 = ORIENTED_EDGE('',*,*,#4872,.T.);
#4872 = EDGE_CURVE('',#4864,#4641,#4873,.T.);
#4873 = LINE('',#4874,#4875);
#4874 = CARTESIAN_POINT('',(-1.45,-4.154214727238,-19.52358193272));
#4875 = VECTOR('',#4876,1.);
#4876 = DIRECTION('',(0.,0.,1.));
#4877 = ORIENTED_EDGE('',*,*,#4648,.F.);
#4878 = ORIENTED_EDGE('',*,*,#4879,.F.);
#4879 = EDGE_CURVE('',#4862,#4649,#4880,.T.);
#4880 = LINE('',#4881,#4882);
#4881 = CARTESIAN_POINT('',(-1.45,4.154214727238,-19.52358193272));
#4882 = VECTOR('',#4883,1.);
#4883 = DIRECTION('',(0.,0.,1.));
#4884 = CYLINDRICAL_SURFACE('',#4885,4.4);
#4885 = AXIS2_PLACEMENT_3D('',#4886,#4887,#4888);
#4886 = CARTESIAN_POINT('',(2.983351379773E-34,-2.387982389954E-18,
    -19.52358193272));
#4887 = DIRECTION('',(0.,0.,1.));
#4888 = DIRECTION('',(1.249318835986E-16,-1.,0.));
#4889 = ADVANCED_FACE('',(#4890),#4907,.F.);
#4890 = FACE_BOUND('',#4891,.T.);
#4891 = EDGE_LOOP('',(#4892,#4893,#4894,#4900,#4901));
#4892 = ORIENTED_EDGE('',*,*,#4872,.T.);
#4893 = ORIENTED_EDGE('',*,*,#4640,.T.);
#4894 = ORIENTED_EDGE('',*,*,#4895,.F.);
#4895 = EDGE_CURVE('',#2380,#4631,#4896,.T.);
#4896 = LINE('',#4897,#4898);
#4897 = CARTESIAN_POINT('',(-1.45,-5.45,-19.52358193272));
#4898 = VECTOR('',#4899,1.);
#4899 = DIRECTION('',(0.,0.,1.));
#4900 = ORIENTED_EDGE('',*,*,#2379,.F.);
#4901 = ORIENTED_EDGE('',*,*,#4902,.F.);
#4902 = EDGE_CURVE('',#4864,#1513,#4903,.T.);
#4903 = LINE('',#4904,#4905);
#4904 = CARTESIAN_POINT('',(-1.45,-4.95,4.0995));
#4905 = VECTOR('',#4906,1.);
#4906 = DIRECTION('',(-1.665251184812E-15,-1.,0.));
#4907 = PLANE('',#4908);
#4908 = AXIS2_PLACEMENT_3D('',#4909,#4910,#4911);
#4909 = CARTESIAN_POINT('',(-1.45,-4.95,-19.52358193272));
#4910 = DIRECTION('',(-1.,1.665251184812E-15,0.));
#4911 = DIRECTION('',(1.665251184812E-15,1.,0.));
#4912 = ADVANCED_FACE('',(#4913),#4937,.F.);
#4913 = FACE_BOUND('',#4914,.T.);
#4914 = EDGE_LOOP('',(#4915,#4921,#4922,#4930,#4936));
#4915 = ORIENTED_EDGE('',*,*,#4916,.T.);
#4916 = EDGE_CURVE('',#2388,#4633,#4917,.T.);
#4917 = LINE('',#4918,#4919);
#4918 = CARTESIAN_POINT('',(-4.475,-5.45,-19.52358193272));
#4919 = VECTOR('',#4920,1.);
#4920 = DIRECTION('',(0.,0.,1.));
#4921 = ORIENTED_EDGE('',*,*,#4835,.T.);
#4922 = ORIENTED_EDGE('',*,*,#4923,.F.);
#4923 = EDGE_CURVE('',#4924,#4827,#4926,.T.);
#4924 = VERTEX_POINT('',#4925);
#4925 = CARTESIAN_POINT('',(-5.5,-5.45,4.0995));
#4926 = LINE('',#4927,#4928);
#4927 = CARTESIAN_POINT('',(-5.5,-5.45,-19.52358193272));
#4928 = VECTOR('',#4929,1.);
#4929 = DIRECTION('',(0.,0.,1.));
#4930 = ORIENTED_EDGE('',*,*,#4931,.F.);
#4931 = EDGE_CURVE('',#2396,#4924,#4932,.T.);
#4932 = LINE('',#4933,#4934);
#4933 = CARTESIAN_POINT('',(5.5,-5.45,4.0995));
#4934 = VECTOR('',#4935,1.);
#4935 = DIRECTION('',(-1.,3.277025058107E-17,0.));
#4936 = ORIENTED_EDGE('',*,*,#2395,.F.);
#4937 = PLANE('',#4938);
#4938 = AXIS2_PLACEMENT_3D('',#4939,#4940,#4941);
#4939 = CARTESIAN_POINT('',(5.5,-5.45,-19.52358193272));
#4940 = DIRECTION('',(3.277025058107E-17,1.,0.));
#4941 = DIRECTION('',(1.,-3.277025058107E-17,0.));
#4942 = ADVANCED_FACE('',(#4943),#4961,.T.);
#4943 = FACE_BOUND('',#4944,.T.);
#4944 = EDGE_LOOP('',(#4945,#4946,#4947,#4953,#4954));
#4945 = ORIENTED_EDGE('',*,*,#4923,.T.);
#4946 = ORIENTED_EDGE('',*,*,#4826,.T.);
#4947 = ORIENTED_EDGE('',*,*,#4948,.F.);
#4948 = EDGE_CURVE('',#2426,#4819,#4949,.T.);
#4949 = LINE('',#4950,#4951);
#4950 = CARTESIAN_POINT('',(-6.,-4.95,-19.52358193272));
#4951 = VECTOR('',#4952,1.);
#4952 = DIRECTION('',(0.,0.,1.));
#4953 = ORIENTED_EDGE('',*,*,#2444,.F.);
#4954 = ORIENTED_EDGE('',*,*,#4955,.F.);
#4955 = EDGE_CURVE('',#4924,#2436,#4956,.T.);
#4956 = CIRCLE('',#4957,0.5);
#4957 = AXIS2_PLACEMENT_3D('',#4958,#4959,#4960);
#4958 = CARTESIAN_POINT('',(-5.5,-4.95,4.0995));
#4959 = DIRECTION('',(-0.,0.,-1.));
#4960 = DIRECTION('',(-3.037693553488E-16,1.,0.));
#4961 = CYLINDRICAL_SURFACE('',#4962,0.5);
#4962 = AXIS2_PLACEMENT_3D('',#4963,#4964,#4965);
#4963 = CARTESIAN_POINT('',(-5.5,-4.95,-19.52358193272));
#4964 = DIRECTION('',(0.,0.,1.));
#4965 = DIRECTION('',(3.037693553488E-16,-1.,0.));
#4966 = ADVANCED_FACE('',(#4967),#5093,.F.);
#4967 = FACE_BOUND('',#4968,.T.);
#4968 = EDGE_LOOP('',(#4969,#4970,#4971,#4979,#4987,#4993,#4994,#5002,
    #5010,#5016,#5017,#5025,#5033,#5039,#5040,#5048,#5056,#5062,#5063,
    #5069,#5070,#5078,#5086,#5092));
#4969 = ORIENTED_EDGE('',*,*,#4948,.T.);
#4970 = ORIENTED_EDGE('',*,*,#4818,.T.);
#4971 = ORIENTED_EDGE('',*,*,#4972,.F.);
#4972 = EDGE_CURVE('',#4973,#4811,#4975,.T.);
#4973 = VERTEX_POINT('',#4974);
#4974 = CARTESIAN_POINT('',(-6.,-4.25,4.0995));
#4975 = LINE('',#4976,#4977);
#4976 = CARTESIAN_POINT('',(-6.,-4.25,-19.52358193272));
#4977 = VECTOR('',#4978,1.);
#4978 = DIRECTION('',(0.,0.,1.));
#4979 = ORIENTED_EDGE('',*,*,#4980,.T.);
#4980 = EDGE_CURVE('',#4973,#4981,#4983,.T.);
#4981 = VERTEX_POINT('',#4982);
#4982 = CARTESIAN_POINT('',(-6.,-3.65,4.0995));
#4983 = LINE('',#4984,#4985);
#4984 = CARTESIAN_POINT('',(-6.,-4.85,4.0995));
#4985 = VECTOR('',#4986,1.);
#4986 = DIRECTION('',(5.390558815155E-17,1.,0.));
#4987 = ORIENTED_EDGE('',*,*,#4988,.T.);
#4988 = EDGE_CURVE('',#4981,#4787,#4989,.T.);
#4989 = LINE('',#4990,#4991);
#4990 = CARTESIAN_POINT('',(-6.,-3.65,-19.52358193272));
#4991 = VECTOR('',#4992,1.);
#4992 = DIRECTION('',(0.,0.,1.));
#4993 = ORIENTED_EDGE('',*,*,#4786,.T.);
#4994 = ORIENTED_EDGE('',*,*,#4995,.F.);
#4995 = EDGE_CURVE('',#4996,#4779,#4998,.T.);
#4996 = VERTEX_POINT('',#4997);
#4997 = CARTESIAN_POINT('',(-6.,-2.85,4.0995));
#4998 = LINE('',#4999,#5000);
#4999 = CARTESIAN_POINT('',(-6.,-2.85,-19.52358193272));
#5000 = VECTOR('',#5001,1.);
#5001 = DIRECTION('',(0.,0.,1.));
#5002 = ORIENTED_EDGE('',*,*,#5003,.T.);
#5003 = EDGE_CURVE('',#4996,#5004,#5006,.T.);
#5004 = VERTEX_POINT('',#5005);
#5005 = CARTESIAN_POINT('',(-6.,-2.25,4.0995));
#5006 = LINE('',#5007,#5008);
#5007 = CARTESIAN_POINT('',(-6.,-4.85,4.0995));
#5008 = VECTOR('',#5009,1.);
#5009 = DIRECTION('',(5.390558815155E-17,1.,0.));
#5010 = ORIENTED_EDGE('',*,*,#5011,.T.);
#5011 = EDGE_CURVE('',#5004,#4755,#5012,.T.);
#5012 = LINE('',#5013,#5014);
#5013 = CARTESIAN_POINT('',(-6.,-2.25,-19.52358193272));
#5014 = VECTOR('',#5015,1.);
#5015 = DIRECTION('',(0.,0.,1.));
#5016 = ORIENTED_EDGE('',*,*,#4754,.T.);
#5017 = ORIENTED_EDGE('',*,*,#5018,.F.);
#5018 = EDGE_CURVE('',#5019,#4747,#5021,.T.);
#5019 = VERTEX_POINT('',#5020);
#5020 = CARTESIAN_POINT('',(-6.,2.25,4.0995));
#5021 = LINE('',#5022,#5023);
#5022 = CARTESIAN_POINT('',(-6.,2.25,-19.52358193272));
#5023 = VECTOR('',#5024,1.);
#5024 = DIRECTION('',(0.,0.,1.));
#5025 = ORIENTED_EDGE('',*,*,#5026,.T.);
#5026 = EDGE_CURVE('',#5019,#5027,#5029,.T.);
#5027 = VERTEX_POINT('',#5028);
#5028 = CARTESIAN_POINT('',(-6.,2.85,4.0995));
#5029 = LINE('',#5030,#5031);
#5030 = CARTESIAN_POINT('',(-6.,-4.85,4.0995));
#5031 = VECTOR('',#5032,1.);
#5032 = DIRECTION('',(5.390558815155E-17,1.,0.));
#5033 = ORIENTED_EDGE('',*,*,#5034,.T.);
#5034 = EDGE_CURVE('',#5027,#4723,#5035,.T.);
#5035 = LINE('',#5036,#5037);
#5036 = CARTESIAN_POINT('',(-6.,2.85,-19.52358193272));
#5037 = VECTOR('',#5038,1.);
#5038 = DIRECTION('',(0.,0.,1.));
#5039 = ORIENTED_EDGE('',*,*,#4722,.T.);
#5040 = ORIENTED_EDGE('',*,*,#5041,.F.);
#5041 = EDGE_CURVE('',#5042,#4715,#5044,.T.);
#5042 = VERTEX_POINT('',#5043);
#5043 = CARTESIAN_POINT('',(-6.,3.65,4.0995));
#5044 = LINE('',#5045,#5046);
#5045 = CARTESIAN_POINT('',(-6.,3.65,-19.52358193272));
#5046 = VECTOR('',#5047,1.);
#5047 = DIRECTION('',(0.,0.,1.));
#5048 = ORIENTED_EDGE('',*,*,#5049,.T.);
#5049 = EDGE_CURVE('',#5042,#5050,#5052,.T.);
#5050 = VERTEX_POINT('',#5051);
#5051 = CARTESIAN_POINT('',(-6.,4.25,4.0995));
#5052 = LINE('',#5053,#5054);
#5053 = CARTESIAN_POINT('',(-6.,-4.85,4.0995));
#5054 = VECTOR('',#5055,1.);
#5055 = DIRECTION('',(5.390558815155E-17,1.,0.));
#5056 = ORIENTED_EDGE('',*,*,#5057,.T.);
#5057 = EDGE_CURVE('',#5050,#4691,#5058,.T.);
#5058 = LINE('',#5059,#5060);
#5059 = CARTESIAN_POINT('',(-6.,4.25,-19.52358193272));
#5060 = VECTOR('',#5061,1.);
#5061 = DIRECTION('',(0.,0.,1.));
#5062 = ORIENTED_EDGE('',*,*,#4690,.T.);
#5063 = ORIENTED_EDGE('',*,*,#5064,.F.);
#5064 = EDGE_CURVE('',#2460,#4682,#5065,.T.);
#5065 = LINE('',#5066,#5067);
#5066 = CARTESIAN_POINT('',(-6.,4.95,-19.52358193272));
#5067 = VECTOR('',#5068,1.);
#5068 = DIRECTION('',(0.,0.,1.));
#5069 = ORIENTED_EDGE('',*,*,#2479,.F.);
#5070 = ORIENTED_EDGE('',*,*,#5071,.F.);
#5071 = EDGE_CURVE('',#5072,#2471,#5074,.T.);
#5072 = VERTEX_POINT('',#5073);
#5073 = CARTESIAN_POINT('',(-6.,4.85,2.8345));
#5074 = LINE('',#5075,#5076);
#5075 = CARTESIAN_POINT('',(-6.,4.85,2.8245));
#5076 = VECTOR('',#5077,1.);
#5077 = DIRECTION('',(0.,0.,1.));
#5078 = ORIENTED_EDGE('',*,*,#5079,.T.);
#5079 = EDGE_CURVE('',#5072,#5080,#5082,.T.);
#5080 = VERTEX_POINT('',#5081);
#5081 = CARTESIAN_POINT('',(-6.,-4.85,2.8345));
#5082 = LINE('',#5083,#5084);
#5083 = CARTESIAN_POINT('',(-6.,-4.85,2.8345));
#5084 = VECTOR('',#5085,1.);
#5085 = DIRECTION('',(-5.390558815155E-17,-1.,0.));
#5086 = ORIENTED_EDGE('',*,*,#5087,.T.);
#5087 = EDGE_CURVE('',#5080,#2428,#5088,.T.);
#5088 = LINE('',#5089,#5090);
#5089 = CARTESIAN_POINT('',(-6.,-4.85,2.8245));
#5090 = VECTOR('',#5091,1.);
#5091 = DIRECTION('',(0.,0.,1.));
#5092 = ORIENTED_EDGE('',*,*,#2425,.F.);
#5093 = PLANE('',#5094);
#5094 = AXIS2_PLACEMENT_3D('',#5095,#5096,#5097);
#5095 = CARTESIAN_POINT('',(-6.,-4.95,-19.52358193272));
#5096 = DIRECTION('',(1.,1.249318835986E-16,0.));
#5097 = DIRECTION('',(0.,-0.,-1.));
#5098 = ADVANCED_FACE('',(#5099),#5117,.F.);
#5099 = FACE_BOUND('',#5100,.T.);
#5100 = EDGE_LOOP('',(#5101,#5102,#5103,#5111));
#5101 = ORIENTED_EDGE('',*,*,#4972,.T.);
#5102 = ORIENTED_EDGE('',*,*,#4810,.T.);
#5103 = ORIENTED_EDGE('',*,*,#5104,.F.);
#5104 = EDGE_CURVE('',#5105,#4803,#5107,.T.);
#5105 = VERTEX_POINT('',#5106);
#5106 = CARTESIAN_POINT('',(-5.8,-4.25,4.0995));
#5107 = LINE('',#5108,#5109);
#5108 = CARTESIAN_POINT('',(-5.8,-4.25,-19.52358193272));
#5109 = VECTOR('',#5110,1.);
#5110 = DIRECTION('',(0.,0.,1.));
#5111 = ORIENTED_EDGE('',*,*,#5112,.F.);
#5112 = EDGE_CURVE('',#4973,#5105,#5113,.T.);
#5113 = LINE('',#5114,#5115);
#5114 = CARTESIAN_POINT('',(-5.8,-4.25,4.0995));
#5115 = VECTOR('',#5116,1.);
#5116 = DIRECTION('',(1.,4.461740573541E-15,0.));
#5117 = PLANE('',#5118);
#5118 = AXIS2_PLACEMENT_3D('',#5119,#5120,#5121);
#5119 = CARTESIAN_POINT('',(-5.8,-4.25,-19.52358193272));
#5120 = DIRECTION('',(4.461740573541E-15,-1.,0.));
#5121 = DIRECTION('',(-1.,-4.461740573541E-15,0.));
#5122 = ADVANCED_FACE('',(#5123),#5141,.F.);
#5123 = FACE_BOUND('',#5124,.T.);
#5124 = EDGE_LOOP('',(#5125,#5126,#5127,#5135));
#5125 = ORIENTED_EDGE('',*,*,#5104,.T.);
#5126 = ORIENTED_EDGE('',*,*,#4802,.T.);
#5127 = ORIENTED_EDGE('',*,*,#5128,.F.);
#5128 = EDGE_CURVE('',#5129,#4795,#5131,.T.);
#5129 = VERTEX_POINT('',#5130);
#5130 = CARTESIAN_POINT('',(-5.8,-3.65,4.0995));
#5131 = LINE('',#5132,#5133);
#5132 = CARTESIAN_POINT('',(-5.8,-3.65,-19.52358193272));
#5133 = VECTOR('',#5134,1.);
#5134 = DIRECTION('',(0.,0.,1.));
#5135 = ORIENTED_EDGE('',*,*,#5136,.F.);
#5136 = EDGE_CURVE('',#5105,#5129,#5137,.T.);
#5137 = LINE('',#5138,#5139);
#5138 = CARTESIAN_POINT('',(-5.8,-4.25,4.0995));
#5139 = VECTOR('',#5140,1.);
#5140 = DIRECTION('',(-1.249318835986E-16,1.,0.));
#5141 = PLANE('',#5142);
#5142 = AXIS2_PLACEMENT_3D('',#5143,#5144,#5145);
#5143 = CARTESIAN_POINT('',(-5.8,-4.25,-19.52358193272));
#5144 = DIRECTION('',(1.,1.249318835986E-16,0.));
#5145 = DIRECTION('',(0.,-0.,-1.));
#5146 = ADVANCED_FACE('',(#5147),#5158,.F.);
#5147 = FACE_BOUND('',#5148,.T.);
#5148 = EDGE_LOOP('',(#5149,#5150,#5151,#5152));
#5149 = ORIENTED_EDGE('',*,*,#5128,.T.);
#5150 = ORIENTED_EDGE('',*,*,#4794,.T.);
#5151 = ORIENTED_EDGE('',*,*,#4988,.F.);
#5152 = ORIENTED_EDGE('',*,*,#5153,.F.);
#5153 = EDGE_CURVE('',#5129,#4981,#5154,.T.);
#5154 = LINE('',#5155,#5156);
#5155 = CARTESIAN_POINT('',(-6.,-3.65,4.0995));
#5156 = VECTOR('',#5157,1.);
#5157 = DIRECTION('',(-1.,-1.249318835986E-16,0.));
#5158 = PLANE('',#5159);
#5159 = AXIS2_PLACEMENT_3D('',#5160,#5161,#5162);
#5160 = CARTESIAN_POINT('',(-6.,-3.65,-19.52358193272));
#5161 = DIRECTION('',(-1.249318835986E-16,1.,0.));
#5162 = DIRECTION('',(0.,0.,1.));
#5163 = ADVANCED_FACE('',(#5164),#5182,.F.);
#5164 = FACE_BOUND('',#5165,.T.);
#5165 = EDGE_LOOP('',(#5166,#5167,#5168,#5176));
#5166 = ORIENTED_EDGE('',*,*,#4995,.T.);
#5167 = ORIENTED_EDGE('',*,*,#4778,.T.);
#5168 = ORIENTED_EDGE('',*,*,#5169,.F.);
#5169 = EDGE_CURVE('',#5170,#4771,#5172,.T.);
#5170 = VERTEX_POINT('',#5171);
#5171 = CARTESIAN_POINT('',(-5.8,-2.85,4.0995));
#5172 = LINE('',#5173,#5174);
#5173 = CARTESIAN_POINT('',(-5.8,-2.85,-19.52358193272));
#5174 = VECTOR('',#5175,1.);
#5175 = DIRECTION('',(0.,0.,1.));
#5176 = ORIENTED_EDGE('',*,*,#5177,.F.);
#5177 = EDGE_CURVE('',#4996,#5170,#5178,.T.);
#5178 = LINE('',#5179,#5180);
#5179 = CARTESIAN_POINT('',(-6.,-2.85,4.0995));
#5180 = VECTOR('',#5181,1.);
#5181 = DIRECTION('',(1.,1.249318835986E-16,0.));
#5182 = PLANE('',#5183);
#5183 = AXIS2_PLACEMENT_3D('',#5184,#5185,#5186);
#5184 = CARTESIAN_POINT('',(-6.,-2.85,-19.52358193272));
#5185 = DIRECTION('',(1.249318835986E-16,-1.,0.));
#5186 = DIRECTION('',(0.,-0.,-1.));
#5187 = ADVANCED_FACE('',(#5188),#5206,.F.);
#5188 = FACE_BOUND('',#5189,.T.);
#5189 = EDGE_LOOP('',(#5190,#5191,#5192,#5200));
#5190 = ORIENTED_EDGE('',*,*,#5169,.T.);
#5191 = ORIENTED_EDGE('',*,*,#4770,.T.);
#5192 = ORIENTED_EDGE('',*,*,#5193,.F.);
#5193 = EDGE_CURVE('',#5194,#4763,#5196,.T.);
#5194 = VERTEX_POINT('',#5195);
#5195 = CARTESIAN_POINT('',(-5.8,-2.25,4.0995));
#5196 = LINE('',#5197,#5198);
#5197 = CARTESIAN_POINT('',(-5.8,-2.25,-19.52358193272));
#5198 = VECTOR('',#5199,1.);
#5199 = DIRECTION('',(0.,0.,1.));
#5200 = ORIENTED_EDGE('',*,*,#5201,.F.);
#5201 = EDGE_CURVE('',#5170,#5194,#5202,.T.);
#5202 = LINE('',#5203,#5204);
#5203 = CARTESIAN_POINT('',(-5.8,-2.85,4.0995));
#5204 = VECTOR('',#5205,1.);
#5205 = DIRECTION('',(-1.249318835986E-16,1.,0.));
#5206 = PLANE('',#5207);
#5207 = AXIS2_PLACEMENT_3D('',#5208,#5209,#5210);
#5208 = CARTESIAN_POINT('',(-5.8,-2.85,-19.52358193272));
#5209 = DIRECTION('',(1.,1.249318835986E-16,0.));
#5210 = DIRECTION('',(0.,-0.,-1.));
#5211 = ADVANCED_FACE('',(#5212),#5223,.F.);
#5212 = FACE_BOUND('',#5213,.T.);
#5213 = EDGE_LOOP('',(#5214,#5215,#5216,#5217));
#5214 = ORIENTED_EDGE('',*,*,#5193,.T.);
#5215 = ORIENTED_EDGE('',*,*,#4762,.T.);
#5216 = ORIENTED_EDGE('',*,*,#5011,.F.);
#5217 = ORIENTED_EDGE('',*,*,#5218,.F.);
#5218 = EDGE_CURVE('',#5194,#5004,#5219,.T.);
#5219 = LINE('',#5220,#5221);
#5220 = CARTESIAN_POINT('',(-5.8,-2.25,4.0995));
#5221 = VECTOR('',#5222,1.);
#5222 = DIRECTION('',(-1.,-1.249318835986E-16,0.));
#5223 = PLANE('',#5224);
#5224 = AXIS2_PLACEMENT_3D('',#5225,#5226,#5227);
#5225 = CARTESIAN_POINT('',(-5.8,-2.25,-19.52358193272));
#5226 = DIRECTION('',(-1.249318835986E-16,1.,0.));
#5227 = DIRECTION('',(0.,0.,1.));
#5228 = ADVANCED_FACE('',(#5229),#5247,.F.);
#5229 = FACE_BOUND('',#5230,.T.);
#5230 = EDGE_LOOP('',(#5231,#5232,#5233,#5241));
#5231 = ORIENTED_EDGE('',*,*,#5018,.T.);
#5232 = ORIENTED_EDGE('',*,*,#4746,.T.);
#5233 = ORIENTED_EDGE('',*,*,#5234,.F.);
#5234 = EDGE_CURVE('',#5235,#4739,#5237,.T.);
#5235 = VERTEX_POINT('',#5236);
#5236 = CARTESIAN_POINT('',(-5.8,2.25,4.0995));
#5237 = LINE('',#5238,#5239);
#5238 = CARTESIAN_POINT('',(-5.8,2.25,-19.52358193272));
#5239 = VECTOR('',#5240,1.);
#5240 = DIRECTION('',(0.,0.,1.));
#5241 = ORIENTED_EDGE('',*,*,#5242,.F.);
#5242 = EDGE_CURVE('',#5019,#5235,#5243,.T.);
#5243 = LINE('',#5244,#5245);
#5244 = CARTESIAN_POINT('',(-6.,2.25,4.0995));
#5245 = VECTOR('',#5246,1.);
#5246 = DIRECTION('',(1.,1.249318835986E-16,0.));
#5247 = PLANE('',#5248);
#5248 = AXIS2_PLACEMENT_3D('',#5249,#5250,#5251);
#5249 = CARTESIAN_POINT('',(-6.,2.25,-19.52358193272));
#5250 = DIRECTION('',(1.249318835986E-16,-1.,0.));
#5251 = DIRECTION('',(0.,-0.,-1.));
#5252 = ADVANCED_FACE('',(#5253),#5271,.F.);
#5253 = FACE_BOUND('',#5254,.T.);
#5254 = EDGE_LOOP('',(#5255,#5256,#5257,#5265));
#5255 = ORIENTED_EDGE('',*,*,#5234,.T.);
#5256 = ORIENTED_EDGE('',*,*,#4738,.T.);
#5257 = ORIENTED_EDGE('',*,*,#5258,.F.);
#5258 = EDGE_CURVE('',#5259,#4731,#5261,.T.);
#5259 = VERTEX_POINT('',#5260);
#5260 = CARTESIAN_POINT('',(-5.8,2.85,4.0995));
#5261 = LINE('',#5262,#5263);
#5262 = CARTESIAN_POINT('',(-5.8,2.85,-19.52358193272));
#5263 = VECTOR('',#5264,1.);
#5264 = DIRECTION('',(0.,0.,1.));
#5265 = ORIENTED_EDGE('',*,*,#5266,.F.);
#5266 = EDGE_CURVE('',#5235,#5259,#5267,.T.);
#5267 = LINE('',#5268,#5269);
#5268 = CARTESIAN_POINT('',(-5.8,2.25,4.0995));
#5269 = VECTOR('',#5270,1.);
#5270 = DIRECTION('',(-1.249318835986E-16,1.,0.));
#5271 = PLANE('',#5272);
#5272 = AXIS2_PLACEMENT_3D('',#5273,#5274,#5275);
#5273 = CARTESIAN_POINT('',(-5.8,2.25,-19.52358193272));
#5274 = DIRECTION('',(1.,1.249318835986E-16,0.));
#5275 = DIRECTION('',(0.,-0.,-1.));
#5276 = ADVANCED_FACE('',(#5277),#5288,.F.);
#5277 = FACE_BOUND('',#5278,.T.);
#5278 = EDGE_LOOP('',(#5279,#5280,#5281,#5282));
#5279 = ORIENTED_EDGE('',*,*,#5258,.T.);
#5280 = ORIENTED_EDGE('',*,*,#4730,.T.);
#5281 = ORIENTED_EDGE('',*,*,#5034,.F.);
#5282 = ORIENTED_EDGE('',*,*,#5283,.F.);
#5283 = EDGE_CURVE('',#5259,#5027,#5284,.T.);
#5284 = LINE('',#5285,#5286);
#5285 = CARTESIAN_POINT('',(-5.8,2.85,4.0995));
#5286 = VECTOR('',#5287,1.);
#5287 = DIRECTION('',(-1.,-1.249318835986E-16,0.));
#5288 = PLANE('',#5289);
#5289 = AXIS2_PLACEMENT_3D('',#5290,#5291,#5292);
#5290 = CARTESIAN_POINT('',(-5.8,2.85,-19.52358193272));
#5291 = DIRECTION('',(-1.249318835986E-16,1.,0.));
#5292 = DIRECTION('',(0.,0.,1.));
#5293 = ADVANCED_FACE('',(#5294),#5312,.F.);
#5294 = FACE_BOUND('',#5295,.T.);
#5295 = EDGE_LOOP('',(#5296,#5297,#5298,#5306));
#5296 = ORIENTED_EDGE('',*,*,#5041,.T.);
#5297 = ORIENTED_EDGE('',*,*,#4714,.T.);
#5298 = ORIENTED_EDGE('',*,*,#5299,.F.);
#5299 = EDGE_CURVE('',#5300,#4707,#5302,.T.);
#5300 = VERTEX_POINT('',#5301);
#5301 = CARTESIAN_POINT('',(-5.8,3.65,4.0995));
#5302 = LINE('',#5303,#5304);
#5303 = CARTESIAN_POINT('',(-5.8,3.65,-19.52358193272));
#5304 = VECTOR('',#5305,1.);
#5305 = DIRECTION('',(0.,0.,1.));
#5306 = ORIENTED_EDGE('',*,*,#5307,.F.);
#5307 = EDGE_CURVE('',#5042,#5300,#5308,.T.);
#5308 = LINE('',#5309,#5310);
#5309 = CARTESIAN_POINT('',(-6.,3.65,4.0995));
#5310 = VECTOR('',#5311,1.);
#5311 = DIRECTION('',(1.,1.249318835986E-16,0.));
#5312 = PLANE('',#5313);
#5313 = AXIS2_PLACEMENT_3D('',#5314,#5315,#5316);
#5314 = CARTESIAN_POINT('',(-6.,3.65,-19.52358193272));
#5315 = DIRECTION('',(1.249318835986E-16,-1.,0.));
#5316 = DIRECTION('',(0.,-0.,-1.));
#5317 = ADVANCED_FACE('',(#5318),#5336,.F.);
#5318 = FACE_BOUND('',#5319,.T.);
#5319 = EDGE_LOOP('',(#5320,#5321,#5322,#5330));
#5320 = ORIENTED_EDGE('',*,*,#5299,.T.);
#5321 = ORIENTED_EDGE('',*,*,#4706,.T.);
#5322 = ORIENTED_EDGE('',*,*,#5323,.F.);
#5323 = EDGE_CURVE('',#5324,#4699,#5326,.T.);
#5324 = VERTEX_POINT('',#5325);
#5325 = CARTESIAN_POINT('',(-5.8,4.25,4.0995));
#5326 = LINE('',#5327,#5328);
#5327 = CARTESIAN_POINT('',(-5.8,4.25,-19.52358193272));
#5328 = VECTOR('',#5329,1.);
#5329 = DIRECTION('',(0.,0.,1.));
#5330 = ORIENTED_EDGE('',*,*,#5331,.F.);
#5331 = EDGE_CURVE('',#5300,#5324,#5332,.T.);
#5332 = LINE('',#5333,#5334);
#5333 = CARTESIAN_POINT('',(-5.8,3.65,4.0995));
#5334 = VECTOR('',#5335,1.);
#5335 = DIRECTION('',(-1.249318835986E-16,1.,0.));
#5336 = PLANE('',#5337);
#5337 = AXIS2_PLACEMENT_3D('',#5338,#5339,#5340);
#5338 = CARTESIAN_POINT('',(-5.8,3.65,-19.52358193272));
#5339 = DIRECTION('',(1.,1.249318835986E-16,0.));
#5340 = DIRECTION('',(0.,-0.,-1.));
#5341 = ADVANCED_FACE('',(#5342),#5353,.F.);
#5342 = FACE_BOUND('',#5343,.T.);
#5343 = EDGE_LOOP('',(#5344,#5345,#5346,#5347));
#5344 = ORIENTED_EDGE('',*,*,#5323,.T.);
#5345 = ORIENTED_EDGE('',*,*,#4698,.T.);
#5346 = ORIENTED_EDGE('',*,*,#5057,.F.);
#5347 = ORIENTED_EDGE('',*,*,#5348,.F.);
#5348 = EDGE_CURVE('',#5324,#5050,#5349,.T.);
#5349 = LINE('',#5350,#5351);
#5350 = CARTESIAN_POINT('',(-5.8,4.25,4.0995));
#5351 = VECTOR('',#5352,1.);
#5352 = DIRECTION('',(-1.,4.211876806343E-15,0.));
#5353 = PLANE('',#5354);
#5354 = AXIS2_PLACEMENT_3D('',#5355,#5356,#5357);
#5355 = CARTESIAN_POINT('',(-5.8,4.25,-19.52358193272));
#5356 = DIRECTION('',(4.211876806343E-15,1.,0.));
#5357 = DIRECTION('',(1.,-4.211876806343E-15,0.));
#5358 = ADVANCED_FACE('',(#5359),#5379,.T.);
#5359 = FACE_BOUND('',#5360,.T.);
#5360 = EDGE_LOOP('',(#5361,#5362,#5363,#5371,#5378));
#5361 = ORIENTED_EDGE('',*,*,#5064,.T.);
#5362 = ORIENTED_EDGE('',*,*,#4681,.T.);
#5363 = ORIENTED_EDGE('',*,*,#5364,.F.);
#5364 = EDGE_CURVE('',#5365,#4674,#5367,.T.);
#5365 = VERTEX_POINT('',#5366);
#5366 = CARTESIAN_POINT('',(-5.5,5.45,4.0995));
#5367 = LINE('',#5368,#5369);
#5368 = CARTESIAN_POINT('',(-5.5,5.45,-19.52358193272));
#5369 = VECTOR('',#5370,1.);
#5370 = DIRECTION('',(0.,0.,1.));
#5371 = ORIENTED_EDGE('',*,*,#5372,.F.);
#5372 = EDGE_CURVE('',#2462,#5365,#5373,.T.);
#5373 = CIRCLE('',#5374,0.5);
#5374 = AXIS2_PLACEMENT_3D('',#5375,#5376,#5377);
#5375 = CARTESIAN_POINT('',(-5.5,4.95,4.0995));
#5376 = DIRECTION('',(0.,0.,-1.));
#5377 = DIRECTION('',(1.,3.037693553488E-16,0.));
#5378 = ORIENTED_EDGE('',*,*,#2459,.F.);
#5379 = CYLINDRICAL_SURFACE('',#5380,0.5);
#5380 = AXIS2_PLACEMENT_3D('',#5381,#5382,#5383);
#5381 = CARTESIAN_POINT('',(-5.5,4.95,-19.52358193272));
#5382 = DIRECTION('',(0.,0.,1.));
#5383 = DIRECTION('',(3.037693553488E-16,-1.,0.));
#5384 = ADVANCED_FACE('',(#5385),#5402,.F.);
#5385 = FACE_BOUND('',#5386,.T.);
#5386 = EDGE_LOOP('',(#5387,#5388,#5389,#5395,#5396));
#5387 = ORIENTED_EDGE('',*,*,#5364,.T.);
#5388 = ORIENTED_EDGE('',*,*,#4673,.T.);
#5389 = ORIENTED_EDGE('',*,*,#5390,.F.);
#5390 = EDGE_CURVE('',#2528,#4666,#5391,.T.);
#5391 = LINE('',#5392,#5393);
#5392 = CARTESIAN_POINT('',(-4.475,5.45,-19.52358193272));
#5393 = VECTOR('',#5394,1.);
#5394 = DIRECTION('',(0.,0.,1.));
#5395 = ORIENTED_EDGE('',*,*,#2527,.F.);
#5396 = ORIENTED_EDGE('',*,*,#5397,.F.);
#5397 = EDGE_CURVE('',#5365,#2520,#5398,.T.);
#5398 = LINE('',#5399,#5400);
#5399 = CARTESIAN_POINT('',(5.5,5.45,4.0995));
#5400 = VECTOR('',#5401,1.);
#5401 = DIRECTION('',(1.,-3.277025058107E-17,0.));
#5402 = PLANE('',#5403);
#5403 = AXIS2_PLACEMENT_3D('',#5404,#5405,#5406);
#5404 = CARTESIAN_POINT('',(5.5,5.45,-19.52358193272));
#5405 = DIRECTION('',(-3.277025058107E-17,-1.,0.));
#5406 = DIRECTION('',(-1.,3.277025058107E-17,0.));
#5407 = ADVANCED_FACE('',(#5408),#5425,.F.);
#5408 = FACE_BOUND('',#5409,.T.);
#5409 = EDGE_LOOP('',(#5410,#5416,#5417,#5418,#5424));
#5410 = ORIENTED_EDGE('',*,*,#5411,.T.);
#5411 = EDGE_CURVE('',#2494,#4658,#5412,.T.);
#5412 = LINE('',#5413,#5414);
#5413 = CARTESIAN_POINT('',(-1.45,5.45,-19.52358193272));
#5414 = VECTOR('',#5415,1.);
#5415 = DIRECTION('',(0.,0.,1.));
#5416 = ORIENTED_EDGE('',*,*,#4657,.T.);
#5417 = ORIENTED_EDGE('',*,*,#4879,.F.);
#5418 = ORIENTED_EDGE('',*,*,#5419,.F.);
#5419 = EDGE_CURVE('',#1621,#4862,#5420,.T.);
#5420 = LINE('',#5421,#5422);
#5421 = CARTESIAN_POINT('',(-1.45,-4.95,4.0995));
#5422 = VECTOR('',#5423,1.);
#5423 = DIRECTION('',(-3.865489930902E-16,-1.,0.));
#5424 = ORIENTED_EDGE('',*,*,#2493,.F.);
#5425 = PLANE('',#5426);
#5426 = AXIS2_PLACEMENT_3D('',#5427,#5428,#5429);
#5427 = CARTESIAN_POINT('',(-1.45,-4.95,-19.52358193272));
#5428 = DIRECTION('',(-1.,3.865489930902E-16,0.));
#5429 = DIRECTION('',(3.865489930902E-16,1.,0.));
#5430 = ADVANCED_FACE('',(#5431,#5441),#5654,.F.);
#5431 = FACE_BOUND('',#5432,.T.);
#5432 = EDGE_LOOP('',(#5433,#5440));
#5433 = ORIENTED_EDGE('',*,*,#5434,.T.);
#5434 = EDGE_CURVE('',#730,#749,#5435,.T.);
#5435 = CIRCLE('',#5436,0.4);
#5436 = AXIS2_PLACEMENT_3D('',#5437,#5438,#5439);
#5437 = CARTESIAN_POINT('',(5.1,-4.65,4.4995));
#5438 = DIRECTION('',(-0.,0.,-1.));
#5439 = DIRECTION('',(-3.037693553488E-16,1.,0.));
#5440 = ORIENTED_EDGE('',*,*,#756,.T.);
#5441 = FACE_BOUND('',#5442,.T.);
#5442 = EDGE_LOOP('',(#5443,#5453,#5461,#5470,#5478,#5486,#5494,#5502,
    #5510,#5518,#5526,#5534,#5542,#5550,#5558,#5566,#5574,#5582,#5590,
    #5598,#5606,#5615,#5623,#5631,#5639,#5648));
#5443 = ORIENTED_EDGE('',*,*,#5444,.F.);
#5444 = EDGE_CURVE('',#5445,#5447,#5449,.T.);
#5445 = VERTEX_POINT('',#5446);
#5446 = CARTESIAN_POINT('',(4.475,-5.45,4.4995));
#5447 = VERTEX_POINT('',#5448);
#5448 = CARTESIAN_POINT('',(1.45,-5.45,4.4995));
#5449 = LINE('',#5450,#5451);
#5450 = CARTESIAN_POINT('',(5.5,-5.45,4.4995));
#5451 = VECTOR('',#5452,1.);
#5452 = DIRECTION('',(-1.,3.277025058107E-17,0.));
#5453 = ORIENTED_EDGE('',*,*,#5454,.F.);
#5454 = EDGE_CURVE('',#5455,#5445,#5457,.T.);
#5455 = VERTEX_POINT('',#5456);
#5456 = CARTESIAN_POINT('',(5.5,-5.45,4.4995));
#5457 = LINE('',#5458,#5459);
#5458 = CARTESIAN_POINT('',(5.5,-5.45,4.4995));
#5459 = VECTOR('',#5460,1.);
#5460 = DIRECTION('',(-1.,3.277025058107E-17,0.));
#5461 = ORIENTED_EDGE('',*,*,#5462,.F.);
#5462 = EDGE_CURVE('',#5463,#5455,#5465,.T.);
#5463 = VERTEX_POINT('',#5464);
#5464 = CARTESIAN_POINT('',(6.,-4.95,4.4995));
#5465 = CIRCLE('',#5466,0.5);
#5466 = AXIS2_PLACEMENT_3D('',#5467,#5468,#5469);
#5467 = CARTESIAN_POINT('',(5.5,-4.95,4.4995));
#5468 = DIRECTION('',(-0.,0.,-1.));
#5469 = DIRECTION('',(-3.037693553488E-16,1.,0.));
#5470 = ORIENTED_EDGE('',*,*,#5471,.F.);
#5471 = EDGE_CURVE('',#5472,#5463,#5474,.T.);
#5472 = VERTEX_POINT('',#5473);
#5473 = CARTESIAN_POINT('',(6.,-4.25,4.4995));
#5474 = LINE('',#5475,#5476);
#5475 = CARTESIAN_POINT('',(6.,-4.95,4.4995));
#5476 = VECTOR('',#5477,1.);
#5477 = DIRECTION('',(1.249318835986E-16,-1.,0.));
#5478 = ORIENTED_EDGE('',*,*,#5479,.F.);
#5479 = EDGE_CURVE('',#5480,#5472,#5482,.T.);
#5480 = VERTEX_POINT('',#5481);
#5481 = CARTESIAN_POINT('',(5.8,-4.25,4.4995));
#5482 = LINE('',#5483,#5484);
#5483 = CARTESIAN_POINT('',(6.,-4.25,4.4995));
#5484 = VECTOR('',#5485,1.);
#5485 = DIRECTION('',(1.,-4.211876806343E-15,0.));
#5486 = ORIENTED_EDGE('',*,*,#5487,.F.);
#5487 = EDGE_CURVE('',#5488,#5480,#5490,.T.);
#5488 = VERTEX_POINT('',#5489);
#5489 = CARTESIAN_POINT('',(5.8,-3.65,4.4995));
#5490 = LINE('',#5491,#5492);
#5491 = CARTESIAN_POINT('',(5.8,-3.65,4.4995));
#5492 = VECTOR('',#5493,1.);
#5493 = DIRECTION('',(1.249318835986E-16,-1.,0.));
#5494 = ORIENTED_EDGE('',*,*,#5495,.F.);
#5495 = EDGE_CURVE('',#5496,#5488,#5498,.T.);
#5496 = VERTEX_POINT('',#5497);
#5497 = CARTESIAN_POINT('',(6.,-3.65,4.4995));
#5498 = LINE('',#5499,#5500);
#5499 = CARTESIAN_POINT('',(5.8,-3.65,4.4995));
#5500 = VECTOR('',#5501,1.);
#5501 = DIRECTION('',(-1.,-1.249318835986E-16,0.));
#5502 = ORIENTED_EDGE('',*,*,#5503,.F.);
#5503 = EDGE_CURVE('',#5504,#5496,#5506,.T.);
#5504 = VERTEX_POINT('',#5505);
#5505 = CARTESIAN_POINT('',(6.,-2.85,4.4995));
#5506 = LINE('',#5507,#5508);
#5507 = CARTESIAN_POINT('',(6.,-3.65,4.4995));
#5508 = VECTOR('',#5509,1.);
#5509 = DIRECTION('',(1.249318835986E-16,-1.,0.));
#5510 = ORIENTED_EDGE('',*,*,#5511,.F.);
#5511 = EDGE_CURVE('',#5512,#5504,#5514,.T.);
#5512 = VERTEX_POINT('',#5513);
#5513 = CARTESIAN_POINT('',(5.8,-2.85,4.4995));
#5514 = LINE('',#5515,#5516);
#5515 = CARTESIAN_POINT('',(5.8,-2.85,4.4995));
#5516 = VECTOR('',#5517,1.);
#5517 = DIRECTION('',(1.,1.249318835986E-16,0.));
#5518 = ORIENTED_EDGE('',*,*,#5519,.F.);
#5519 = EDGE_CURVE('',#5520,#5512,#5522,.T.);
#5520 = VERTEX_POINT('',#5521);
#5521 = CARTESIAN_POINT('',(5.8,-2.25,4.4995));
#5522 = LINE('',#5523,#5524);
#5523 = CARTESIAN_POINT('',(5.8,-2.25,4.4995));
#5524 = VECTOR('',#5525,1.);
#5525 = DIRECTION('',(1.249318835986E-16,-1.,0.));
#5526 = ORIENTED_EDGE('',*,*,#5527,.F.);
#5527 = EDGE_CURVE('',#5528,#5520,#5530,.T.);
#5528 = VERTEX_POINT('',#5529);
#5529 = CARTESIAN_POINT('',(6.,-2.25,4.4995));
#5530 = LINE('',#5531,#5532);
#5531 = CARTESIAN_POINT('',(6.,-2.25,4.4995));
#5532 = VECTOR('',#5533,1.);
#5533 = DIRECTION('',(-1.,-1.249318835986E-16,0.));
#5534 = ORIENTED_EDGE('',*,*,#5535,.F.);
#5535 = EDGE_CURVE('',#5536,#5528,#5538,.T.);
#5536 = VERTEX_POINT('',#5537);
#5537 = CARTESIAN_POINT('',(6.,2.25,4.4995));
#5538 = LINE('',#5539,#5540);
#5539 = CARTESIAN_POINT('',(6.,-2.25,4.4995));
#5540 = VECTOR('',#5541,1.);
#5541 = DIRECTION('',(-6.781516928767E-17,-1.,0.));
#5542 = ORIENTED_EDGE('',*,*,#5543,.F.);
#5543 = EDGE_CURVE('',#5544,#5536,#5546,.T.);
#5544 = VERTEX_POINT('',#5545);
#5545 = CARTESIAN_POINT('',(5.8,2.25,4.4995));
#5546 = LINE('',#5547,#5548);
#5547 = CARTESIAN_POINT('',(5.8,2.25,4.4995));
#5548 = VECTOR('',#5549,1.);
#5549 = DIRECTION('',(1.,1.249318835986E-16,0.));
#5550 = ORIENTED_EDGE('',*,*,#5551,.F.);
#5551 = EDGE_CURVE('',#5552,#5544,#5554,.T.);
#5552 = VERTEX_POINT('',#5553);
#5553 = CARTESIAN_POINT('',(5.8,2.85,4.4995));
#5554 = LINE('',#5555,#5556);
#5555 = CARTESIAN_POINT('',(5.8,2.85,4.4995));
#5556 = VECTOR('',#5557,1.);
#5557 = DIRECTION('',(1.249318835986E-16,-1.,0.));
#5558 = ORIENTED_EDGE('',*,*,#5559,.F.);
#5559 = EDGE_CURVE('',#5560,#5552,#5562,.T.);
#5560 = VERTEX_POINT('',#5561);
#5561 = CARTESIAN_POINT('',(6.,2.85,4.4995));
#5562 = LINE('',#5563,#5564);
#5563 = CARTESIAN_POINT('',(6.,2.85,4.4995));
#5564 = VECTOR('',#5565,1.);
#5565 = DIRECTION('',(-1.,-1.249318835986E-16,0.));
#5566 = ORIENTED_EDGE('',*,*,#5567,.F.);
#5567 = EDGE_CURVE('',#5568,#5560,#5570,.T.);
#5568 = VERTEX_POINT('',#5569);
#5569 = CARTESIAN_POINT('',(6.,3.65,4.4995));
#5570 = LINE('',#5571,#5572);
#5571 = CARTESIAN_POINT('',(6.,2.85,4.4995));
#5572 = VECTOR('',#5573,1.);
#5573 = DIRECTION('',(1.249318835986E-16,-1.,0.));
#5574 = ORIENTED_EDGE('',*,*,#5575,.F.);
#5575 = EDGE_CURVE('',#5576,#5568,#5578,.T.);
#5576 = VERTEX_POINT('',#5577);
#5577 = CARTESIAN_POINT('',(5.8,3.65,4.4995));
#5578 = LINE('',#5579,#5580);
#5579 = CARTESIAN_POINT('',(5.8,3.65,4.4995));
#5580 = VECTOR('',#5581,1.);
#5581 = DIRECTION('',(1.,1.249318835986E-16,0.));
#5582 = ORIENTED_EDGE('',*,*,#5583,.F.);
#5583 = EDGE_CURVE('',#5584,#5576,#5586,.T.);
#5584 = VERTEX_POINT('',#5585);
#5585 = CARTESIAN_POINT('',(5.8,4.25,4.4995));
#5586 = LINE('',#5587,#5588);
#5587 = CARTESIAN_POINT('',(5.8,4.25,4.4995));
#5588 = VECTOR('',#5589,1.);
#5589 = DIRECTION('',(1.249318835986E-16,-1.,0.));
#5590 = ORIENTED_EDGE('',*,*,#5591,.F.);
#5591 = EDGE_CURVE('',#5592,#5584,#5594,.T.);
#5592 = VERTEX_POINT('',#5593);
#5593 = CARTESIAN_POINT('',(6.,4.25,4.4995));
#5594 = LINE('',#5595,#5596);
#5595 = CARTESIAN_POINT('',(6.,4.25,4.4995));
#5596 = VECTOR('',#5597,1.);
#5597 = DIRECTION('',(-1.,-4.461740573541E-15,0.));
#5598 = ORIENTED_EDGE('',*,*,#5599,.F.);
#5599 = EDGE_CURVE('',#5600,#5592,#5602,.T.);
#5600 = VERTEX_POINT('',#5601);
#5601 = CARTESIAN_POINT('',(6.,4.95,4.4995));
#5602 = LINE('',#5603,#5604);
#5603 = CARTESIAN_POINT('',(6.,4.25,4.4995));
#5604 = VECTOR('',#5605,1.);
#5605 = DIRECTION('',(-1.114156313528E-15,-1.,0.));
#5606 = ORIENTED_EDGE('',*,*,#5607,.F.);
#5607 = EDGE_CURVE('',#5608,#5600,#5610,.T.);
#5608 = VERTEX_POINT('',#5609);
#5609 = CARTESIAN_POINT('',(5.5,5.45,4.4995));
#5610 = CIRCLE('',#5611,0.5);
#5611 = AXIS2_PLACEMENT_3D('',#5612,#5613,#5614);
#5612 = CARTESIAN_POINT('',(5.5,4.95,4.4995));
#5613 = DIRECTION('',(0.,-0.,-1.));
#5614 = DIRECTION('',(3.037693553488E-16,-1.,0.));
#5615 = ORIENTED_EDGE('',*,*,#5616,.F.);
#5616 = EDGE_CURVE('',#5617,#5608,#5619,.T.);
#5617 = VERTEX_POINT('',#5618);
#5618 = CARTESIAN_POINT('',(4.475,5.45,4.4995));
#5619 = LINE('',#5620,#5621);
#5620 = CARTESIAN_POINT('',(5.5,5.45,4.4995));
#5621 = VECTOR('',#5622,1.);
#5622 = DIRECTION('',(1.,-3.277025058107E-17,0.));
#5623 = ORIENTED_EDGE('',*,*,#5624,.F.);
#5624 = EDGE_CURVE('',#5625,#5617,#5627,.T.);
#5625 = VERTEX_POINT('',#5626);
#5626 = CARTESIAN_POINT('',(1.45,5.45,4.4995));
#5627 = LINE('',#5628,#5629);
#5628 = CARTESIAN_POINT('',(5.5,5.45,4.4995));
#5629 = VECTOR('',#5630,1.);
#5630 = DIRECTION('',(1.,-3.277025058107E-17,0.));
#5631 = ORIENTED_EDGE('',*,*,#5632,.F.);
#5632 = EDGE_CURVE('',#5633,#5625,#5635,.T.);
#5633 = VERTEX_POINT('',#5634);
#5634 = CARTESIAN_POINT('',(1.45,4.154214727238,4.4995));
#5635 = LINE('',#5636,#5637);
#5636 = CARTESIAN_POINT('',(1.45,4.154214727238,4.4995));
#5637 = VECTOR('',#5638,1.);
#5638 = DIRECTION('',(-1.249318835986E-16,1.,0.));
#5639 = ORIENTED_EDGE('',*,*,#5640,.F.);
#5640 = EDGE_CURVE('',#5641,#5633,#5643,.T.);
#5641 = VERTEX_POINT('',#5642);
#5642 = CARTESIAN_POINT('',(1.45,-4.154214727238,4.4995));
#5643 = CIRCLE('',#5644,4.4);
#5644 = AXIS2_PLACEMENT_3D('',#5645,#5646,#5647);
#5645 = CARTESIAN_POINT('',(2.983351379773E-34,-2.387982389954E-18,
    4.4995));
#5646 = DIRECTION('',(0.,0.,1.));
#5647 = DIRECTION('',(-1.249318835986E-16,1.,-0.));
#5648 = ORIENTED_EDGE('',*,*,#5649,.F.);
#5649 = EDGE_CURVE('',#5447,#5641,#5650,.T.);
#5650 = LINE('',#5651,#5652);
#5651 = CARTESIAN_POINT('',(1.45,-5.85,4.4995));
#5652 = VECTOR('',#5653,1.);
#5653 = DIRECTION('',(-1.249318835986E-16,1.,0.));
#5654 = PLANE('',#5655);
#5655 = AXIS2_PLACEMENT_3D('',#5656,#5657,#5658);
#5656 = CARTESIAN_POINT('',(5.5,-4.95,4.4995));
#5657 = DIRECTION('',(0.,0.,-1.));
#5658 = DIRECTION('',(-1.249318835986E-16,1.,0.));
#5659 = ADVANCED_FACE('',(#5660),#5666,.F.);
#5660 = FACE_BOUND('',#5661,.F.);
#5661 = EDGE_LOOP('',(#5662,#5663,#5664,#5665));
#5662 = ORIENTED_EDGE('',*,*,#2749,.F.);
#5663 = ORIENTED_EDGE('',*,*,#729,.F.);
#5664 = ORIENTED_EDGE('',*,*,#5434,.T.);
#5665 = ORIENTED_EDGE('',*,*,#748,.T.);
#5666 = CYLINDRICAL_SURFACE('',#5667,0.4);
#5667 = AXIS2_PLACEMENT_3D('',#5668,#5669,#5670);
#5668 = CARTESIAN_POINT('',(5.1,-4.65,4.4995));
#5669 = DIRECTION('',(0.,-0.,-1.));
#5670 = DIRECTION('',(-3.037693553488E-16,1.,0.));
#5671 = ADVANCED_FACE('',(#5672),#5696,.F.);
#5672 = FACE_BOUND('',#5673,.T.);
#5673 = EDGE_LOOP('',(#5674,#5680,#5681,#5689,#5695));
#5674 = ORIENTED_EDGE('',*,*,#5675,.T.);
#5675 = EDGE_CURVE('',#2638,#5447,#5676,.T.);
#5676 = LINE('',#5677,#5678);
#5677 = CARTESIAN_POINT('',(1.45,-5.45,-19.52358193272));
#5678 = VECTOR('',#5679,1.);
#5679 = DIRECTION('',(0.,0.,1.));
#5680 = ORIENTED_EDGE('',*,*,#5649,.T.);
#5681 = ORIENTED_EDGE('',*,*,#5682,.F.);
#5682 = EDGE_CURVE('',#5683,#5641,#5685,.T.);
#5683 = VERTEX_POINT('',#5684);
#5684 = CARTESIAN_POINT('',(1.45,-4.154214727238,4.0995));
#5685 = LINE('',#5686,#5687);
#5686 = CARTESIAN_POINT('',(1.45,-4.154214727238,-19.52358193272));
#5687 = VECTOR('',#5688,1.);
#5688 = DIRECTION('',(0.,0.,1.));
#5689 = ORIENTED_EDGE('',*,*,#5690,.F.);
#5690 = EDGE_CURVE('',#1455,#5683,#5691,.T.);
#5691 = LINE('',#5692,#5693);
#5692 = CARTESIAN_POINT('',(1.45,-4.95,4.0995));
#5693 = VECTOR('',#5694,1.);
#5694 = DIRECTION('',(-1.249318835986E-16,1.,0.));
#5695 = ORIENTED_EDGE('',*,*,#2637,.F.);
#5696 = PLANE('',#5697);
#5697 = AXIS2_PLACEMENT_3D('',#5698,#5699,#5700);
#5698 = CARTESIAN_POINT('',(1.45,-4.95,-19.52358193272));
#5699 = DIRECTION('',(1.,1.249318835986E-16,0.));
#5700 = DIRECTION('',(0.,-0.,-1.));
#5701 = ADVANCED_FACE('',(#5702),#5721,.F.);
#5702 = FACE_BOUND('',#5703,.F.);
#5703 = EDGE_LOOP('',(#5704,#5713,#5719,#5720));
#5704 = ORIENTED_EDGE('',*,*,#5705,.T.);
#5705 = EDGE_CURVE('',#5683,#5706,#5708,.T.);
#5706 = VERTEX_POINT('',#5707);
#5707 = CARTESIAN_POINT('',(1.45,4.154214727238,4.0995));
#5708 = CIRCLE('',#5709,4.4);
#5709 = AXIS2_PLACEMENT_3D('',#5710,#5711,#5712);
#5710 = CARTESIAN_POINT('',(2.983351379773E-34,-2.387982389954E-18,
    4.0995));
#5711 = DIRECTION('',(0.,0.,1.));
#5712 = DIRECTION('',(-1.249318835986E-16,1.,-0.));
#5713 = ORIENTED_EDGE('',*,*,#5714,.T.);
#5714 = EDGE_CURVE('',#5706,#5633,#5715,.T.);
#5715 = LINE('',#5716,#5717);
#5716 = CARTESIAN_POINT('',(1.45,4.154214727238,-19.52358193272));
#5717 = VECTOR('',#5718,1.);
#5718 = DIRECTION('',(0.,0.,1.));
#5719 = ORIENTED_EDGE('',*,*,#5640,.F.);
#5720 = ORIENTED_EDGE('',*,*,#5682,.F.);
#5721 = CYLINDRICAL_SURFACE('',#5722,4.4);
#5722 = AXIS2_PLACEMENT_3D('',#5723,#5724,#5725);
#5723 = CARTESIAN_POINT('',(2.983351379773E-34,-2.387982389954E-18,
    -19.52358193272));
#5724 = DIRECTION('',(0.,0.,1.));
#5725 = DIRECTION('',(1.249318835986E-16,-1.,0.));
#5726 = ADVANCED_FACE('',(#5727),#5744,.F.);
#5727 = FACE_BOUND('',#5728,.T.);
#5728 = EDGE_LOOP('',(#5729,#5730,#5731,#5737,#5738));
#5729 = ORIENTED_EDGE('',*,*,#5714,.T.);
#5730 = ORIENTED_EDGE('',*,*,#5632,.T.);
#5731 = ORIENTED_EDGE('',*,*,#5732,.F.);
#5732 = EDGE_CURVE('',#2704,#5625,#5733,.T.);
#5733 = LINE('',#5734,#5735);
#5734 = CARTESIAN_POINT('',(1.45,5.45,-19.52358193272));
#5735 = VECTOR('',#5736,1.);
#5736 = DIRECTION('',(0.,0.,1.));
#5737 = ORIENTED_EDGE('',*,*,#2703,.F.);
#5738 = ORIENTED_EDGE('',*,*,#5739,.F.);
#5739 = EDGE_CURVE('',#5706,#1679,#5740,.T.);
#5740 = LINE('',#5741,#5742);
#5741 = CARTESIAN_POINT('',(1.45,-4.95,4.0995));
#5742 = VECTOR('',#5743,1.);
#5743 = DIRECTION('',(-1.249318835986E-16,1.,0.));
#5744 = PLANE('',#5745);
#5745 = AXIS2_PLACEMENT_3D('',#5746,#5747,#5748);
#5746 = CARTESIAN_POINT('',(1.45,-4.95,-19.52358193272));
#5747 = DIRECTION('',(1.,1.249318835986E-16,0.));
#5748 = DIRECTION('',(0.,-0.,-1.));
#5749 = ADVANCED_FACE('',(#5750),#5774,.F.);
#5750 = FACE_BOUND('',#5751,.T.);
#5751 = EDGE_LOOP('',(#5752,#5758,#5759,#5767,#5773));
#5752 = ORIENTED_EDGE('',*,*,#5753,.T.);
#5753 = EDGE_CURVE('',#2712,#5617,#5754,.T.);
#5754 = LINE('',#5755,#5756);
#5755 = CARTESIAN_POINT('',(4.475,5.45,-19.52358193272));
#5756 = VECTOR('',#5757,1.);
#5757 = DIRECTION('',(0.,0.,1.));
#5758 = ORIENTED_EDGE('',*,*,#5616,.T.);
#5759 = ORIENTED_EDGE('',*,*,#5760,.F.);
#5760 = EDGE_CURVE('',#5761,#5608,#5763,.T.);
#5761 = VERTEX_POINT('',#5762);
#5762 = CARTESIAN_POINT('',(5.5,5.45,4.0995));
#5763 = LINE('',#5764,#5765);
#5764 = CARTESIAN_POINT('',(5.5,5.45,-19.52358193272));
#5765 = VECTOR('',#5766,1.);
#5766 = DIRECTION('',(0.,0.,1.));
#5767 = ORIENTED_EDGE('',*,*,#5768,.F.);
#5768 = EDGE_CURVE('',#2720,#5761,#5769,.T.);
#5769 = LINE('',#5770,#5771);
#5770 = CARTESIAN_POINT('',(5.5,5.45,4.0995));
#5771 = VECTOR('',#5772,1.);
#5772 = DIRECTION('',(1.,-3.277025058107E-17,0.));
#5773 = ORIENTED_EDGE('',*,*,#2719,.F.);
#5774 = PLANE('',#5775);
#5775 = AXIS2_PLACEMENT_3D('',#5776,#5777,#5778);
#5776 = CARTESIAN_POINT('',(5.5,5.45,-19.52358193272));
#5777 = DIRECTION('',(-3.277025058107E-17,-1.,0.));
#5778 = DIRECTION('',(-1.,3.277025058107E-17,0.));
#5779 = ADVANCED_FACE('',(#5780),#5798,.T.);
#5780 = FACE_BOUND('',#5781,.T.);
#5781 = EDGE_LOOP('',(#5782,#5783,#5784,#5790,#5791));
#5782 = ORIENTED_EDGE('',*,*,#5760,.T.);
#5783 = ORIENTED_EDGE('',*,*,#5607,.T.);
#5784 = ORIENTED_EDGE('',*,*,#5785,.F.);
#5785 = EDGE_CURVE('',#2570,#5600,#5786,.T.);
#5786 = LINE('',#5787,#5788);
#5787 = CARTESIAN_POINT('',(6.,4.95,-19.52358193272));
#5788 = VECTOR('',#5789,1.);
#5789 = DIRECTION('',(0.,0.,1.));
#5790 = ORIENTED_EDGE('',*,*,#2588,.F.);
#5791 = ORIENTED_EDGE('',*,*,#5792,.F.);
#5792 = EDGE_CURVE('',#5761,#2580,#5793,.T.);
#5793 = CIRCLE('',#5794,0.5);
#5794 = AXIS2_PLACEMENT_3D('',#5795,#5796,#5797);
#5795 = CARTESIAN_POINT('',(5.5,4.95,4.0995));
#5796 = DIRECTION('',(0.,-0.,-1.));
#5797 = DIRECTION('',(3.037693553488E-16,-1.,0.));
#5798 = CYLINDRICAL_SURFACE('',#5799,0.5);
#5799 = AXIS2_PLACEMENT_3D('',#5800,#5801,#5802);
#5800 = CARTESIAN_POINT('',(5.5,4.95,-19.52358193272));
#5801 = DIRECTION('',(0.,0.,1.));
#5802 = DIRECTION('',(3.037693553488E-16,-1.,0.));
#5803 = ADVANCED_FACE('',(#5804),#5930,.F.);
#5804 = FACE_BOUND('',#5805,.T.);
#5805 = EDGE_LOOP('',(#5806,#5807,#5808,#5816,#5824,#5830,#5831,#5839,
    #5847,#5853,#5854,#5862,#5870,#5876,#5877,#5885,#5893,#5899,#5900,
    #5906,#5907,#5915,#5923,#5929));
#5806 = ORIENTED_EDGE('',*,*,#5785,.T.);
#5807 = ORIENTED_EDGE('',*,*,#5599,.T.);
#5808 = ORIENTED_EDGE('',*,*,#5809,.F.);
#5809 = EDGE_CURVE('',#5810,#5592,#5812,.T.);
#5810 = VERTEX_POINT('',#5811);
#5811 = CARTESIAN_POINT('',(6.,4.25,4.0995));
#5812 = LINE('',#5813,#5814);
#5813 = CARTESIAN_POINT('',(6.,4.25,-19.52358193272));
#5814 = VECTOR('',#5815,1.);
#5815 = DIRECTION('',(0.,0.,1.));
#5816 = ORIENTED_EDGE('',*,*,#5817,.T.);
#5817 = EDGE_CURVE('',#5810,#5818,#5820,.T.);
#5818 = VERTEX_POINT('',#5819);
#5819 = CARTESIAN_POINT('',(6.,3.65,4.0995));
#5820 = LINE('',#5821,#5822);
#5821 = CARTESIAN_POINT('',(6.,-4.85,4.0995));
#5822 = VECTOR('',#5823,1.);
#5823 = DIRECTION('',(-5.390558815155E-17,-1.,0.));
#5824 = ORIENTED_EDGE('',*,*,#5825,.T.);
#5825 = EDGE_CURVE('',#5818,#5568,#5826,.T.);
#5826 = LINE('',#5827,#5828);
#5827 = CARTESIAN_POINT('',(6.,3.65,-19.52358193272));
#5828 = VECTOR('',#5829,1.);
#5829 = DIRECTION('',(0.,0.,1.));
#5830 = ORIENTED_EDGE('',*,*,#5567,.T.);
#5831 = ORIENTED_EDGE('',*,*,#5832,.F.);
#5832 = EDGE_CURVE('',#5833,#5560,#5835,.T.);
#5833 = VERTEX_POINT('',#5834);
#5834 = CARTESIAN_POINT('',(6.,2.85,4.0995));
#5835 = LINE('',#5836,#5837);
#5836 = CARTESIAN_POINT('',(6.,2.85,-19.52358193272));
#5837 = VECTOR('',#5838,1.);
#5838 = DIRECTION('',(0.,0.,1.));
#5839 = ORIENTED_EDGE('',*,*,#5840,.T.);
#5840 = EDGE_CURVE('',#5833,#5841,#5843,.T.);
#5841 = VERTEX_POINT('',#5842);
#5842 = CARTESIAN_POINT('',(6.,2.25,4.0995));
#5843 = LINE('',#5844,#5845);
#5844 = CARTESIAN_POINT('',(6.,-4.85,4.0995));
#5845 = VECTOR('',#5846,1.);
#5846 = DIRECTION('',(-5.390558815155E-17,-1.,0.));
#5847 = ORIENTED_EDGE('',*,*,#5848,.T.);
#5848 = EDGE_CURVE('',#5841,#5536,#5849,.T.);
#5849 = LINE('',#5850,#5851);
#5850 = CARTESIAN_POINT('',(6.,2.25,-19.52358193272));
#5851 = VECTOR('',#5852,1.);
#5852 = DIRECTION('',(0.,0.,1.));
#5853 = ORIENTED_EDGE('',*,*,#5535,.T.);
#5854 = ORIENTED_EDGE('',*,*,#5855,.F.);
#5855 = EDGE_CURVE('',#5856,#5528,#5858,.T.);
#5856 = VERTEX_POINT('',#5857);
#5857 = CARTESIAN_POINT('',(6.,-2.25,4.0995));
#5858 = LINE('',#5859,#5860);
#5859 = CARTESIAN_POINT('',(6.,-2.25,-19.52358193272));
#5860 = VECTOR('',#5861,1.);
#5861 = DIRECTION('',(0.,0.,1.));
#5862 = ORIENTED_EDGE('',*,*,#5863,.T.);
#5863 = EDGE_CURVE('',#5856,#5864,#5866,.T.);
#5864 = VERTEX_POINT('',#5865);
#5865 = CARTESIAN_POINT('',(6.,-2.85,4.0995));
#5866 = LINE('',#5867,#5868);
#5867 = CARTESIAN_POINT('',(6.,-4.85,4.0995));
#5868 = VECTOR('',#5869,1.);
#5869 = DIRECTION('',(-5.390558815155E-17,-1.,0.));
#5870 = ORIENTED_EDGE('',*,*,#5871,.T.);
#5871 = EDGE_CURVE('',#5864,#5504,#5872,.T.);
#5872 = LINE('',#5873,#5874);
#5873 = CARTESIAN_POINT('',(6.,-2.85,-19.52358193272));
#5874 = VECTOR('',#5875,1.);
#5875 = DIRECTION('',(0.,0.,1.));
#5876 = ORIENTED_EDGE('',*,*,#5503,.T.);
#5877 = ORIENTED_EDGE('',*,*,#5878,.F.);
#5878 = EDGE_CURVE('',#5879,#5496,#5881,.T.);
#5879 = VERTEX_POINT('',#5880);
#5880 = CARTESIAN_POINT('',(6.,-3.65,4.0995));
#5881 = LINE('',#5882,#5883);
#5882 = CARTESIAN_POINT('',(6.,-3.65,-19.52358193272));
#5883 = VECTOR('',#5884,1.);
#5884 = DIRECTION('',(0.,0.,1.));
#5885 = ORIENTED_EDGE('',*,*,#5886,.T.);
#5886 = EDGE_CURVE('',#5879,#5887,#5889,.T.);
#5887 = VERTEX_POINT('',#5888);
#5888 = CARTESIAN_POINT('',(6.,-4.25,4.0995));
#5889 = LINE('',#5890,#5891);
#5890 = CARTESIAN_POINT('',(6.,-4.85,4.0995));
#5891 = VECTOR('',#5892,1.);
#5892 = DIRECTION('',(-5.390558815155E-17,-1.,0.));
#5893 = ORIENTED_EDGE('',*,*,#5894,.T.);
#5894 = EDGE_CURVE('',#5887,#5472,#5895,.T.);
#5895 = LINE('',#5896,#5897);
#5896 = CARTESIAN_POINT('',(6.,-4.25,-19.52358193272));
#5897 = VECTOR('',#5898,1.);
#5898 = DIRECTION('',(0.,0.,1.));
#5899 = ORIENTED_EDGE('',*,*,#5471,.T.);
#5900 = ORIENTED_EDGE('',*,*,#5901,.F.);
#5901 = EDGE_CURVE('',#2604,#5463,#5902,.T.);
#5902 = LINE('',#5903,#5904);
#5903 = CARTESIAN_POINT('',(6.,-4.95,-19.52358193272));
#5904 = VECTOR('',#5905,1.);
#5905 = DIRECTION('',(0.,0.,1.));
#5906 = ORIENTED_EDGE('',*,*,#2623,.F.);
#5907 = ORIENTED_EDGE('',*,*,#5908,.F.);
#5908 = EDGE_CURVE('',#5909,#2615,#5911,.T.);
#5909 = VERTEX_POINT('',#5910);
#5910 = CARTESIAN_POINT('',(6.,-4.85,2.8345));
#5911 = LINE('',#5912,#5913);
#5912 = CARTESIAN_POINT('',(6.,-4.85,2.8245));
#5913 = VECTOR('',#5914,1.);
#5914 = DIRECTION('',(0.,0.,1.));
#5915 = ORIENTED_EDGE('',*,*,#5916,.T.);
#5916 = EDGE_CURVE('',#5909,#5917,#5919,.T.);
#5917 = VERTEX_POINT('',#5918);
#5918 = CARTESIAN_POINT('',(6.,4.85,2.8345));
#5919 = LINE('',#5920,#5921);
#5920 = CARTESIAN_POINT('',(6.,4.85,2.8345));
#5921 = VECTOR('',#5922,1.);
#5922 = DIRECTION('',(5.390558815155E-17,1.,0.));
#5923 = ORIENTED_EDGE('',*,*,#5924,.T.);
#5924 = EDGE_CURVE('',#5917,#2572,#5925,.T.);
#5925 = LINE('',#5926,#5927);
#5926 = CARTESIAN_POINT('',(6.,4.85,2.8245));
#5927 = VECTOR('',#5928,1.);
#5928 = DIRECTION('',(0.,0.,1.));
#5929 = ORIENTED_EDGE('',*,*,#2569,.F.);
#5930 = PLANE('',#5931);
#5931 = AXIS2_PLACEMENT_3D('',#5932,#5933,#5934);
#5932 = CARTESIAN_POINT('',(6.,4.25,-19.52358193272));
#5933 = DIRECTION('',(-1.,1.114156313528E-15,0.));
#5934 = DIRECTION('',(1.114156313528E-15,1.,0.));
#5935 = ADVANCED_FACE('',(#5936),#5954,.F.);
#5936 = FACE_BOUND('',#5937,.T.);
#5937 = EDGE_LOOP('',(#5938,#5939,#5940,#5948));
#5938 = ORIENTED_EDGE('',*,*,#5809,.T.);
#5939 = ORIENTED_EDGE('',*,*,#5591,.T.);
#5940 = ORIENTED_EDGE('',*,*,#5941,.F.);
#5941 = EDGE_CURVE('',#5942,#5584,#5944,.T.);
#5942 = VERTEX_POINT('',#5943);
#5943 = CARTESIAN_POINT('',(5.8,4.25,4.0995));
#5944 = LINE('',#5945,#5946);
#5945 = CARTESIAN_POINT('',(5.8,4.25,-19.52358193272));
#5946 = VECTOR('',#5947,1.);
#5947 = DIRECTION('',(0.,0.,1.));
#5948 = ORIENTED_EDGE('',*,*,#5949,.F.);
#5949 = EDGE_CURVE('',#5810,#5942,#5950,.T.);
#5950 = LINE('',#5951,#5952);
#5951 = CARTESIAN_POINT('',(6.,4.25,4.0995));
#5952 = VECTOR('',#5953,1.);
#5953 = DIRECTION('',(-1.,-4.461740573541E-15,0.));
#5954 = PLANE('',#5955);
#5955 = AXIS2_PLACEMENT_3D('',#5956,#5957,#5958);
#5956 = CARTESIAN_POINT('',(6.,4.25,-19.52358193272));
#5957 = DIRECTION('',(-4.461740573541E-15,1.,0.));
#5958 = DIRECTION('',(1.,4.461740573541E-15,0.));
#5959 = ADVANCED_FACE('',(#5960),#5978,.F.);
#5960 = FACE_BOUND('',#5961,.T.);
#5961 = EDGE_LOOP('',(#5962,#5963,#5964,#5972));
#5962 = ORIENTED_EDGE('',*,*,#5941,.T.);
#5963 = ORIENTED_EDGE('',*,*,#5583,.T.);
#5964 = ORIENTED_EDGE('',*,*,#5965,.F.);
#5965 = EDGE_CURVE('',#5966,#5576,#5968,.T.);
#5966 = VERTEX_POINT('',#5967);
#5967 = CARTESIAN_POINT('',(5.8,3.65,4.0995));
#5968 = LINE('',#5969,#5970);
#5969 = CARTESIAN_POINT('',(5.8,3.65,-19.52358193272));
#5970 = VECTOR('',#5971,1.);
#5971 = DIRECTION('',(0.,0.,1.));
#5972 = ORIENTED_EDGE('',*,*,#5973,.F.);
#5973 = EDGE_CURVE('',#5942,#5966,#5974,.T.);
#5974 = LINE('',#5975,#5976);
#5975 = CARTESIAN_POINT('',(5.8,4.25,4.0995));
#5976 = VECTOR('',#5977,1.);
#5977 = DIRECTION('',(1.249318835986E-16,-1.,0.));
#5978 = PLANE('',#5979);
#5979 = AXIS2_PLACEMENT_3D('',#5980,#5981,#5982);
#5980 = CARTESIAN_POINT('',(5.8,4.25,-19.52358193272));
#5981 = DIRECTION('',(-1.,-1.249318835986E-16,0.));
#5982 = DIRECTION('',(0.,0.,1.));
#5983 = ADVANCED_FACE('',(#5984),#5995,.F.);
#5984 = FACE_BOUND('',#5985,.T.);
#5985 = EDGE_LOOP('',(#5986,#5987,#5988,#5989));
#5986 = ORIENTED_EDGE('',*,*,#5965,.T.);
#5987 = ORIENTED_EDGE('',*,*,#5575,.T.);
#5988 = ORIENTED_EDGE('',*,*,#5825,.F.);
#5989 = ORIENTED_EDGE('',*,*,#5990,.F.);
#5990 = EDGE_CURVE('',#5966,#5818,#5991,.T.);
#5991 = LINE('',#5992,#5993);
#5992 = CARTESIAN_POINT('',(5.8,3.65,4.0995));
#5993 = VECTOR('',#5994,1.);
#5994 = DIRECTION('',(1.,1.249318835986E-16,0.));
#5995 = PLANE('',#5996);
#5996 = AXIS2_PLACEMENT_3D('',#5997,#5998,#5999);
#5997 = CARTESIAN_POINT('',(5.8,3.65,-19.52358193272));
#5998 = DIRECTION('',(1.249318835986E-16,-1.,0.));
#5999 = DIRECTION('',(0.,-0.,-1.));
#6000 = ADVANCED_FACE('',(#6001),#6019,.F.);
#6001 = FACE_BOUND('',#6002,.T.);
#6002 = EDGE_LOOP('',(#6003,#6004,#6005,#6013));
#6003 = ORIENTED_EDGE('',*,*,#5832,.T.);
#6004 = ORIENTED_EDGE('',*,*,#5559,.T.);
#6005 = ORIENTED_EDGE('',*,*,#6006,.F.);
#6006 = EDGE_CURVE('',#6007,#5552,#6009,.T.);
#6007 = VERTEX_POINT('',#6008);
#6008 = CARTESIAN_POINT('',(5.8,2.85,4.0995));
#6009 = LINE('',#6010,#6011);
#6010 = CARTESIAN_POINT('',(5.8,2.85,-19.52358193272));
#6011 = VECTOR('',#6012,1.);
#6012 = DIRECTION('',(0.,0.,1.));
#6013 = ORIENTED_EDGE('',*,*,#6014,.F.);
#6014 = EDGE_CURVE('',#5833,#6007,#6015,.T.);
#6015 = LINE('',#6016,#6017);
#6016 = CARTESIAN_POINT('',(6.,2.85,4.0995));
#6017 = VECTOR('',#6018,1.);
#6018 = DIRECTION('',(-1.,-1.249318835986E-16,0.));
#6019 = PLANE('',#6020);
#6020 = AXIS2_PLACEMENT_3D('',#6021,#6022,#6023);
#6021 = CARTESIAN_POINT('',(6.,2.85,-19.52358193272));
#6022 = DIRECTION('',(-1.249318835986E-16,1.,0.));
#6023 = DIRECTION('',(0.,0.,1.));
#6024 = ADVANCED_FACE('',(#6025),#6043,.F.);
#6025 = FACE_BOUND('',#6026,.T.);
#6026 = EDGE_LOOP('',(#6027,#6028,#6029,#6037));
#6027 = ORIENTED_EDGE('',*,*,#6006,.T.);
#6028 = ORIENTED_EDGE('',*,*,#5551,.T.);
#6029 = ORIENTED_EDGE('',*,*,#6030,.F.);
#6030 = EDGE_CURVE('',#6031,#5544,#6033,.T.);
#6031 = VERTEX_POINT('',#6032);
#6032 = CARTESIAN_POINT('',(5.8,2.25,4.0995));
#6033 = LINE('',#6034,#6035);
#6034 = CARTESIAN_POINT('',(5.8,2.25,-19.52358193272));
#6035 = VECTOR('',#6036,1.);
#6036 = DIRECTION('',(0.,0.,1.));
#6037 = ORIENTED_EDGE('',*,*,#6038,.F.);
#6038 = EDGE_CURVE('',#6007,#6031,#6039,.T.);
#6039 = LINE('',#6040,#6041);
#6040 = CARTESIAN_POINT('',(5.8,2.85,4.0995));
#6041 = VECTOR('',#6042,1.);
#6042 = DIRECTION('',(1.249318835986E-16,-1.,0.));
#6043 = PLANE('',#6044);
#6044 = AXIS2_PLACEMENT_3D('',#6045,#6046,#6047);
#6045 = CARTESIAN_POINT('',(5.8,2.85,-19.52358193272));
#6046 = DIRECTION('',(-1.,-1.249318835986E-16,0.));
#6047 = DIRECTION('',(0.,0.,1.));
#6048 = ADVANCED_FACE('',(#6049),#6060,.F.);
#6049 = FACE_BOUND('',#6050,.T.);
#6050 = EDGE_LOOP('',(#6051,#6052,#6053,#6054));
#6051 = ORIENTED_EDGE('',*,*,#6030,.T.);
#6052 = ORIENTED_EDGE('',*,*,#5543,.T.);
#6053 = ORIENTED_EDGE('',*,*,#5848,.F.);
#6054 = ORIENTED_EDGE('',*,*,#6055,.F.);
#6055 = EDGE_CURVE('',#6031,#5841,#6056,.T.);
#6056 = LINE('',#6057,#6058);
#6057 = CARTESIAN_POINT('',(5.8,2.25,4.0995));
#6058 = VECTOR('',#6059,1.);
#6059 = DIRECTION('',(1.,1.249318835986E-16,0.));
#6060 = PLANE('',#6061);
#6061 = AXIS2_PLACEMENT_3D('',#6062,#6063,#6064);
#6062 = CARTESIAN_POINT('',(5.8,2.25,-19.52358193272));
#6063 = DIRECTION('',(1.249318835986E-16,-1.,0.));
#6064 = DIRECTION('',(0.,-0.,-1.));
#6065 = ADVANCED_FACE('',(#6066),#6084,.F.);
#6066 = FACE_BOUND('',#6067,.T.);
#6067 = EDGE_LOOP('',(#6068,#6069,#6070,#6078));
#6068 = ORIENTED_EDGE('',*,*,#5855,.T.);
#6069 = ORIENTED_EDGE('',*,*,#5527,.T.);
#6070 = ORIENTED_EDGE('',*,*,#6071,.F.);
#6071 = EDGE_CURVE('',#6072,#5520,#6074,.T.);
#6072 = VERTEX_POINT('',#6073);
#6073 = CARTESIAN_POINT('',(5.8,-2.25,4.0995));
#6074 = LINE('',#6075,#6076);
#6075 = CARTESIAN_POINT('',(5.8,-2.25,-19.52358193272));
#6076 = VECTOR('',#6077,1.);
#6077 = DIRECTION('',(0.,0.,1.));
#6078 = ORIENTED_EDGE('',*,*,#6079,.F.);
#6079 = EDGE_CURVE('',#5856,#6072,#6080,.T.);
#6080 = LINE('',#6081,#6082);
#6081 = CARTESIAN_POINT('',(6.,-2.25,4.0995));
#6082 = VECTOR('',#6083,1.);
#6083 = DIRECTION('',(-1.,-1.249318835986E-16,0.));
#6084 = PLANE('',#6085);
#6085 = AXIS2_PLACEMENT_3D('',#6086,#6087,#6088);
#6086 = CARTESIAN_POINT('',(6.,-2.25,-19.52358193272));
#6087 = DIRECTION('',(-1.249318835986E-16,1.,0.));
#6088 = DIRECTION('',(0.,0.,1.));
#6089 = ADVANCED_FACE('',(#6090),#6108,.F.);
#6090 = FACE_BOUND('',#6091,.T.);
#6091 = EDGE_LOOP('',(#6092,#6093,#6094,#6102));
#6092 = ORIENTED_EDGE('',*,*,#6071,.T.);
#6093 = ORIENTED_EDGE('',*,*,#5519,.T.);
#6094 = ORIENTED_EDGE('',*,*,#6095,.F.);
#6095 = EDGE_CURVE('',#6096,#5512,#6098,.T.);
#6096 = VERTEX_POINT('',#6097);
#6097 = CARTESIAN_POINT('',(5.8,-2.85,4.0995));
#6098 = LINE('',#6099,#6100);
#6099 = CARTESIAN_POINT('',(5.8,-2.85,-19.52358193272));
#6100 = VECTOR('',#6101,1.);
#6101 = DIRECTION('',(0.,0.,1.));
#6102 = ORIENTED_EDGE('',*,*,#6103,.F.);
#6103 = EDGE_CURVE('',#6072,#6096,#6104,.T.);
#6104 = LINE('',#6105,#6106);
#6105 = CARTESIAN_POINT('',(5.8,-2.25,4.0995));
#6106 = VECTOR('',#6107,1.);
#6107 = DIRECTION('',(1.249318835986E-16,-1.,0.));
#6108 = PLANE('',#6109);
#6109 = AXIS2_PLACEMENT_3D('',#6110,#6111,#6112);
#6110 = CARTESIAN_POINT('',(5.8,-2.25,-19.52358193272));
#6111 = DIRECTION('',(-1.,-1.249318835986E-16,0.));
#6112 = DIRECTION('',(0.,0.,1.));
#6113 = ADVANCED_FACE('',(#6114),#6125,.F.);
#6114 = FACE_BOUND('',#6115,.T.);
#6115 = EDGE_LOOP('',(#6116,#6117,#6118,#6119));
#6116 = ORIENTED_EDGE('',*,*,#6095,.T.);
#6117 = ORIENTED_EDGE('',*,*,#5511,.T.);
#6118 = ORIENTED_EDGE('',*,*,#5871,.F.);
#6119 = ORIENTED_EDGE('',*,*,#6120,.F.);
#6120 = EDGE_CURVE('',#6096,#5864,#6121,.T.);
#6121 = LINE('',#6122,#6123);
#6122 = CARTESIAN_POINT('',(5.8,-2.85,4.0995));
#6123 = VECTOR('',#6124,1.);
#6124 = DIRECTION('',(1.,1.249318835986E-16,0.));
#6125 = PLANE('',#6126);
#6126 = AXIS2_PLACEMENT_3D('',#6127,#6128,#6129);
#6127 = CARTESIAN_POINT('',(5.8,-2.85,-19.52358193272));
#6128 = DIRECTION('',(1.249318835986E-16,-1.,0.));
#6129 = DIRECTION('',(0.,-0.,-1.));
#6130 = ADVANCED_FACE('',(#6131),#6149,.F.);
#6131 = FACE_BOUND('',#6132,.T.);
#6132 = EDGE_LOOP('',(#6133,#6134,#6135,#6143));
#6133 = ORIENTED_EDGE('',*,*,#5878,.T.);
#6134 = ORIENTED_EDGE('',*,*,#5495,.T.);
#6135 = ORIENTED_EDGE('',*,*,#6136,.F.);
#6136 = EDGE_CURVE('',#6137,#5488,#6139,.T.);
#6137 = VERTEX_POINT('',#6138);
#6138 = CARTESIAN_POINT('',(5.8,-3.65,4.0995));
#6139 = LINE('',#6140,#6141);
#6140 = CARTESIAN_POINT('',(5.8,-3.65,-19.52358193272));
#6141 = VECTOR('',#6142,1.);
#6142 = DIRECTION('',(0.,0.,1.));
#6143 = ORIENTED_EDGE('',*,*,#6144,.F.);
#6144 = EDGE_CURVE('',#5879,#6137,#6145,.T.);
#6145 = LINE('',#6146,#6147);
#6146 = CARTESIAN_POINT('',(5.8,-3.65,4.0995));
#6147 = VECTOR('',#6148,1.);
#6148 = DIRECTION('',(-1.,-1.249318835986E-16,0.));
#6149 = PLANE('',#6150);
#6150 = AXIS2_PLACEMENT_3D('',#6151,#6152,#6153);
#6151 = CARTESIAN_POINT('',(5.8,-3.65,-19.52358193272));
#6152 = DIRECTION('',(-1.249318835986E-16,1.,0.));
#6153 = DIRECTION('',(0.,0.,1.));
#6154 = ADVANCED_FACE('',(#6155),#6173,.F.);
#6155 = FACE_BOUND('',#6156,.T.);
#6156 = EDGE_LOOP('',(#6157,#6158,#6159,#6167));
#6157 = ORIENTED_EDGE('',*,*,#6136,.T.);
#6158 = ORIENTED_EDGE('',*,*,#5487,.T.);
#6159 = ORIENTED_EDGE('',*,*,#6160,.F.);
#6160 = EDGE_CURVE('',#6161,#5480,#6163,.T.);
#6161 = VERTEX_POINT('',#6162);
#6162 = CARTESIAN_POINT('',(5.8,-4.25,4.0995));
#6163 = LINE('',#6164,#6165);
#6164 = CARTESIAN_POINT('',(5.8,-4.25,-19.52358193272));
#6165 = VECTOR('',#6166,1.);
#6166 = DIRECTION('',(0.,0.,1.));
#6167 = ORIENTED_EDGE('',*,*,#6168,.F.);
#6168 = EDGE_CURVE('',#6137,#6161,#6169,.T.);
#6169 = LINE('',#6170,#6171);
#6170 = CARTESIAN_POINT('',(5.8,-3.65,4.0995));
#6171 = VECTOR('',#6172,1.);
#6172 = DIRECTION('',(1.249318835986E-16,-1.,0.));
#6173 = PLANE('',#6174);
#6174 = AXIS2_PLACEMENT_3D('',#6175,#6176,#6177);
#6175 = CARTESIAN_POINT('',(5.8,-3.65,-19.52358193272));
#6176 = DIRECTION('',(-1.,-1.249318835986E-16,0.));
#6177 = DIRECTION('',(0.,0.,1.));
#6178 = ADVANCED_FACE('',(#6179),#6190,.F.);
#6179 = FACE_BOUND('',#6180,.T.);
#6180 = EDGE_LOOP('',(#6181,#6182,#6183,#6184));
#6181 = ORIENTED_EDGE('',*,*,#6160,.T.);
#6182 = ORIENTED_EDGE('',*,*,#5479,.T.);
#6183 = ORIENTED_EDGE('',*,*,#5894,.F.);
#6184 = ORIENTED_EDGE('',*,*,#6185,.F.);
#6185 = EDGE_CURVE('',#6161,#5887,#6186,.T.);
#6186 = LINE('',#6187,#6188);
#6187 = CARTESIAN_POINT('',(6.,-4.25,4.0995));
#6188 = VECTOR('',#6189,1.);
#6189 = DIRECTION('',(1.,-4.211876806343E-15,0.));
#6190 = PLANE('',#6191);
#6191 = AXIS2_PLACEMENT_3D('',#6192,#6193,#6194);
#6192 = CARTESIAN_POINT('',(6.,-4.25,-19.52358193272));
#6193 = DIRECTION('',(-4.211876806343E-15,-1.,0.));
#6194 = DIRECTION('',(-1.,4.211876806343E-15,0.));
#6195 = ADVANCED_FACE('',(#6196),#6216,.T.);
#6196 = FACE_BOUND('',#6197,.T.);
#6197 = EDGE_LOOP('',(#6198,#6199,#6200,#6208,#6215));
#6198 = ORIENTED_EDGE('',*,*,#5901,.T.);
#6199 = ORIENTED_EDGE('',*,*,#5462,.T.);
#6200 = ORIENTED_EDGE('',*,*,#6201,.F.);
#6201 = EDGE_CURVE('',#6202,#5455,#6204,.T.);
#6202 = VERTEX_POINT('',#6203);
#6203 = CARTESIAN_POINT('',(5.5,-5.45,4.0995));
#6204 = LINE('',#6205,#6206);
#6205 = CARTESIAN_POINT('',(5.5,-5.45,-19.52358193272));
#6206 = VECTOR('',#6207,1.);
#6207 = DIRECTION('',(0.,0.,1.));
#6208 = ORIENTED_EDGE('',*,*,#6209,.F.);
#6209 = EDGE_CURVE('',#2606,#6202,#6210,.T.);
#6210 = CIRCLE('',#6211,0.5);
#6211 = AXIS2_PLACEMENT_3D('',#6212,#6213,#6214);
#6212 = CARTESIAN_POINT('',(5.5,-4.95,4.0995));
#6213 = DIRECTION('',(0.,0.,-1.));
#6214 = DIRECTION('',(1.,3.037693553488E-16,0.));
#6215 = ORIENTED_EDGE('',*,*,#2603,.F.);
#6216 = CYLINDRICAL_SURFACE('',#6217,0.5);
#6217 = AXIS2_PLACEMENT_3D('',#6218,#6219,#6220);
#6218 = CARTESIAN_POINT('',(5.5,-4.95,-19.52358193272));
#6219 = DIRECTION('',(0.,0.,1.));
#6220 = DIRECTION('',(3.037693553488E-16,-1.,0.));
#6221 = ADVANCED_FACE('',(#6222),#6239,.F.);
#6222 = FACE_BOUND('',#6223,.T.);
#6223 = EDGE_LOOP('',(#6224,#6225,#6226,#6232,#6233));
#6224 = ORIENTED_EDGE('',*,*,#6201,.T.);
#6225 = ORIENTED_EDGE('',*,*,#5454,.T.);
#6226 = ORIENTED_EDGE('',*,*,#6227,.F.);
#6227 = EDGE_CURVE('',#2672,#5445,#6228,.T.);
#6228 = LINE('',#6229,#6230);
#6229 = CARTESIAN_POINT('',(4.475,-5.45,-19.52358193272));
#6230 = VECTOR('',#6231,1.);
#6231 = DIRECTION('',(0.,0.,1.));
#6232 = ORIENTED_EDGE('',*,*,#2671,.F.);
#6233 = ORIENTED_EDGE('',*,*,#6234,.F.);
#6234 = EDGE_CURVE('',#6202,#2664,#6235,.T.);
#6235 = LINE('',#6236,#6237);
#6236 = CARTESIAN_POINT('',(5.5,-5.45,4.0995));
#6237 = VECTOR('',#6238,1.);
#6238 = DIRECTION('',(-1.,3.277025058107E-17,0.));
#6239 = PLANE('',#6240);
#6240 = AXIS2_PLACEMENT_3D('',#6241,#6242,#6243);
#6241 = CARTESIAN_POINT('',(5.5,-5.45,-19.52358193272));
#6242 = DIRECTION('',(3.277025058107E-17,1.,0.));
#6243 = DIRECTION('',(1.,-3.277025058107E-17,0.));
#6244 = ADVANCED_FACE('',(#6245),#6256,.T.);
#6245 = FACE_BOUND('',#6246,.T.);
#6246 = EDGE_LOOP('',(#6247,#6248,#6249));
#6247 = ORIENTED_EDGE('',*,*,#5411,.F.);
#6248 = ORIENTED_EDGE('',*,*,#4605,.T.);
#6249 = ORIENTED_EDGE('',*,*,#6250,.F.);
#6250 = EDGE_CURVE('',#4658,#2950,#6251,.T.);
#6251 = CIRCLE('',#6252,0.4);
#6252 = AXIS2_PLACEMENT_3D('',#6253,#6254,#6255);
#6253 = CARTESIAN_POINT('',(-1.45,5.45,4.0995));
#6254 = DIRECTION('',(-1.,-1.249318835986E-16,0.));
#6255 = DIRECTION('',(0.,-0.,-1.));
#6256 = PLANE('',#6257);
#6257 = AXIS2_PLACEMENT_3D('',#6258,#6259,#6260);
#6258 = CARTESIAN_POINT('',(-1.45,5.45,4.0995));
#6259 = DIRECTION('',(1.,1.249318835986E-16,0.));
#6260 = DIRECTION('',(0.,-0.,-1.));
#6261 = ADVANCED_FACE('',(#6262),#6273,.T.);
#6262 = FACE_BOUND('',#6263,.T.);
#6263 = EDGE_LOOP('',(#6264,#6265,#6266));
#6264 = ORIENTED_EDGE('',*,*,#4586,.F.);
#6265 = ORIENTED_EDGE('',*,*,#5390,.T.);
#6266 = ORIENTED_EDGE('',*,*,#6267,.F.);
#6267 = EDGE_CURVE('',#2942,#4666,#6268,.T.);
#6268 = CIRCLE('',#6269,0.4);
#6269 = AXIS2_PLACEMENT_3D('',#6270,#6271,#6272);
#6270 = CARTESIAN_POINT('',(-4.475,5.45,4.0995));
#6271 = DIRECTION('',(1.,1.249318835986E-16,7.006492321624E-46));
#6272 = DIRECTION('',(5.688959623635E-30,-4.553649124439E-14,1.));
#6273 = PLANE('',#6274);
#6274 = AXIS2_PLACEMENT_3D('',#6275,#6276,#6277);
#6275 = CARTESIAN_POINT('',(-4.475,5.45,4.0995));
#6276 = DIRECTION('',(-1.,-1.249318835986E-16,0.));
#6277 = DIRECTION('',(0.,0.,1.));
#6278 = ADVANCED_FACE('',(#6279),#6285,.T.);
#6279 = FACE_BOUND('',#6280,.T.);
#6280 = EDGE_LOOP('',(#6281,#6282,#6283,#6284));
#6281 = ORIENTED_EDGE('',*,*,#6267,.T.);
#6282 = ORIENTED_EDGE('',*,*,#4665,.T.);
#6283 = ORIENTED_EDGE('',*,*,#6250,.T.);
#6284 = ORIENTED_EDGE('',*,*,#2949,.T.);
#6285 = CYLINDRICAL_SURFACE('',#6286,0.4);
#6286 = AXIS2_PLACEMENT_3D('',#6287,#6288,#6289);
#6287 = CARTESIAN_POINT('',(-34.33273234664,5.45,4.0995));
#6288 = DIRECTION('',(1.,1.249318835986E-16,0.));
#6289 = DIRECTION('',(0.,-0.,-1.));
#6290 = ADVANCED_FACE('',(#6291),#6302,.T.);
#6291 = FACE_BOUND('',#6292,.T.);
#6292 = EDGE_LOOP('',(#6293,#6294,#6295));
#6293 = ORIENTED_EDGE('',*,*,#5753,.F.);
#6294 = ORIENTED_EDGE('',*,*,#4518,.T.);
#6295 = ORIENTED_EDGE('',*,*,#6296,.F.);
#6296 = EDGE_CURVE('',#5617,#2982,#6297,.T.);
#6297 = CIRCLE('',#6298,0.4);
#6298 = AXIS2_PLACEMENT_3D('',#6299,#6300,#6301);
#6299 = CARTESIAN_POINT('',(4.475,5.45,4.0995));
#6300 = DIRECTION('',(-1.,-1.249318835986E-16,0.));
#6301 = DIRECTION('',(0.,-0.,-1.));
#6302 = PLANE('',#6303);
#6303 = AXIS2_PLACEMENT_3D('',#6304,#6305,#6306);
#6304 = CARTESIAN_POINT('',(4.475,5.45,4.0995));
#6305 = DIRECTION('',(1.,1.249318835986E-16,0.));
#6306 = DIRECTION('',(0.,-0.,-1.));
#6307 = ADVANCED_FACE('',(#6308),#6319,.T.);
#6308 = FACE_BOUND('',#6309,.T.);
#6309 = EDGE_LOOP('',(#6310,#6311,#6312));
#6310 = ORIENTED_EDGE('',*,*,#4494,.F.);
#6311 = ORIENTED_EDGE('',*,*,#5732,.T.);
#6312 = ORIENTED_EDGE('',*,*,#6313,.F.);
#6313 = EDGE_CURVE('',#2974,#5625,#6314,.T.);
#6314 = CIRCLE('',#6315,0.4);
#6315 = AXIS2_PLACEMENT_3D('',#6316,#6317,#6318);
#6316 = CARTESIAN_POINT('',(1.45,5.45,4.0995));
#6317 = DIRECTION('',(1.,1.249318835986E-16,0.));
#6318 = DIRECTION('',(4.876251105973E-30,-3.903127820948E-14,1.));
#6319 = PLANE('',#6320);
#6320 = AXIS2_PLACEMENT_3D('',#6321,#6322,#6323);
#6321 = CARTESIAN_POINT('',(1.45,5.45,4.0995));
#6322 = DIRECTION('',(-1.,-1.249318835986E-16,0.));
#6323 = DIRECTION('',(0.,0.,1.));
#6324 = ADVANCED_FACE('',(#6325),#6331,.T.);
#6325 = FACE_BOUND('',#6326,.T.);
#6326 = EDGE_LOOP('',(#6327,#6328,#6329,#6330));
#6327 = ORIENTED_EDGE('',*,*,#6313,.T.);
#6328 = ORIENTED_EDGE('',*,*,#5624,.T.);
#6329 = ORIENTED_EDGE('',*,*,#6296,.T.);
#6330 = ORIENTED_EDGE('',*,*,#2981,.T.);
#6331 = CYLINDRICAL_SURFACE('',#6332,0.4);
#6332 = AXIS2_PLACEMENT_3D('',#6333,#6334,#6335);
#6333 = CARTESIAN_POINT('',(-34.33273234664,5.45,4.0995));
#6334 = DIRECTION('',(1.,1.249318835986E-16,0.));
#6335 = DIRECTION('',(0.,-0.,-1.));
#6336 = ADVANCED_FACE('',(#6337),#6348,.T.);
#6337 = FACE_BOUND('',#6338,.T.);
#6338 = EDGE_LOOP('',(#6339,#6340,#6341));
#6339 = ORIENTED_EDGE('',*,*,#5675,.F.);
#6340 = ORIENTED_EDGE('',*,*,#4304,.T.);
#6341 = ORIENTED_EDGE('',*,*,#6342,.F.);
#6342 = EDGE_CURVE('',#5447,#4230,#6343,.T.);
#6343 = CIRCLE('',#6344,0.4);
#6344 = AXIS2_PLACEMENT_3D('',#6345,#6346,#6347);
#6345 = CARTESIAN_POINT('',(1.45,-5.45,4.0995));
#6346 = DIRECTION('',(1.,1.249318835986E-16,-0.));
#6347 = DIRECTION('',(0.,0.,1.));
#6348 = PLANE('',#6349);
#6349 = AXIS2_PLACEMENT_3D('',#6350,#6351,#6352);
#6350 = CARTESIAN_POINT('',(1.45,-5.45,4.0995));
#6351 = DIRECTION('',(-1.,-1.249318835986E-16,0.));
#6352 = DIRECTION('',(0.,0.,1.));
#6353 = ADVANCED_FACE('',(#6354),#6365,.T.);
#6354 = FACE_BOUND('',#6355,.T.);
#6355 = EDGE_LOOP('',(#6356,#6357,#6358));
#6356 = ORIENTED_EDGE('',*,*,#4288,.F.);
#6357 = ORIENTED_EDGE('',*,*,#6227,.T.);
#6358 = ORIENTED_EDGE('',*,*,#6359,.F.);
#6359 = EDGE_CURVE('',#4222,#5445,#6360,.T.);
#6360 = CIRCLE('',#6361,0.4);
#6361 = AXIS2_PLACEMENT_3D('',#6362,#6363,#6364);
#6362 = CARTESIAN_POINT('',(4.475,-5.45,4.0995));
#6363 = DIRECTION('',(-1.,-1.249318835986E-16,0.));
#6364 = DIRECTION('',(0.,-0.,-1.));
#6365 = PLANE('',#6366);
#6366 = AXIS2_PLACEMENT_3D('',#6367,#6368,#6369);
#6367 = CARTESIAN_POINT('',(4.475,-5.45,4.0995));
#6368 = DIRECTION('',(1.,1.249318835986E-16,0.));
#6369 = DIRECTION('',(0.,-0.,-1.));
#6370 = ADVANCED_FACE('',(#6371),#6377,.T.);
#6371 = FACE_BOUND('',#6372,.T.);
#6372 = EDGE_LOOP('',(#6373,#6374,#6375,#6376));
#6373 = ORIENTED_EDGE('',*,*,#6359,.T.);
#6374 = ORIENTED_EDGE('',*,*,#5444,.T.);
#6375 = ORIENTED_EDGE('',*,*,#6342,.T.);
#6376 = ORIENTED_EDGE('',*,*,#4229,.T.);
#6377 = CYLINDRICAL_SURFACE('',#6378,0.4);
#6378 = AXIS2_PLACEMENT_3D('',#6379,#6380,#6381);
#6379 = CARTESIAN_POINT('',(28.845891147012,-5.45,4.0995));
#6380 = DIRECTION('',(-1.,-1.249318835986E-16,0.));
#6381 = DIRECTION('',(0.,0.,1.));
#6382 = ADVANCED_FACE('',(#6383),#6394,.T.);
#6383 = FACE_BOUND('',#6384,.T.);
#6384 = EDGE_LOOP('',(#6385,#6386,#6387));
#6385 = ORIENTED_EDGE('',*,*,#4916,.F.);
#6386 = ORIENTED_EDGE('',*,*,#4269,.T.);
#6387 = ORIENTED_EDGE('',*,*,#6388,.F.);
#6388 = EDGE_CURVE('',#4633,#4246,#6389,.T.);
#6389 = CIRCLE('',#6390,0.4);
#6390 = AXIS2_PLACEMENT_3D('',#6391,#6392,#6393);
#6391 = CARTESIAN_POINT('',(-4.475,-5.45,4.0995));
#6392 = DIRECTION('',(1.,1.249318835986E-16,-4.379057701015E-47));
#6393 = DIRECTION('',(2.709028392207E-31,-2.168404344971E-15,1.));
#6394 = PLANE('',#6395);
#6395 = AXIS2_PLACEMENT_3D('',#6396,#6397,#6398);
#6396 = CARTESIAN_POINT('',(-4.475,-5.45,4.0995));
#6397 = DIRECTION('',(-1.,-1.249318835986E-16,0.));
#6398 = DIRECTION('',(0.,0.,1.));
#6399 = ADVANCED_FACE('',(#6400),#6411,.T.);
#6400 = FACE_BOUND('',#6401,.T.);
#6401 = EDGE_LOOP('',(#6402,#6403,#6404));
#6402 = ORIENTED_EDGE('',*,*,#4170,.F.);
#6403 = ORIENTED_EDGE('',*,*,#4895,.T.);
#6404 = ORIENTED_EDGE('',*,*,#6405,.F.);
#6405 = EDGE_CURVE('',#4171,#4631,#6406,.T.);
#6406 = CIRCLE('',#6407,0.4);
#6407 = AXIS2_PLACEMENT_3D('',#6408,#6409,#6410);
#6408 = CARTESIAN_POINT('',(-1.45,-5.45,4.0995));
#6409 = DIRECTION('',(-1.,-1.249318835986E-16,0.));
#6410 = DIRECTION('',(0.,-0.,-1.));
#6411 = PLANE('',#6412);
#6412 = AXIS2_PLACEMENT_3D('',#6413,#6414,#6415);
#6413 = CARTESIAN_POINT('',(-1.45,-5.45,4.0995));
#6414 = DIRECTION('',(1.,1.249318835986E-16,0.));
#6415 = DIRECTION('',(0.,-0.,-1.));
#6416 = ADVANCED_FACE('',(#6417),#6423,.T.);
#6417 = FACE_BOUND('',#6418,.T.);
#6418 = EDGE_LOOP('',(#6419,#6420,#6421,#6422));
#6419 = ORIENTED_EDGE('',*,*,#6405,.T.);
#6420 = ORIENTED_EDGE('',*,*,#4630,.T.);
#6421 = ORIENTED_EDGE('',*,*,#6388,.T.);
#6422 = ORIENTED_EDGE('',*,*,#4245,.T.);
#6423 = CYLINDRICAL_SURFACE('',#6424,0.4);
#6424 = AXIS2_PLACEMENT_3D('',#6425,#6426,#6427);
#6425 = CARTESIAN_POINT('',(28.845891147012,-5.45,4.0995));
#6426 = DIRECTION('',(-1.,-1.249318835986E-16,0.));
#6427 = DIRECTION('',(0.,0.,1.));
#6428 = ADVANCED_FACE('',(#6429),#6447,.F.);
#6429 = FACE_BOUND('',#6430,.T.);
#6430 = EDGE_LOOP('',(#6431,#6432,#6439,#6440));
#6431 = ORIENTED_EDGE('',*,*,#3897,.F.);
#6432 = ORIENTED_EDGE('',*,*,#6433,.F.);
#6433 = EDGE_CURVE('',#4068,#3890,#6434,.T.);
#6434 = CIRCLE('',#6435,0.2);
#6435 = AXIS2_PLACEMENT_3D('',#6436,#6437,#6438);
#6436 = CARTESIAN_POINT('',(-1.25,-6.05,-0.9505));
#6437 = DIRECTION('',(-1.,-1.249318835986E-16,0.));
#6438 = DIRECTION('',(-4.334445427531E-30,3.469446951954E-14,-1.));
#6439 = ORIENTED_EDGE('',*,*,#4084,.F.);
#6440 = ORIENTED_EDGE('',*,*,#6441,.T.);
#6441 = EDGE_CURVE('',#3243,#3874,#6442,.T.);
#6442 = CIRCLE('',#6443,0.6);
#6443 = AXIS2_PLACEMENT_3D('',#6444,#6445,#6446);
#6444 = CARTESIAN_POINT('',(-1.25,-6.05,-0.9505));
#6445 = DIRECTION('',(-1.,-1.249318835986E-16,2.627434620609E-46));
#6446 = DIRECTION('',(-7.224075712552E-31,5.782411586589E-15,-1.));
#6447 = PLANE('',#6448);
#6448 = AXIS2_PLACEMENT_3D('',#6449,#6450,#6451);
#6449 = CARTESIAN_POINT('',(-1.25,-6.05,-0.9505));
#6450 = DIRECTION('',(1.,1.249318835986E-16,-2.070673620744E-15));
#6451 = DIRECTION('',(-2.070673620744E-15,-2.586931557576E-31,-1.));
#6452 = ADVANCED_FACE('',(#6453),#6471,.F.);
#6453 = FACE_BOUND('',#6454,.T.);
#6454 = EDGE_LOOP('',(#6455,#6456,#6463,#6464));
#6455 = ORIENTED_EDGE('',*,*,#4051,.T.);
#6456 = ORIENTED_EDGE('',*,*,#6457,.F.);
#6457 = EDGE_CURVE('',#3952,#4044,#6458,.T.);
#6458 = CIRCLE('',#6459,0.2);
#6459 = AXIS2_PLACEMENT_3D('',#6460,#6461,#6462);
#6460 = CARTESIAN_POINT('',(1.25,-6.05,-0.9505));
#6461 = DIRECTION('',(1.,1.249318835986E-16,0.));
#6462 = DIRECTION('',(0.,-0.,-1.));
#6463 = ORIENTED_EDGE('',*,*,#3951,.T.);
#6464 = ORIENTED_EDGE('',*,*,#6465,.T.);
#6465 = EDGE_CURVE('',#3914,#3235,#6466,.T.);
#6466 = CIRCLE('',#6467,0.6);
#6467 = AXIS2_PLACEMENT_3D('',#6468,#6469,#6470);
#6468 = CARTESIAN_POINT('',(1.25,-6.05,-0.9505));
#6469 = DIRECTION('',(1.,1.249318835986E-16,0.));
#6470 = DIRECTION('',(0.,-0.,-1.));
#6471 = PLANE('',#6472);
#6472 = AXIS2_PLACEMENT_3D('',#6473,#6474,#6475);
#6473 = CARTESIAN_POINT('',(1.25,-6.05,-0.9505));
#6474 = DIRECTION('',(-1.,-1.249318835986E-16,1.380449080496E-15));
#6475 = DIRECTION('',(1.380449080496E-15,1.724621038384E-31,1.));
#6476 = ADVANCED_FACE('',(#6477),#6483,.T.);
#6477 = FACE_BOUND('',#6478,.T.);
#6478 = EDGE_LOOP('',(#6479,#6480,#6481,#6482));
#6479 = ORIENTED_EDGE('',*,*,#6465,.F.);
#6480 = ORIENTED_EDGE('',*,*,#3928,.T.);
#6481 = ORIENTED_EDGE('',*,*,#6441,.F.);
#6482 = ORIENTED_EDGE('',*,*,#3242,.F.);
#6483 = CYLINDRICAL_SURFACE('',#6484,0.6);
#6484 = AXIS2_PLACEMENT_3D('',#6485,#6486,#6487);
#6485 = CARTESIAN_POINT('',(-19.95438426251,-6.05,-0.9505));
#6486 = DIRECTION('',(1.,1.249318835986E-16,0.));
#6487 = DIRECTION('',(0.,-0.,-1.));
#6488 = ADVANCED_FACE('',(#6489),#6495,.F.);
#6489 = FACE_BOUND('',#6490,.F.);
#6490 = EDGE_LOOP('',(#6491,#6492,#6493,#6494));
#6491 = ORIENTED_EDGE('',*,*,#3974,.T.);
#6492 = ORIENTED_EDGE('',*,*,#6433,.F.);
#6493 = ORIENTED_EDGE('',*,*,#4204,.F.);
#6494 = ORIENTED_EDGE('',*,*,#6457,.F.);
#6495 = CYLINDRICAL_SURFACE('',#6496,0.2);
#6496 = AXIS2_PLACEMENT_3D('',#6497,#6498,#6499);
#6497 = CARTESIAN_POINT('',(-19.95438426251,-6.05,-0.9505));
#6498 = DIRECTION('',(1.,1.249318835986E-16,0.));
#6499 = DIRECTION('',(0.,-0.,-1.));
#6500 = ADVANCED_FACE('',(#6501),#6519,.F.);
#6501 = FACE_BOUND('',#6502,.T.);
#6502 = EDGE_LOOP('',(#6503,#6504,#6511,#6512));
#6503 = ORIENTED_EDGE('',*,*,#3881,.T.);
#6504 = ORIENTED_EDGE('',*,*,#6505,.F.);
#6505 = EDGE_CURVE('',#3829,#3872,#6506,.T.);
#6506 = CIRCLE('',#6507,0.2);
#6507 = AXIS2_PLACEMENT_3D('',#6508,#6509,#6510);
#6508 = CARTESIAN_POINT('',(-1.25,-5.95,-1.981870849898));
#6509 = DIRECTION('',(-1.,-1.249318835986E-16,0.));
#6510 = DIRECTION('',(0.,0.,1.));
#6511 = ORIENTED_EDGE('',*,*,#3828,.T.);
#6512 = ORIENTED_EDGE('',*,*,#6513,.T.);
#6513 = EDGE_CURVE('',#3806,#3882,#6514,.T.);
#6514 = CIRCLE('',#6515,0.6);
#6515 = AXIS2_PLACEMENT_3D('',#6516,#6517,#6518);
#6516 = CARTESIAN_POINT('',(-1.25,-5.95,-1.981870849898));
#6517 = DIRECTION('',(-1.,-1.249318835986E-16,0.));
#6518 = DIRECTION('',(0.,0.,1.));
#6519 = PLANE('',#6520);
#6520 = AXIS2_PLACEMENT_3D('',#6521,#6522,#6523);
#6521 = CARTESIAN_POINT('',(-1.25,-5.95,-1.981870849898));
#6522 = DIRECTION('',(1.,1.249318835986E-16,0.));
#6523 = DIRECTION('',(0.,-0.,-1.));
#6524 = ADVANCED_FACE('',(#6525),#6543,.F.);
#6525 = FACE_BOUND('',#6526,.T.);
#6526 = EDGE_LOOP('',(#6527,#6534,#6535,#6542));
#6527 = ORIENTED_EDGE('',*,*,#6528,.F.);
#6528 = EDGE_CURVE('',#3912,#3770,#6529,.T.);
#6529 = CIRCLE('',#6530,0.2);
#6530 = AXIS2_PLACEMENT_3D('',#6531,#6532,#6533);
#6531 = CARTESIAN_POINT('',(1.25,-5.95,-1.981870849898));
#6532 = DIRECTION('',(1.,1.249318835986E-16,0.));
#6533 = DIRECTION('',(5.418056784414E-31,-4.336808689942E-15,1.));
#6534 = ORIENTED_EDGE('',*,*,#3942,.F.);
#6535 = ORIENTED_EDGE('',*,*,#6536,.T.);
#6536 = EDGE_CURVE('',#3943,#3772,#6537,.T.);
#6537 = CIRCLE('',#6538,0.6);
#6538 = AXIS2_PLACEMENT_3D('',#6539,#6540,#6541);
#6539 = CARTESIAN_POINT('',(1.25,-5.95,-1.981870849898));
#6540 = DIRECTION('',(1.,1.249318835986E-16,0.));
#6541 = DIRECTION('',(1.806018928138E-31,-1.445602896647E-15,1.));
#6542 = ORIENTED_EDGE('',*,*,#3769,.F.);
#6543 = PLANE('',#6544);
#6544 = AXIS2_PLACEMENT_3D('',#6545,#6546,#6547);
#6545 = CARTESIAN_POINT('',(1.25,-5.95,-1.981870849898));
#6546 = DIRECTION('',(-1.,-1.249318835986E-16,0.));
#6547 = DIRECTION('',(0.,0.,1.));
#6548 = ADVANCED_FACE('',(#6549),#6555,.T.);
#6549 = FACE_BOUND('',#6550,.T.);
#6550 = EDGE_LOOP('',(#6551,#6552,#6553,#6554));
#6551 = ORIENTED_EDGE('',*,*,#3805,.F.);
#6552 = ORIENTED_EDGE('',*,*,#6536,.F.);
#6553 = ORIENTED_EDGE('',*,*,#3981,.T.);
#6554 = ORIENTED_EDGE('',*,*,#6513,.F.);
#6555 = CYLINDRICAL_SURFACE('',#6556,0.6);
#6556 = AXIS2_PLACEMENT_3D('',#6557,#6558,#6559);
#6557 = CARTESIAN_POINT('',(21.16727067287,-5.95,-1.981870849898));
#6558 = DIRECTION('',(-1.,-1.249318835986E-16,0.));
#6559 = DIRECTION('',(0.,0.,1.));
#6560 = ADVANCED_FACE('',(#6561),#6567,.F.);
#6561 = FACE_BOUND('',#6562,.F.);
#6562 = EDGE_LOOP('',(#6563,#6564,#6565,#6566));
#6563 = ORIENTED_EDGE('',*,*,#6528,.F.);
#6564 = ORIENTED_EDGE('',*,*,#3921,.T.);
#6565 = ORIENTED_EDGE('',*,*,#6505,.F.);
#6566 = ORIENTED_EDGE('',*,*,#3855,.F.);
#6567 = CYLINDRICAL_SURFACE('',#6568,0.2);
#6568 = AXIS2_PLACEMENT_3D('',#6569,#6570,#6571);
#6569 = CARTESIAN_POINT('',(21.16727067287,-5.95,-1.981870849898));
#6570 = DIRECTION('',(-1.,-1.249318835986E-16,0.));
#6571 = DIRECTION('',(0.,0.,1.));
#6572 = ADVANCED_FACE('',(#6573),#6591,.F.);
#6573 = FACE_BOUND('',#6574,.T.);
#6574 = EDGE_LOOP('',(#6575,#6576,#6583,#6584));
#6575 = ORIENTED_EDGE('',*,*,#4369,.T.);
#6576 = ORIENTED_EDGE('',*,*,#6577,.F.);
#6577 = EDGE_CURVE('',#3623,#2884,#6578,.T.);
#6578 = CIRCLE('',#6579,0.2);
#6579 = AXIS2_PLACEMENT_3D('',#6580,#6581,#6582);
#6580 = CARTESIAN_POINT('',(-1.25,6.05,-0.9505));
#6581 = DIRECTION('',(-1.,-1.249318835986E-16,0.));
#6582 = DIRECTION('',(0.,0.,1.));
#6583 = ORIENTED_EDGE('',*,*,#3622,.T.);
#6584 = ORIENTED_EDGE('',*,*,#6585,.T.);
#6585 = EDGE_CURVE('',#3600,#4370,#6586,.T.);
#6586 = CIRCLE('',#6587,0.6);
#6587 = AXIS2_PLACEMENT_3D('',#6588,#6589,#6590);
#6588 = CARTESIAN_POINT('',(-1.25,6.05,-0.9505));
#6589 = DIRECTION('',(-1.,-1.249318835986E-16,0.));
#6590 = DIRECTION('',(0.,0.,1.));
#6591 = PLANE('',#6592);
#6592 = AXIS2_PLACEMENT_3D('',#6593,#6594,#6595);
#6593 = CARTESIAN_POINT('',(-1.25,6.05,-0.9505));
#6594 = DIRECTION('',(1.,1.249318835986E-16,-2.070673620745E-15));
#6595 = DIRECTION('',(-2.070673620745E-15,-2.586931557576E-31,-1.));
#6596 = ADVANCED_FACE('',(#6597),#6615,.F.);
#6597 = FACE_BOUND('',#6598,.T.);
#6598 = EDGE_LOOP('',(#6599,#6606,#6607,#6614));
#6599 = ORIENTED_EDGE('',*,*,#6600,.F.);
#6600 = EDGE_CURVE('',#2876,#3551,#6601,.T.);
#6601 = CIRCLE('',#6602,0.2);
#6602 = AXIS2_PLACEMENT_3D('',#6603,#6604,#6605);
#6603 = CARTESIAN_POINT('',(1.25,6.05,-0.9505));
#6604 = DIRECTION('',(1.,1.249318835986E-16,0.));
#6605 = DIRECTION('',(-1.625417035324E-30,1.301042606983E-14,1.));
#6606 = ORIENTED_EDGE('',*,*,#4391,.F.);
#6607 = ORIENTED_EDGE('',*,*,#6608,.T.);
#6608 = EDGE_CURVE('',#4392,#3553,#6609,.T.);
#6609 = CIRCLE('',#6610,0.6);
#6610 = AXIS2_PLACEMENT_3D('',#6611,#6612,#6613);
#6611 = CARTESIAN_POINT('',(1.25,6.05,-0.9505));
#6612 = DIRECTION('',(1.,1.249318835986E-16,4.379057701015E-47));
#6613 = DIRECTION('',(-3.612037856276E-31,2.891205793295E-15,1.));
#6614 = ORIENTED_EDGE('',*,*,#3550,.F.);
#6615 = PLANE('',#6616);
#6616 = AXIS2_PLACEMENT_3D('',#6617,#6618,#6619);
#6617 = CARTESIAN_POINT('',(1.25,6.05,-0.9505));
#6618 = DIRECTION('',(-1.,-1.249318835986E-16,1.380449080496E-15));
#6619 = DIRECTION('',(1.380449080496E-15,1.724621038384E-31,1.));
#6620 = ADVANCED_FACE('',(#6621),#6627,.T.);
#6621 = FACE_BOUND('',#6622,.T.);
#6622 = EDGE_LOOP('',(#6623,#6624,#6625,#6626));
#6623 = ORIENTED_EDGE('',*,*,#3599,.F.);
#6624 = ORIENTED_EDGE('',*,*,#6608,.F.);
#6625 = ORIENTED_EDGE('',*,*,#4568,.T.);
#6626 = ORIENTED_EDGE('',*,*,#6585,.F.);
#6627 = CYLINDRICAL_SURFACE('',#6628,0.6);
#6628 = AXIS2_PLACEMENT_3D('',#6629,#6630,#6631);
#6629 = CARTESIAN_POINT('',(20.40003892006,6.05,-0.9505));
#6630 = DIRECTION('',(-1.,-1.249318835986E-16,0.));
#6631 = DIRECTION('',(0.,0.,1.));
#6632 = ADVANCED_FACE('',(#6633),#6639,.F.);
#6633 = FACE_BOUND('',#6634,.F.);
#6634 = EDGE_LOOP('',(#6635,#6636,#6637,#6638));
#6635 = ORIENTED_EDGE('',*,*,#6600,.F.);
#6636 = ORIENTED_EDGE('',*,*,#2883,.T.);
#6637 = ORIENTED_EDGE('',*,*,#6577,.F.);
#6638 = ORIENTED_EDGE('',*,*,#3652,.F.);
#6639 = CYLINDRICAL_SURFACE('',#6640,0.2);
#6640 = AXIS2_PLACEMENT_3D('',#6641,#6642,#6643);
#6641 = CARTESIAN_POINT('',(20.40003892006,6.05,-0.9505));
#6642 = DIRECTION('',(-1.,-1.249318835986E-16,0.));
#6643 = DIRECTION('',(0.,0.,1.));
#6644 = ADVANCED_FACE('',(#6645),#6663,.F.);
#6645 = FACE_BOUND('',#6646,.T.);
#6646 = EDGE_LOOP('',(#6647,#6648,#6655,#6656));
#6647 = ORIENTED_EDGE('',*,*,#3467,.F.);
#6648 = ORIENTED_EDGE('',*,*,#6649,.F.);
#6649 = EDGE_CURVE('',#3591,#3460,#6650,.T.);
#6650 = CIRCLE('',#6651,0.2);
#6651 = AXIS2_PLACEMENT_3D('',#6652,#6653,#6654);
#6652 = CARTESIAN_POINT('',(-1.25,5.95,-1.981870849898));
#6653 = DIRECTION('',(-1.,-1.249318835986E-16,-7.006492321624E-46));
#6654 = DIRECTION('',(-4.876251105973E-30,3.903127820948E-14,-1.));
#6655 = ORIENTED_EDGE('',*,*,#3638,.F.);
#6656 = ORIENTED_EDGE('',*,*,#6657,.T.);
#6657 = EDGE_CURVE('',#3631,#3451,#6658,.T.);
#6658 = CIRCLE('',#6659,0.6);
#6659 = AXIS2_PLACEMENT_3D('',#6660,#6661,#6662);
#6660 = CARTESIAN_POINT('',(-1.25,5.95,-1.981870849898));
#6661 = DIRECTION('',(-1.,-1.249318835986E-16,-2.189528850508E-47));
#6662 = DIRECTION('',(1.806018928138E-31,-1.445602896647E-15,-1.));
#6663 = PLANE('',#6664);
#6664 = AXIS2_PLACEMENT_3D('',#6665,#6666,#6667);
#6665 = CARTESIAN_POINT('',(-1.25,5.95,-1.981870849898));
#6666 = DIRECTION('',(1.,7.556989988525E-16,-6.307671152538E-16));
#6667 = DIRECTION('',(-6.307671152538E-16,-7.880292382074E-32,-1.));
#6668 = ADVANCED_FACE('',(#6669),#6687,.F.);
#6669 = FACE_BOUND('',#6670,.T.);
#6670 = EDGE_LOOP('',(#6671,#6672,#6679,#6680));
#6671 = ORIENTED_EDGE('',*,*,#3568,.T.);
#6672 = ORIENTED_EDGE('',*,*,#6673,.F.);
#6673 = EDGE_CURVE('',#3510,#3561,#6674,.T.);
#6674 = CIRCLE('',#6675,0.2);
#6675 = AXIS2_PLACEMENT_3D('',#6676,#6677,#6678);
#6676 = CARTESIAN_POINT('',(1.25,5.95,-1.981870849898));
#6677 = DIRECTION('',(1.,1.249318835986E-16,0.));
#6678 = DIRECTION('',(0.,-0.,-1.));
#6679 = ORIENTED_EDGE('',*,*,#3509,.T.);
#6680 = ORIENTED_EDGE('',*,*,#6681,.T.);
#6681 = EDGE_CURVE('',#3485,#3569,#6682,.T.);
#6682 = CIRCLE('',#6683,0.6);
#6683 = AXIS2_PLACEMENT_3D('',#6684,#6685,#6686);
#6684 = CARTESIAN_POINT('',(1.25,5.95,-1.981870849898));
#6685 = DIRECTION('',(1.,1.249318835986E-16,0.));
#6686 = DIRECTION('',(0.,-0.,-1.));
#6687 = PLANE('',#6688);
#6688 = AXIS2_PLACEMENT_3D('',#6689,#6690,#6691);
#6689 = CARTESIAN_POINT('',(1.25,5.95,-1.981870849898));
#6690 = DIRECTION('',(-1.,-1.249318835986E-16,0.));
#6691 = DIRECTION('',(0.,0.,1.));
#6692 = ADVANCED_FACE('',(#6693),#6699,.T.);
#6693 = FACE_BOUND('',#6694,.T.);
#6694 = EDGE_LOOP('',(#6695,#6696,#6697,#6698));
#6695 = ORIENTED_EDGE('',*,*,#6681,.F.);
#6696 = ORIENTED_EDGE('',*,*,#3484,.T.);
#6697 = ORIENTED_EDGE('',*,*,#6657,.F.);
#6698 = ORIENTED_EDGE('',*,*,#3659,.F.);
#6699 = CYLINDRICAL_SURFACE('',#6700,0.6);
#6700 = AXIS2_PLACEMENT_3D('',#6701,#6702,#6703);
#6701 = CARTESIAN_POINT('',(-21.52807821403,5.95,-1.981870849898));
#6702 = DIRECTION('',(1.,1.249318835986E-16,0.));
#6703 = DIRECTION('',(0.,-0.,-1.));
#6704 = ADVANCED_FACE('',(#6705),#6711,.F.);
#6705 = FACE_BOUND('',#6706,.F.);
#6706 = EDGE_LOOP('',(#6707,#6708,#6709,#6710));
#6707 = ORIENTED_EDGE('',*,*,#3536,.T.);
#6708 = ORIENTED_EDGE('',*,*,#6649,.F.);
#6709 = ORIENTED_EDGE('',*,*,#3590,.F.);
#6710 = ORIENTED_EDGE('',*,*,#6673,.F.);
#6711 = CYLINDRICAL_SURFACE('',#6712,0.2);
#6712 = AXIS2_PLACEMENT_3D('',#6713,#6714,#6715);
#6713 = CARTESIAN_POINT('',(-21.52807821403,5.95,-1.981870849898));
#6714 = DIRECTION('',(1.,1.249318835986E-16,0.));
#6715 = DIRECTION('',(0.,-0.,-1.));
#6716 = ADVANCED_FACE('',(#6717),#6760,.F.);
#6717 = FACE_BOUND('',#6718,.T.);
#6718 = EDGE_LOOP('',(#6719,#6729,#6737,#6746,#6753));
#6719 = ORIENTED_EDGE('',*,*,#6720,.T.);
#6720 = EDGE_CURVE('',#6721,#6723,#6725,.T.);
#6721 = VERTEX_POINT('',#6722);
#6722 = CARTESIAN_POINT('',(4.475,-5.35,0.2995));
#6723 = VERTEX_POINT('',#6724);
#6724 = CARTESIAN_POINT('',(4.475000000007,-5.35,0.674287543885));
#6725 = LINE('',#6726,#6727);
#6726 = CARTESIAN_POINT('',(4.475,-5.35,21.921422627321));
#6727 = VECTOR('',#6728,1.);
#6728 = DIRECTION('',(3.459511681412E-16,-3.552713678801E-15,1.));
#6729 = ORIENTED_EDGE('',*,*,#6730,.T.);
#6730 = EDGE_CURVE('',#6723,#6731,#6733,.T.);
#6731 = VERTEX_POINT('',#6732);
#6732 = CARTESIAN_POINT('',(4.475,-5.379735873504,0.70402341739));
#6733 = LINE('',#6734,#6735);
#6734 = CARTESIAN_POINT('',(4.475000000014,-5.27500000051,0.599287544396
    ));
#6735 = VECTOR('',#6736,1.);
#6736 = DIRECTION('',(8.834018207901E-17,-0.707106781187,0.707106781187)
  );
#6737 = ORIENTED_EDGE('',*,*,#6738,.F.);
#6738 = EDGE_CURVE('',#6739,#6731,#6741,.T.);
#6739 = VERTEX_POINT('',#6740);
#6740 = CARTESIAN_POINT('',(4.475,-5.405799338441,0.716515460298));
#6741 = CIRCLE('',#6742,1.E-01);
#6742 = AXIS2_PLACEMENT_3D('',#6743,#6744,#6745);
#6743 = CARTESIAN_POINT('',(4.475,-5.35,0.7995));
#6744 = DIRECTION('',(1.,1.249318835986E-16,0.));
#6745 = DIRECTION('',(0.,-0.,-1.));
#6746 = ORIENTED_EDGE('',*,*,#6747,.F.);
#6747 = EDGE_CURVE('',#6748,#6739,#6750,.T.);
#6748 = VERTEX_POINT('',#6749);
#6749 = CARTESIAN_POINT('',(4.475,-5.628996692204,0.38457730149));
#6750 = B_SPLINE_CURVE_WITH_KNOTS('',1,(#6751,#6752),.UNSPECIFIED.,.F.,
  .F.,(2,2),(0.,1.),.PIECEWISE_BEZIER_KNOTS.);
#6751 = CARTESIAN_POINT('',(4.475,-5.628996692204,0.38457730149));
#6752 = CARTESIAN_POINT('',(4.475,-5.405799338441,0.716515460298));
#6753 = ORIENTED_EDGE('',*,*,#6754,.T.);
#6754 = EDGE_CURVE('',#6748,#6721,#6755,.T.);
#6755 = CIRCLE('',#6756,0.5);
#6756 = AXIS2_PLACEMENT_3D('',#6757,#6758,#6759);
#6757 = CARTESIAN_POINT('',(4.475,-5.35,0.7995));
#6758 = DIRECTION('',(1.,1.249318835986E-16,-3.459511681412E-16));
#6759 = DIRECTION('',(3.459511681412E-16,-1.387778780781E-14,1.));
#6760 = PLANE('',#6761);
#6761 = AXIS2_PLACEMENT_3D('',#6762,#6763,#6764);
#6762 = CARTESIAN_POINT('',(4.475,-5.35,0.7995));
#6763 = DIRECTION('',(-1.,-1.249318835986E-16,0.));
#6764 = DIRECTION('',(0.,0.,1.));
#6765 = ADVANCED_FACE('',(#6766),#6811,.F.);
#6766 = FACE_BOUND('',#6767,.T.);
#6767 = EDGE_LOOP('',(#6768,#6779,#6787,#6795,#6804));
#6768 = ORIENTED_EDGE('',*,*,#6769,.F.);
#6769 = EDGE_CURVE('',#6770,#6772,#6774,.T.);
#6770 = VERTEX_POINT('',#6771);
#6771 = CARTESIAN_POINT('',(2.975,-5.379735873504,0.70402341739));
#6772 = VERTEX_POINT('',#6773);
#6773 = CARTESIAN_POINT('',(2.975,-5.405799338441,0.716515460298));
#6774 = CIRCLE('',#6775,1.E-01);
#6775 = AXIS2_PLACEMENT_3D('',#6776,#6777,#6778);
#6776 = CARTESIAN_POINT('',(2.975,-5.35,0.7995));
#6777 = DIRECTION('',(-1.,-1.249318835986E-16,0.));
#6778 = DIRECTION('',(0.,0.,1.));
#6779 = ORIENTED_EDGE('',*,*,#6780,.T.);
#6780 = EDGE_CURVE('',#6770,#6781,#6783,.T.);
#6781 = VERTEX_POINT('',#6782);
#6782 = CARTESIAN_POINT('',(2.974999999992,-5.35,0.674287543885));
#6783 = LINE('',#6784,#6785);
#6784 = CARTESIAN_POINT('',(2.974999999992,-5.27500000051,0.599287544396
    ));
#6785 = VECTOR('',#6786,1.);
#6786 = DIRECTION('',(-8.834018207901E-17,0.707106781187,-0.707106781187
    ));
#6787 = ORIENTED_EDGE('',*,*,#6788,.T.);
#6788 = EDGE_CURVE('',#6781,#6789,#6791,.T.);
#6789 = VERTEX_POINT('',#6790);
#6790 = CARTESIAN_POINT('',(2.975,-5.35,0.2995));
#6791 = LINE('',#6792,#6793);
#6792 = CARTESIAN_POINT('',(2.975,-5.35,21.921422627321));
#6793 = VECTOR('',#6794,1.);
#6794 = DIRECTION('',(-3.459511681412E-16,3.552713678801E-15,-1.));
#6795 = ORIENTED_EDGE('',*,*,#6796,.T.);
#6796 = EDGE_CURVE('',#6789,#6797,#6799,.T.);
#6797 = VERTEX_POINT('',#6798);
#6798 = CARTESIAN_POINT('',(2.975,-5.628996692204,0.38457730149));
#6799 = CIRCLE('',#6800,0.5);
#6800 = AXIS2_PLACEMENT_3D('',#6801,#6802,#6803);
#6801 = CARTESIAN_POINT('',(2.975,-5.35,0.7995));
#6802 = DIRECTION('',(-1.,-1.249318835986E-16,3.459511681412E-16));
#6803 = DIRECTION('',(3.459511681412E-16,4.322033106903E-32,1.));
#6804 = ORIENTED_EDGE('',*,*,#6805,.T.);
#6805 = EDGE_CURVE('',#6797,#6772,#6806,.T.);
#6806 = B_SPLINE_CURVE_WITH_KNOTS('',3,(#6807,#6808,#6809,#6810),
  .UNSPECIFIED.,.F.,.F.,(4,4),(0.,1.),.PIECEWISE_BEZIER_KNOTS.);
#6807 = CARTESIAN_POINT('',(2.975,-5.628996692204,0.38457730149));
#6808 = CARTESIAN_POINT('',(2.975,-5.554597574283,0.495223354426));
#6809 = CARTESIAN_POINT('',(2.975,-5.480198456362,0.605869407362));
#6810 = CARTESIAN_POINT('',(2.975,-5.405799338441,0.716515460298));
#6811 = PLANE('',#6812);
#6812 = AXIS2_PLACEMENT_3D('',#6813,#6814,#6815);
#6813 = CARTESIAN_POINT('',(2.975,-5.35,0.7995));
#6814 = DIRECTION('',(1.,1.249318835986E-16,0.));
#6815 = DIRECTION('',(0.,-0.,-1.));
#6816 = ADVANCED_FACE('',(#6817),#6837,.F.);
#6817 = FACE_BOUND('',#6818,.F.);
#6818 = EDGE_LOOP('',(#6819,#6826,#6827,#6836));
#6819 = ORIENTED_EDGE('',*,*,#6820,.T.);
#6820 = EDGE_CURVE('',#6772,#3202,#6821,.T.);
#6821 = B_SPLINE_CURVE_WITH_KNOTS('',3,(#6822,#6823,#6824,#6825),
  .UNSPECIFIED.,.F.,.F.,(4,4),(0.,1.),.PIECEWISE_BEZIER_KNOTS.);
#6822 = CARTESIAN_POINT('',(2.975,-5.405799338441,0.716515460298));
#6823 = CARTESIAN_POINT('',(3.098455812409,-5.430808736752,0.73333194064
    ));
#6824 = CARTESIAN_POINT('',(3.139524172661,-5.45,0.764382048338));
#6825 = CARTESIAN_POINT('',(3.098205080757,-5.45,0.7995));
#6826 = ORIENTED_EDGE('',*,*,#3297,.T.);
#6827 = ORIENTED_EDGE('',*,*,#6828,.F.);
#6828 = EDGE_CURVE('',#6797,#3289,#6829,.T.);
#6829 = B_SPLINE_CURVE_WITH_KNOTS('',3,(#6830,#6831,#6832,#6833,#6834,
    #6835),.UNSPECIFIED.,.F.,.F.,(4,2,4),(0.,0.5,1.),.UNSPECIFIED.);
#6830 = CARTESIAN_POINT('',(2.975,-5.628996692204,0.38457730149));
#6831 = CARTESIAN_POINT('',(3.036679513468,-5.69147117153,0.426585543366
    ));
#6832 = CARTESIAN_POINT('',(3.07785894937,-5.747152760514,0.484979378501
    ));
#6833 = CARTESIAN_POINT('',(3.118927309622,-5.826521465445,
    0.627509216808));
#6834 = CARTESIAN_POINT('',(3.118906012331,-5.85,0.71152924836));
#6835 = CARTESIAN_POINT('',(3.098205080757,-5.85,0.7995));
#6836 = ORIENTED_EDGE('',*,*,#6805,.T.);
#6837 = B_SPLINE_SURFACE_WITH_KNOTS('',1,3,(
    (#6838,#6839,#6840,#6841,#6842,#6843)
    ,(#6844,#6845,#6846,#6847,#6848,#6849
    )),.UNSPECIFIED.,.F.,.F.,.F.,(2,2),(4,2,4),(0.,1.),(0.,0.5,1.),
  .UNSPECIFIED.);
#6838 = CARTESIAN_POINT('',(2.975,-5.628996692204,0.38457730149));
#6839 = CARTESIAN_POINT('',(3.036679513468,-5.69147117153,0.426585543366
    ));
#6840 = CARTESIAN_POINT('',(3.07785894937,-5.747152760514,0.484979378501
    ));
#6841 = CARTESIAN_POINT('',(3.118927309622,-5.826521465445,
    0.627509216808));
#6842 = CARTESIAN_POINT('',(3.118906012331,-5.85,0.71152924836));
#6843 = CARTESIAN_POINT('',(3.098205080757,-5.85,0.7995));
#6844 = CARTESIAN_POINT('',(2.975,-5.405799338441,0.716515460298));
#6845 = CARTESIAN_POINT('',(3.036723357722,-5.418303116175,
    0.724923080899));
#6846 = CARTESIAN_POINT('',(3.07785894937,-5.429430552103,0.7365958757)
  );
#6847 = CARTESIAN_POINT('',(3.118927309622,-5.445304293089,
    0.765101843362));
#6848 = CARTESIAN_POINT('',(3.118882945099,-5.45,0.78192545499));
#6849 = CARTESIAN_POINT('',(3.098205080757,-5.45,0.7995));
#6850 = ADVANCED_FACE('',(#6851),#6871,.F.);
#6851 = FACE_BOUND('',#6852,.F.);
#6852 = EDGE_LOOP('',(#6853,#6854,#6861,#6862));
#6853 = ORIENTED_EDGE('',*,*,#3322,.T.);
#6854 = ORIENTED_EDGE('',*,*,#6855,.T.);
#6855 = EDGE_CURVE('',#3193,#6739,#6856,.T.);
#6856 = B_SPLINE_CURVE_WITH_KNOTS('',3,(#6857,#6858,#6859,#6860),
  .UNSPECIFIED.,.F.,.F.,(4,4),(0.,1.),.PIECEWISE_BEZIER_KNOTS.);
#6857 = CARTESIAN_POINT('',(4.351794919243,-5.45,0.7995));
#6858 = CARTESIAN_POINT('',(4.392863279495,-5.45,0.766872314743));
#6859 = CARTESIAN_POINT('',(4.433931639748,-5.432875272867,0.73472149282
    ));
#6860 = CARTESIAN_POINT('',(4.475,-5.405799338441,0.716515460298));
#6861 = ORIENTED_EDGE('',*,*,#6747,.F.);
#6862 = ORIENTED_EDGE('',*,*,#6863,.F.);
#6863 = EDGE_CURVE('',#3323,#6748,#6864,.T.);
#6864 = B_SPLINE_CURVE_WITH_KNOTS('',3,(#6865,#6866,#6867,#6868,#6869,
    #6870),.UNSPECIFIED.,.F.,.F.,(4,2,4),(0.,0.5,1.),.UNSPECIFIED.);
#6865 = CARTESIAN_POINT('',(4.351794919243,-5.85,0.7995));
#6866 = CARTESIAN_POINT('',(4.372337457666,-5.85,0.717897584672));
#6867 = CARTESIAN_POINT('',(4.392863279495,-5.829650440076,
    0.636438686786));
#6868 = CARTESIAN_POINT('',(4.433931639748,-5.752957452594,0.49245142415
    ));
#6869 = CARTESIAN_POINT('',(4.454457461577,-5.69671408095,0.430110909394
    ));
#6870 = CARTESIAN_POINT('',(4.475,-5.628996692204,0.38457730149));
#6871 = B_SPLINE_SURFACE_WITH_KNOTS('',1,3,(
    (#6872,#6873,#6874,#6875,#6876,#6877)
    ,(#6878,#6879,#6880,#6881,#6882,#6883
    )),.UNSPECIFIED.,.F.,.F.,.F.,(2,2),(4,2,4),(0.,1.),(0.,0.5,1.),
  .UNSPECIFIED.);
#6872 = CARTESIAN_POINT('',(4.351794919243,-5.85,0.7995));
#6873 = CARTESIAN_POINT('',(4.372337457666,-5.85,0.717897584672));
#6874 = CARTESIAN_POINT('',(4.392863279495,-5.829650440076,
    0.636438686786));
#6875 = CARTESIAN_POINT('',(4.433931639748,-5.752957452594,0.49245142415
    ));
#6876 = CARTESIAN_POINT('',(4.454457461577,-5.69671408095,0.430110909394
    ));
#6877 = CARTESIAN_POINT('',(4.475,-5.628996692204,0.38457730149));
#6878 = CARTESIAN_POINT('',(4.351794919243,-5.45,0.7995));
#6879 = CARTESIAN_POINT('',(4.372332538569,-5.45,0.783183425022));
#6880 = CARTESIAN_POINT('',(4.392863279495,-5.445930088015,
    0.766887737357));
#6881 = CARTESIAN_POINT('',(4.433931639748,-5.430591490519,0.73809028483
    ));
#6882 = CARTESIAN_POINT('',(4.454462380674,-5.419339573082,
    0.725620001192));
#6883 = CARTESIAN_POINT('',(4.475,-5.405799338441,0.716515460298));
#6884 = ADVANCED_FACE('',(#6885),#6898,.F.);
#6885 = FACE_BOUND('',#6886,.F.);
#6886 = EDGE_LOOP('',(#6887,#6888,#6889,#6890,#6891,#6897));
#6887 = ORIENTED_EDGE('',*,*,#6855,.F.);
#6888 = ORIENTED_EDGE('',*,*,#3201,.T.);
#6889 = ORIENTED_EDGE('',*,*,#6820,.F.);
#6890 = ORIENTED_EDGE('',*,*,#6769,.F.);
#6891 = ORIENTED_EDGE('',*,*,#6892,.F.);
#6892 = EDGE_CURVE('',#6731,#6770,#6893,.T.);
#6893 = LINE('',#6894,#6895);
#6894 = CARTESIAN_POINT('',(5.347364354584,-5.379735873504,0.70402341739
    ));
#6895 = VECTOR('',#6896,1.);
#6896 = DIRECTION('',(-1.,-1.249318835986E-16,3.459511681412E-16));
#6897 = ORIENTED_EDGE('',*,*,#6738,.F.);
#6898 = CYLINDRICAL_SURFACE('',#6899,1.E-01);
#6899 = AXIS2_PLACEMENT_3D('',#6900,#6901,#6902);
#6900 = CARTESIAN_POINT('',(5.347364354584,-5.35,0.7995));
#6901 = DIRECTION('',(-1.,-1.249318835986E-16,3.459511681412E-16));
#6902 = DIRECTION('',(3.459511681412E-16,4.322033106903E-32,1.));
#6903 = ADVANCED_FACE('',(#6904),#6917,.T.);
#6904 = FACE_BOUND('',#6905,.T.);
#6905 = EDGE_LOOP('',(#6906,#6907,#6908,#6909,#6915,#6916));
#6906 = ORIENTED_EDGE('',*,*,#4214,.T.);
#6907 = ORIENTED_EDGE('',*,*,#6828,.F.);
#6908 = ORIENTED_EDGE('',*,*,#6796,.F.);
#6909 = ORIENTED_EDGE('',*,*,#6910,.F.);
#6910 = EDGE_CURVE('',#6721,#6789,#6911,.T.);
#6911 = LINE('',#6912,#6913);
#6912 = CARTESIAN_POINT('',(-4.525,-5.35,0.2995));
#6913 = VECTOR('',#6914,1.);
#6914 = DIRECTION('',(-1.,-6.810129478695E-17,3.459511681412E-16));
#6915 = ORIENTED_EDGE('',*,*,#6754,.F.);
#6916 = ORIENTED_EDGE('',*,*,#6863,.F.);
#6917 = CYLINDRICAL_SURFACE('',#6918,0.5);
#6918 = AXIS2_PLACEMENT_3D('',#6919,#6920,#6921);
#6919 = CARTESIAN_POINT('',(5.347364354584,-5.35,0.7995));
#6920 = DIRECTION('',(-1.,-1.249318835986E-16,3.459511681412E-16));
#6921 = DIRECTION('',(3.459511681412E-16,4.322033106903E-32,1.));
#6922 = ADVANCED_FACE('',(#6923),#6937,.F.);
#6923 = FACE_BOUND('',#6924,.F.);
#6924 = EDGE_LOOP('',(#6925,#6926,#6927,#6936));
#6925 = ORIENTED_EDGE('',*,*,#2287,.T.);
#6926 = ORIENTED_EDGE('',*,*,#3088,.T.);
#6927 = ORIENTED_EDGE('',*,*,#6928,.F.);
#6928 = EDGE_CURVE('',#2237,#3080,#6929,.T.);
#6929 = B_SPLINE_CURVE_WITH_KNOTS('',3,(#6930,#6931,#6932,#6933,#6934,
    #6935),.UNSPECIFIED.,.F.,.F.,(4,2,4),(0.,0.5,1.),.UNSPECIFIED.);
#6930 = CARTESIAN_POINT('',(-4.475,-5.628996692204,0.38457730149));
#6931 = CARTESIAN_POINT('',(-4.413320486532,-5.691471171537,
    0.426585543371));
#6932 = CARTESIAN_POINT('',(-4.372141050631,-5.747152760523,
    0.484979378511));
#6933 = CARTESIAN_POINT('',(-4.331072690379,-5.826521465449,
    0.627509216821));
#6934 = CARTESIAN_POINT('',(-4.33109398767,-5.85,0.711529248369));
#6935 = CARTESIAN_POINT('',(-4.351794919243,-5.85,0.7995));
#6936 = ORIENTED_EDGE('',*,*,#2245,.T.);
#6937 = B_SPLINE_SURFACE_WITH_KNOTS('',1,3,(
    (#6938,#6939,#6940,#6941,#6942,#6943)
    ,(#6944,#6945,#6946,#6947,#6948,#6949
    )),.UNSPECIFIED.,.F.,.F.,.F.,(2,2),(4,2,4),(0.,1.),(0.,0.5,1.),
  .UNSPECIFIED.);
#6938 = CARTESIAN_POINT('',(-4.475,-5.628996692204,0.38457730149));
#6939 = CARTESIAN_POINT('',(-4.413320486532,-5.691471171537,
    0.426585543371));
#6940 = CARTESIAN_POINT('',(-4.372141050631,-5.747152760523,
    0.484979378511));
#6941 = CARTESIAN_POINT('',(-4.331072690379,-5.826521465449,
    0.627509216821));
#6942 = CARTESIAN_POINT('',(-4.33109398767,-5.85,0.711529248369));
#6943 = CARTESIAN_POINT('',(-4.351794919243,-5.85,0.7995));
#6944 = CARTESIAN_POINT('',(-4.475,-5.405799338441,0.716515460298));
#6945 = CARTESIAN_POINT('',(-4.413276642279,-5.418303116177,0.7249230809
    ));
#6946 = CARTESIAN_POINT('',(-4.372141050631,-5.429430552105,
    0.736595875702));
#6947 = CARTESIAN_POINT('',(-4.331072690379,-5.44530429309,
    0.765101843364));
#6948 = CARTESIAN_POINT('',(-4.331117054901,-5.45,0.781925454991));
#6949 = CARTESIAN_POINT('',(-4.351794919243,-5.45,0.7995));
#6950 = ADVANCED_FACE('',(#6951),#6965,.F.);
#6951 = FACE_BOUND('',#6952,.F.);
#6952 = EDGE_LOOP('',(#6953,#6954,#6955,#6956));
#6953 = ORIENTED_EDGE('',*,*,#3127,.T.);
#6954 = ORIENTED_EDGE('',*,*,#2270,.T.);
#6955 = ORIENTED_EDGE('',*,*,#2188,.F.);
#6956 = ORIENTED_EDGE('',*,*,#6957,.F.);
#6957 = EDGE_CURVE('',#3128,#2189,#6958,.T.);
#6958 = B_SPLINE_CURVE_WITH_KNOTS('',3,(#6959,#6960,#6961,#6962,#6963,
    #6964),.UNSPECIFIED.,.F.,.F.,(4,2,4),(0.,0.5,1.),.UNSPECIFIED.);
#6959 = CARTESIAN_POINT('',(-3.098205080757,-5.85,0.7995));
#6960 = CARTESIAN_POINT('',(-3.077662542334,-5.85,0.717897584672));
#6961 = CARTESIAN_POINT('',(-3.057136720505,-5.829650440076,
    0.636438686786));
#6962 = CARTESIAN_POINT('',(-3.016068360252,-5.752957452594,
    0.49245142415));
#6963 = CARTESIAN_POINT('',(-2.995542538423,-5.69671408095,
    0.430110909394));
#6964 = CARTESIAN_POINT('',(-2.975,-5.628996692204,0.38457730149));
#6965 = B_SPLINE_SURFACE_WITH_KNOTS('',1,3,(
    (#6966,#6967,#6968,#6969,#6970,#6971)
    ,(#6972,#6973,#6974,#6975,#6976,#6977
    )),.UNSPECIFIED.,.F.,.F.,.F.,(2,2),(4,2,4),(0.,1.),(0.,0.5,1.),
  .UNSPECIFIED.);
#6966 = CARTESIAN_POINT('',(-3.098205080757,-5.85,0.7995));
#6967 = CARTESIAN_POINT('',(-3.077662542334,-5.85,0.717897584672));
#6968 = CARTESIAN_POINT('',(-3.057136720505,-5.829650440076,
    0.636438686786));
#6969 = CARTESIAN_POINT('',(-3.016068360252,-5.752957452594,
    0.49245142415));
#6970 = CARTESIAN_POINT('',(-2.995542538423,-5.69671408095,
    0.430110909394));
#6971 = CARTESIAN_POINT('',(-2.975,-5.628996692204,0.38457730149));
#6972 = CARTESIAN_POINT('',(-3.098205080757,-5.45,0.7995));
#6973 = CARTESIAN_POINT('',(-3.077667461431,-5.45,0.783183425022));
#6974 = CARTESIAN_POINT('',(-3.057136720505,-5.445930088015,
    0.766887737357));
#6975 = CARTESIAN_POINT('',(-3.016068360252,-5.430591490519,
    0.73809028483));
#6976 = CARTESIAN_POINT('',(-2.995537619326,-5.419339573082,
    0.725620001192));
#6977 = CARTESIAN_POINT('',(-2.975,-5.405799338441,0.716515460298));
#6978 = ADVANCED_FACE('',(#6979),#6992,.T.);
#6979 = FACE_BOUND('',#6980,.T.);
#6980 = EDGE_LOOP('',(#6981,#6982,#6983,#6984,#6990,#6991));
#6981 = ORIENTED_EDGE('',*,*,#4194,.T.);
#6982 = ORIENTED_EDGE('',*,*,#6928,.F.);
#6983 = ORIENTED_EDGE('',*,*,#2236,.F.);
#6984 = ORIENTED_EDGE('',*,*,#6985,.F.);
#6985 = EDGE_CURVE('',#2196,#2229,#6986,.T.);
#6986 = LINE('',#6987,#6988);
#6987 = CARTESIAN_POINT('',(-4.525,-5.35,0.2995));
#6988 = VECTOR('',#6989,1.);
#6989 = DIRECTION('',(-1.,7.992604432015E-16,3.459511681412E-16));
#6990 = ORIENTED_EDGE('',*,*,#2195,.F.);
#6991 = ORIENTED_EDGE('',*,*,#6957,.F.);
#6992 = CYLINDRICAL_SURFACE('',#6993,0.5);
#6993 = AXIS2_PLACEMENT_3D('',#6994,#6995,#6996);
#6994 = CARTESIAN_POINT('',(-2.102635645416,-5.35,0.7995));
#6995 = DIRECTION('',(-1.,-1.249318835986E-16,-1.037853504423E-15));
#6996 = DIRECTION('',(-1.037853504423E-15,-2.847777735218E-31,1.));
#6997 = ADVANCED_FACE('',(#6998),#7032,.F.);
#6998 = FACE_BOUND('',#6999,.T.);
#6999 = EDGE_LOOP('',(#7000,#7010,#7018,#7026));
#7000 = ORIENTED_EDGE('',*,*,#7001,.F.);
#7001 = EDGE_CURVE('',#7002,#7004,#7006,.T.);
#7002 = VERTEX_POINT('',#7003);
#7003 = CARTESIAN_POINT('',(3.875,-3.421238898038,0.686708698275));
#7004 = VERTEX_POINT('',#7005);
#7005 = CARTESIAN_POINT('',(2.974999999996,-4.321238898038,
    0.644265775685));
#7006 = LINE('',#7007,#7008);
#7007 = CARTESIAN_POINT('',(-2.497202392712E+05,-2.497275355101E+05,
    -1.177600356997E+04));
#7008 = VECTOR('',#7009,1.);
#7009 = DIRECTION('',(-0.70671396575,-0.70671396575,-3.332778460158E-02)
  );
#7010 = ORIENTED_EDGE('',*,*,#7011,.T.);
#7011 = EDGE_CURVE('',#7002,#7012,#7014,.T.);
#7012 = VERTEX_POINT('',#7013);
#7013 = CARTESIAN_POINT('',(3.875,-3.421238898038,0.2995));
#7014 = LINE('',#7015,#7016);
#7015 = CARTESIAN_POINT('',(3.875,-3.421238898039,21.921422627321));
#7016 = VECTOR('',#7017,1.);
#7017 = DIRECTION('',(-3.459511681412E-16,3.491481338843E-15,-1.));
#7018 = ORIENTED_EDGE('',*,*,#7019,.T.);
#7019 = EDGE_CURVE('',#7012,#7020,#7022,.T.);
#7020 = VERTEX_POINT('',#7021);
#7021 = CARTESIAN_POINT('',(2.975,-4.321238898038,0.2995));
#7022 = LINE('',#7023,#7024);
#7023 = CARTESIAN_POINT('',(2.975,-4.321238898038,0.2995));
#7024 = VECTOR('',#7025,1.);
#7025 = DIRECTION('',(-0.707106781187,-0.707106781187,
    -2.112713465644E-15));
#7026 = ORIENTED_EDGE('',*,*,#7027,.F.);
#7027 = EDGE_CURVE('',#7004,#7020,#7028,.T.);
#7028 = LINE('',#7029,#7030);
#7029 = CARTESIAN_POINT('',(2.975,-4.321238898039,21.921422627321));
#7030 = VECTOR('',#7031,1.);
#7031 = DIRECTION('',(-3.459511681412E-16,3.491481338843E-15,-1.));
#7032 = PLANE('',#7033);
#7033 = AXIS2_PLACEMENT_3D('',#7034,#7035,#7036);
#7034 = CARTESIAN_POINT('',(2.975,-4.321238898039,21.921422627321));
#7035 = DIRECTION('',(0.707106781187,-0.707106781187,-2.713474548034E-15
    ));
#7036 = DIRECTION('',(0.707106781187,0.707106781187,2.180927911318E-15)
  );
#7037 = ADVANCED_FACE('',(#7038),#7063,.F.);
#7038 = FACE_BOUND('',#7039,.T.);
#7039 = EDGE_LOOP('',(#7040,#7048,#7056,#7062));
#7040 = ORIENTED_EDGE('',*,*,#7041,.F.);
#7041 = EDGE_CURVE('',#7042,#7002,#7044,.T.);
#7042 = VERTEX_POINT('',#7043);
#7043 = CARTESIAN_POINT('',(4.074999999943,-3.421238898019,
    0.686708698278));
#7044 = LINE('',#7045,#7046);
#7045 = CARTESIAN_POINT('',(-5.E+05,-3.421238897849,0.686708698335));
#7046 = VECTOR('',#7047,1.);
#7047 = DIRECTION('',(-1.,3.787214187222E-16,1.199957838033E-16));
#7048 = ORIENTED_EDGE('',*,*,#7049,.T.);
#7049 = EDGE_CURVE('',#7042,#7050,#7052,.T.);
#7050 = VERTEX_POINT('',#7051);
#7051 = CARTESIAN_POINT('',(4.075,-3.421238898038,0.2995));
#7052 = LINE('',#7053,#7054);
#7053 = CARTESIAN_POINT('',(4.075,-3.421238898039,21.921422627321));
#7054 = VECTOR('',#7055,1.);
#7055 = DIRECTION('',(-3.459511681412E-16,3.491481338843E-15,-1.));
#7056 = ORIENTED_EDGE('',*,*,#7057,.T.);
#7057 = EDGE_CURVE('',#7050,#7012,#7058,.T.);
#7058 = LINE('',#7059,#7060);
#7059 = CARTESIAN_POINT('',(3.875,-3.421238898038,0.2995));
#7060 = VECTOR('',#7061,1.);
#7061 = DIRECTION('',(-1.,3.787214187222E-16,5.036533023209E-16));
#7062 = ORIENTED_EDGE('',*,*,#7011,.F.);
#7063 = PLANE('',#7064);
#7064 = AXIS2_PLACEMENT_3D('',#7065,#7066,#7067);
#7065 = CARTESIAN_POINT('',(3.875,-3.421238898039,21.921422627321));
#7066 = DIRECTION('',(-3.787214187222E-16,-1.,-3.491481338843E-15));
#7067 = DIRECTION('',(1.,-3.787214187222E-16,-3.459511681412E-16));
#7068 = ADVANCED_FACE('',(#7069),#7094,.F.);
#7069 = FACE_BOUND('',#7070,.T.);
#7070 = EDGE_LOOP('',(#7071,#7079,#7087,#7093));
#7071 = ORIENTED_EDGE('',*,*,#7072,.F.);
#7072 = EDGE_CURVE('',#7073,#7042,#7075,.T.);
#7073 = VERTEX_POINT('',#7074);
#7074 = CARTESIAN_POINT('',(4.475000000007,-3.821238898038,
    0.667845177124));
#7075 = LINE('',#7076,#7077);
#7076 = CARTESIAN_POINT('',(-2.497204107003E+05,2.497210644614E+05,
    1.177739450352E+04));
#7077 = VECTOR('',#7078,1.);
#7078 = DIRECTION('',(-0.70671396575,0.70671396575,3.332778460159E-02));
#7079 = ORIENTED_EDGE('',*,*,#7080,.T.);
#7080 = EDGE_CURVE('',#7073,#7081,#7083,.T.);
#7081 = VERTEX_POINT('',#7082);
#7082 = CARTESIAN_POINT('',(4.475,-3.821238898038,0.2995));
#7083 = LINE('',#7084,#7085);
#7084 = CARTESIAN_POINT('',(4.475,-3.821238898039,21.921422627321));
#7085 = VECTOR('',#7086,1.);
#7086 = DIRECTION('',(-3.459511681412E-16,3.491481338843E-15,-1.));
#7087 = ORIENTED_EDGE('',*,*,#7088,.T.);
#7088 = EDGE_CURVE('',#7081,#7050,#7089,.T.);
#7089 = LINE('',#7090,#7091);
#7090 = CARTESIAN_POINT('',(4.075,-3.421238898038,0.2995));
#7091 = VECTOR('',#7092,1.);
#7092 = DIRECTION('',(-0.707106781187,0.707106781187,2.82498679652E-15)
  );
#7093 = ORIENTED_EDGE('',*,*,#7049,.F.);
#7094 = PLANE('',#7095);
#7095 = AXIS2_PLACEMENT_3D('',#7096,#7097,#7098);
#7096 = CARTESIAN_POINT('',(4.075,-3.421238898039,21.921422627321));
#7097 = DIRECTION('',(-0.707106781187,-0.707106781187,-2.22422571413E-15
    ));
#7098 = DIRECTION('',(0.707106781187,-0.707106781187,-2.670176745223E-15
    ));
#7099 = ADVANCED_FACE('',(#7100),#7124,.F.);
#7100 = FACE_BOUND('',#7101,.T.);
#7101 = EDGE_LOOP('',(#7102,#7110,#7116,#7117,#7123));
#7102 = ORIENTED_EDGE('',*,*,#7103,.F.);
#7103 = EDGE_CURVE('',#7104,#7073,#7106,.T.);
#7104 = VERTEX_POINT('',#7105);
#7105 = CARTESIAN_POINT('',(4.475000000014,-5.275,0.599287543885));
#7106 = LINE('',#7107,#7108);
#7107 = CARTESIAN_POINT('',(4.475000000014,-3.15000000077,0.699499999964
    ));
#7108 = VECTOR('',#7109,1.);
#7109 = DIRECTION('',(-6.209015666993E-16,0.998889874962,
    4.710645070964E-02));
#7110 = ORIENTED_EDGE('',*,*,#7111,.F.);
#7111 = EDGE_CURVE('',#6723,#7104,#7112,.T.);
#7112 = LINE('',#7113,#7114);
#7113 = CARTESIAN_POINT('',(4.475000000014,-5.275000000295,
    0.599287544181));
#7114 = VECTOR('',#7115,1.);
#7115 = DIRECTION('',(-6.956922549548E-16,0.707106781187,-0.707106781187
    ));
#7116 = ORIENTED_EDGE('',*,*,#6720,.F.);
#7117 = ORIENTED_EDGE('',*,*,#7118,.T.);
#7118 = EDGE_CURVE('',#6721,#7081,#7119,.T.);
#7119 = LINE('',#7120,#7121);
#7120 = CARTESIAN_POINT('',(4.475,-3.821238898038,0.2995));
#7121 = VECTOR('',#7122,1.);
#7122 = DIRECTION('',(-6.379062540539E-16,1.,3.491481338843E-15));
#7123 = ORIENTED_EDGE('',*,*,#7080,.F.);
#7124 = PLANE('',#7125);
#7125 = AXIS2_PLACEMENT_3D('',#7126,#7127,#7128);
#7126 = CARTESIAN_POINT('',(4.475,-3.821238898039,21.921422627321));
#7127 = DIRECTION('',(-1.,-6.379062540539E-16,3.459511681412E-16));
#7128 = DIRECTION('',(6.379062540539E-16,-1.,-3.430248998886E-15));
#7129 = ADVANCED_FACE('',(#7130),#7143,.T.);
#7130 = FACE_BOUND('',#7131,.T.);
#7131 = EDGE_LOOP('',(#7132,#7133,#7134,#7140,#7141,#7142));
#7132 = ORIENTED_EDGE('',*,*,#7118,.F.);
#7133 = ORIENTED_EDGE('',*,*,#6910,.T.);
#7134 = ORIENTED_EDGE('',*,*,#7135,.F.);
#7135 = EDGE_CURVE('',#7020,#6789,#7136,.T.);
#7136 = LINE('',#7137,#7138);
#7137 = CARTESIAN_POINT('',(2.975,-5.527589730728,0.2995));
#7138 = VECTOR('',#7139,1.);
#7139 = DIRECTION('',(-1.097717679582E-15,-1.,-3.491481338843E-15));
#7140 = ORIENTED_EDGE('',*,*,#7019,.F.);
#7141 = ORIENTED_EDGE('',*,*,#7057,.F.);
#7142 = ORIENTED_EDGE('',*,*,#7088,.F.);
#7143 = PLANE('',#7144);
#7144 = AXIS2_PLACEMENT_3D('',#7145,#7146,#7147);
#7145 = CARTESIAN_POINT('',(-4.525,-5.721238898038,0.2995));
#7146 = DIRECTION('',(-3.459511681412E-16,3.491481338843E-15,-1.));
#7147 = DIRECTION('',(1.,-3.787214187222E-16,-3.459511681412E-16));
#7148 = ADVANCED_FACE('',(#7149),#7168,.F.);
#7149 = FACE_BOUND('',#7150,.T.);
#7150 = EDGE_LOOP('',(#7151,#7159,#7160,#7161,#7162));
#7151 = ORIENTED_EDGE('',*,*,#7152,.F.);
#7152 = EDGE_CURVE('',#7004,#7153,#7155,.T.);
#7153 = VERTEX_POINT('',#7154);
#7154 = CARTESIAN_POINT('',(2.974999999992,-5.275,0.599287543885));
#7155 = LINE('',#7156,#7157);
#7156 = CARTESIAN_POINT('',(2.974999999992,-3.150000001636,
    0.699499999923));
#7157 = VECTOR('',#7158,1.);
#7158 = DIRECTION('',(-1.112795607351E-15,-0.998889874962,
    -4.710645070964E-02));
#7159 = ORIENTED_EDGE('',*,*,#7027,.T.);
#7160 = ORIENTED_EDGE('',*,*,#7135,.T.);
#7161 = ORIENTED_EDGE('',*,*,#6788,.F.);
#7162 = ORIENTED_EDGE('',*,*,#7163,.F.);
#7163 = EDGE_CURVE('',#7153,#6781,#7164,.T.);
#7164 = LINE('',#7165,#7166);
#7165 = CARTESIAN_POINT('',(2.974999999992,-5.275000000729,
    0.599287544615));
#7166 = VECTOR('',#7167,1.);
#7167 = DIRECTION('',(-5.315791981085E-16,-0.707106781187,0.707106781187
    ));
#7168 = PLANE('',#7169);
#7169 = AXIS2_PLACEMENT_3D('',#7170,#7171,#7172);
#7170 = CARTESIAN_POINT('',(2.975,-5.527589730728,21.921422627321));
#7171 = DIRECTION('',(1.,-1.097717679582E-15,-3.459511681412E-16));
#7172 = DIRECTION('',(1.097717679582E-15,1.,3.430248998886E-15));
#7173 = ADVANCED_FACE('',(#7174),#7182,.T.);
#7174 = FACE_BOUND('',#7175,.T.);
#7175 = EDGE_LOOP('',(#7176,#7177,#7178,#7179,#7180,#7181));
#7176 = ORIENTED_EDGE('',*,*,#2325,.F.);
#7177 = ORIENTED_EDGE('',*,*,#6985,.T.);
#7178 = ORIENTED_EDGE('',*,*,#2354,.F.);
#7179 = ORIENTED_EDGE('',*,*,#2093,.F.);
#7180 = ORIENTED_EDGE('',*,*,#2124,.F.);
#7181 = ORIENTED_EDGE('',*,*,#2155,.F.);
#7182 = PLANE('',#7183);
#7183 = AXIS2_PLACEMENT_3D('',#7184,#7185,#7186);
#7184 = CARTESIAN_POINT('',(-4.525,-5.721238898038,0.2995));
#7185 = DIRECTION('',(-3.459511681412E-16,3.491481338843E-15,-1.));
#7186 = DIRECTION('',(1.,-3.787214187222E-16,-3.459511681412E-16));
#7187 = ADVANCED_FACE('',(#7188),#7233,.F.);
#7188 = FACE_BOUND('',#7189,.T.);
#7189 = EDGE_LOOP('',(#7190,#7201,#7209,#7217,#7226));
#7190 = ORIENTED_EDGE('',*,*,#7191,.F.);
#7191 = EDGE_CURVE('',#7192,#7194,#7196,.T.);
#7192 = VERTEX_POINT('',#7193);
#7193 = CARTESIAN_POINT('',(-2.975,5.379735873504,0.70402341739));
#7194 = VERTEX_POINT('',#7195);
#7195 = CARTESIAN_POINT('',(-2.975,5.405799338441,0.716515460298));
#7196 = CIRCLE('',#7197,1.E-01);
#7197 = AXIS2_PLACEMENT_3D('',#7198,#7199,#7200);
#7198 = CARTESIAN_POINT('',(-2.975,5.35,0.7995));
#7199 = DIRECTION('',(1.,1.249318835986E-16,-0.));
#7200 = DIRECTION('',(0.,0.,1.));
#7201 = ORIENTED_EDGE('',*,*,#7202,.T.);
#7202 = EDGE_CURVE('',#7192,#7203,#7205,.T.);
#7203 = VERTEX_POINT('',#7204);
#7204 = CARTESIAN_POINT('',(-2.974999999992,5.35,0.674287543885));
#7205 = LINE('',#7206,#7207);
#7206 = CARTESIAN_POINT('',(-2.974999999992,5.27500000051,0.599287544396
    ));
#7207 = VECTOR('',#7208,1.);
#7208 = DIRECTION('',(8.834018207901E-17,-0.707106781187,-0.707106781187
    ));
#7209 = ORIENTED_EDGE('',*,*,#7210,.T.);
#7210 = EDGE_CURVE('',#7203,#7211,#7213,.T.);
#7211 = VERTEX_POINT('',#7212);
#7212 = CARTESIAN_POINT('',(-2.975,5.35,0.2995));
#7213 = LINE('',#7214,#7215);
#7214 = CARTESIAN_POINT('',(-2.975,5.35,21.921422627321));
#7215 = VECTOR('',#7216,1.);
#7216 = DIRECTION('',(1.037853504423E-15,-3.552713678801E-15,-1.));
#7217 = ORIENTED_EDGE('',*,*,#7218,.T.);
#7218 = EDGE_CURVE('',#7211,#7219,#7221,.T.);
#7219 = VERTEX_POINT('',#7220);
#7220 = CARTESIAN_POINT('',(-2.975,5.628996692204,0.38457730149));
#7221 = CIRCLE('',#7222,0.5);
#7222 = AXIS2_PLACEMENT_3D('',#7223,#7224,#7225);
#7223 = CARTESIAN_POINT('',(-2.975,5.35,0.7995));
#7224 = DIRECTION('',(1.,1.249318835986E-16,1.037853504423E-15));
#7225 = DIRECTION('',(1.037853504423E-15,2.847777735218E-31,-1.));
#7226 = ORIENTED_EDGE('',*,*,#7227,.T.);
#7227 = EDGE_CURVE('',#7219,#7194,#7228,.T.);
#7228 = B_SPLINE_CURVE_WITH_KNOTS('',3,(#7229,#7230,#7231,#7232),
  .UNSPECIFIED.,.F.,.F.,(4,4),(0.,1.),.PIECEWISE_BEZIER_KNOTS.);
#7229 = CARTESIAN_POINT('',(-2.975,5.628996692204,0.38457730149));
#7230 = CARTESIAN_POINT('',(-2.975,5.554597574283,0.495223354426));
#7231 = CARTESIAN_POINT('',(-2.975,5.480198456362,0.605869407362));
#7232 = CARTESIAN_POINT('',(-2.975,5.405799338441,0.716515460298));
#7233 = PLANE('',#7234);
#7234 = AXIS2_PLACEMENT_3D('',#7235,#7236,#7237);
#7235 = CARTESIAN_POINT('',(-2.975,5.35,0.7995));
#7236 = DIRECTION('',(-1.,-1.249318835986E-16,0.));
#7237 = DIRECTION('',(0.,0.,1.));
#7238 = ADVANCED_FACE('',(#7239),#7259,.F.);
#7239 = FACE_BOUND('',#7240,.F.);
#7240 = EDGE_LOOP('',(#7241,#7248,#7249,#7258));
#7241 = ORIENTED_EDGE('',*,*,#7242,.T.);
#7242 = EDGE_CURVE('',#7194,#3013,#7243,.T.);
#7243 = B_SPLINE_CURVE_WITH_KNOTS('',3,(#7244,#7245,#7246,#7247),
  .UNSPECIFIED.,.F.,.F.,(4,4),(0.,1.),.PIECEWISE_BEZIER_KNOTS.);
#7244 = CARTESIAN_POINT('',(-2.975,5.405799338441,0.716515460298));
#7245 = CARTESIAN_POINT('',(-3.016068360252,5.432875272867,0.73472149282
    ));
#7246 = CARTESIAN_POINT('',(-3.057136720505,5.45,0.766872314743));
#7247 = CARTESIAN_POINT('',(-3.098205080757,5.45,0.7995));
#7248 = ORIENTED_EDGE('',*,*,#3012,.T.);
#7249 = ORIENTED_EDGE('',*,*,#7250,.F.);
#7250 = EDGE_CURVE('',#7219,#2916,#7251,.T.);
#7251 = B_SPLINE_CURVE_WITH_KNOTS('',3,(#7252,#7253,#7254,#7255,#7256,
    #7257),.UNSPECIFIED.,.F.,.F.,(4,2,4),(0.,0.5,1.),.UNSPECIFIED.);
#7252 = CARTESIAN_POINT('',(-2.975,5.628996692204,0.38457730149));
#7253 = CARTESIAN_POINT('',(-2.995542538423,5.69671408095,0.430110909394
    ));
#7254 = CARTESIAN_POINT('',(-3.016068360252,5.752957452594,0.49245142415
    ));
#7255 = CARTESIAN_POINT('',(-3.057136720505,5.829650440076,
    0.636438686786));
#7256 = CARTESIAN_POINT('',(-3.077662542334,5.85,0.717897584672));
#7257 = CARTESIAN_POINT('',(-3.098205080757,5.85,0.7995));
#7258 = ORIENTED_EDGE('',*,*,#7227,.T.);
#7259 = B_SPLINE_SURFACE_WITH_KNOTS('',1,3,(
    (#7260,#7261,#7262,#7263,#7264,#7265)
    ,(#7266,#7267,#7268,#7269,#7270,#7271
    )),.UNSPECIFIED.,.F.,.F.,.F.,(2,2),(4,2,4),(0.,1.),(0.,0.5,1.),
  .UNSPECIFIED.);
#7260 = CARTESIAN_POINT('',(-2.975,5.628996692204,0.38457730149));
#7261 = CARTESIAN_POINT('',(-2.995542538423,5.69671408095,0.430110909394
    ));
#7262 = CARTESIAN_POINT('',(-3.016068360252,5.752957452594,0.49245142415
    ));
#7263 = CARTESIAN_POINT('',(-3.057136720505,5.829650440076,
    0.636438686786));
#7264 = CARTESIAN_POINT('',(-3.077662542334,5.85,0.717897584672));
#7265 = CARTESIAN_POINT('',(-3.098205080757,5.85,0.7995));
#7266 = CARTESIAN_POINT('',(-2.975,5.405799338441,0.716515460298));
#7267 = CARTESIAN_POINT('',(-2.995537619326,5.419339573082,
    0.725620001192));
#7268 = CARTESIAN_POINT('',(-3.016068360252,5.430591490519,0.73809028483
    ));
#7269 = CARTESIAN_POINT('',(-3.057136720505,5.445930088015,
    0.766887737357));
#7270 = CARTESIAN_POINT('',(-3.077667461431,5.45,0.783183425022));
#7271 = CARTESIAN_POINT('',(-3.098205080757,5.45,0.7995));
#7272 = ADVANCED_FACE('',(#7273),#7301,.F.);
#7273 = FACE_BOUND('',#7274,.F.);
#7274 = EDGE_LOOP('',(#7275,#7284,#7291,#7300));
#7275 = ORIENTED_EDGE('',*,*,#7276,.T.);
#7276 = EDGE_CURVE('',#3045,#7277,#7279,.T.);
#7277 = VERTEX_POINT('',#7278);
#7278 = CARTESIAN_POINT('',(-4.475,5.405799338441,0.716515460298));
#7279 = B_SPLINE_CURVE_WITH_KNOTS('',3,(#7280,#7281,#7282,#7283),
  .UNSPECIFIED.,.F.,.F.,(4,4),(0.,1.),.PIECEWISE_BEZIER_KNOTS.);
#7280 = CARTESIAN_POINT('',(-4.351794919243,5.45,0.7995));
#7281 = CARTESIAN_POINT('',(-4.310475827341,5.45,0.764382048341));
#7282 = CARTESIAN_POINT('',(-4.351544187593,5.430808736755,
    0.733331940642));
#7283 = CARTESIAN_POINT('',(-4.475,5.405799338441,0.716515460298));
#7284 = ORIENTED_EDGE('',*,*,#7285,.F.);
#7285 = EDGE_CURVE('',#7286,#7277,#7288,.T.);
#7286 = VERTEX_POINT('',#7287);
#7287 = CARTESIAN_POINT('',(-4.475,5.628996692204,0.38457730149));
#7288 = B_SPLINE_CURVE_WITH_KNOTS('',1,(#7289,#7290),.UNSPECIFIED.,.F.,
  .F.,(2,2),(0.,1.),.PIECEWISE_BEZIER_KNOTS.);
#7289 = CARTESIAN_POINT('',(-4.475,5.628996692204,0.38457730149));
#7290 = CARTESIAN_POINT('',(-4.475,5.405799338441,0.716515460298));
#7291 = ORIENTED_EDGE('',*,*,#7292,.F.);
#7292 = EDGE_CURVE('',#2925,#7286,#7293,.T.);
#7293 = B_SPLINE_CURVE_WITH_KNOTS('',3,(#7294,#7295,#7296,#7297,#7298,
    #7299),.UNSPECIFIED.,.F.,.F.,(4,2,4),(0.,0.5,1.),.UNSPECIFIED.);
#7294 = CARTESIAN_POINT('',(-4.351794919243,5.85,0.7995));
#7295 = CARTESIAN_POINT('',(-4.33109398767,5.85,0.711529248368));
#7296 = CARTESIAN_POINT('',(-4.33107269038,5.826521465449,0.62750921682)
  );
#7297 = CARTESIAN_POINT('',(-4.372141050632,5.747152760522,0.48497937851
    ));
#7298 = CARTESIAN_POINT('',(-4.413320486533,5.691471171537,
    0.426585543371));
#7299 = CARTESIAN_POINT('',(-4.475,5.628996692204,0.38457730149));
#7300 = ORIENTED_EDGE('',*,*,#3053,.T.);
#7301 = B_SPLINE_SURFACE_WITH_KNOTS('',1,3,(
    (#7302,#7303,#7304,#7305,#7306,#7307)
    ,(#7308,#7309,#7310,#7311,#7312,#7313
    )),.UNSPECIFIED.,.F.,.F.,.F.,(2,2),(4,2,4),(0.,1.),(0.,0.5,1.),
  .UNSPECIFIED.);
#7302 = CARTESIAN_POINT('',(-4.351794919243,5.85,0.7995));
#7303 = CARTESIAN_POINT('',(-4.33109398767,5.85,0.711529248368));
#7304 = CARTESIAN_POINT('',(-4.33107269038,5.826521465449,0.62750921682)
  );
#7305 = CARTESIAN_POINT('',(-4.372141050632,5.747152760522,0.48497937851
    ));
#7306 = CARTESIAN_POINT('',(-4.413320486533,5.691471171537,
    0.426585543371));
#7307 = CARTESIAN_POINT('',(-4.475,5.628996692204,0.38457730149));
#7308 = CARTESIAN_POINT('',(-4.351794919243,5.45,0.7995));
#7309 = CARTESIAN_POINT('',(-4.331117054902,5.45,0.781925454991));
#7310 = CARTESIAN_POINT('',(-4.33107269038,5.44530429309,0.765101843364)
  );
#7311 = CARTESIAN_POINT('',(-4.372141050632,5.429430552104,
    0.736595875702));
#7312 = CARTESIAN_POINT('',(-4.413276642279,5.418303116177,0.7249230809)
  );
#7313 = CARTESIAN_POINT('',(-4.475,5.405799338441,0.716515460298));
#7314 = ADVANCED_FACE('',(#7315),#7350,.F.);
#7315 = FACE_BOUND('',#7316,.T.);
#7316 = EDGE_LOOP('',(#7317,#7327,#7335,#7342,#7343));
#7317 = ORIENTED_EDGE('',*,*,#7318,.T.);
#7318 = EDGE_CURVE('',#7319,#7321,#7323,.T.);
#7319 = VERTEX_POINT('',#7320);
#7320 = CARTESIAN_POINT('',(-4.475,5.35,0.2995));
#7321 = VERTEX_POINT('',#7322);
#7322 = CARTESIAN_POINT('',(-4.475000000007,5.35,0.674287543885));
#7323 = LINE('',#7324,#7325);
#7324 = CARTESIAN_POINT('',(-4.475,5.35,21.921422627321));
#7325 = VECTOR('',#7326,1.);
#7326 = DIRECTION('',(-1.037853504423E-15,3.552713678801E-15,1.));
#7327 = ORIENTED_EDGE('',*,*,#7328,.T.);
#7328 = EDGE_CURVE('',#7321,#7329,#7331,.T.);
#7329 = VERTEX_POINT('',#7330);
#7330 = CARTESIAN_POINT('',(-4.475,5.379735873504,0.70402341739));
#7331 = LINE('',#7332,#7333);
#7332 = CARTESIAN_POINT('',(-4.475000000014,5.27500000051,0.599287544396
    ));
#7333 = VECTOR('',#7334,1.);
#7334 = DIRECTION('',(-8.834018207901E-17,0.707106781187,0.707106781187)
  );
#7335 = ORIENTED_EDGE('',*,*,#7336,.F.);
#7336 = EDGE_CURVE('',#7277,#7329,#7337,.T.);
#7337 = CIRCLE('',#7338,1.E-01);
#7338 = AXIS2_PLACEMENT_3D('',#7339,#7340,#7341);
#7339 = CARTESIAN_POINT('',(-4.475,5.35,0.7995));
#7340 = DIRECTION('',(-1.,-1.249318835986E-16,0.));
#7341 = DIRECTION('',(0.,-0.,-1.));
#7342 = ORIENTED_EDGE('',*,*,#7285,.F.);
#7343 = ORIENTED_EDGE('',*,*,#7344,.T.);
#7344 = EDGE_CURVE('',#7286,#7319,#7345,.T.);
#7345 = CIRCLE('',#7346,0.5);
#7346 = AXIS2_PLACEMENT_3D('',#7347,#7348,#7349);
#7347 = CARTESIAN_POINT('',(-4.475,5.35,0.7995));
#7348 = DIRECTION('',(-1.,-1.249318835986E-16,-1.037853504423E-15));
#7349 = DIRECTION('',(1.037853504423E-15,-6.938893903907E-15,-1.));
#7350 = PLANE('',#7351);
#7351 = AXIS2_PLACEMENT_3D('',#7352,#7353,#7354);
#7352 = CARTESIAN_POINT('',(-4.475,5.35,0.7995));
#7353 = DIRECTION('',(1.,1.249318835986E-16,0.));
#7354 = DIRECTION('',(0.,-0.,-1.));
#7355 = ADVANCED_FACE('',(#7356),#7369,.F.);
#7356 = FACE_BOUND('',#7357,.F.);
#7357 = EDGE_LOOP('',(#7358,#7359,#7360,#7361,#7362,#7368));
#7358 = ORIENTED_EDGE('',*,*,#7276,.F.);
#7359 = ORIENTED_EDGE('',*,*,#4558,.F.);
#7360 = ORIENTED_EDGE('',*,*,#7242,.F.);
#7361 = ORIENTED_EDGE('',*,*,#7191,.F.);
#7362 = ORIENTED_EDGE('',*,*,#7363,.F.);
#7363 = EDGE_CURVE('',#7329,#7192,#7364,.T.);
#7364 = LINE('',#7365,#7366);
#7365 = CARTESIAN_POINT('',(-5.347364354584,5.379735873504,0.70402341739
    ));
#7366 = VECTOR('',#7367,1.);
#7367 = DIRECTION('',(1.,1.249318835986E-16,1.037853504423E-15));
#7368 = ORIENTED_EDGE('',*,*,#7336,.F.);
#7369 = CYLINDRICAL_SURFACE('',#7370,1.E-01);
#7370 = AXIS2_PLACEMENT_3D('',#7371,#7372,#7373);
#7371 = CARTESIAN_POINT('',(-5.347364354584,5.35,0.7995));
#7372 = DIRECTION('',(1.,1.249318835986E-16,1.037853504423E-15));
#7373 = DIRECTION('',(1.037853504423E-15,1.296609932071E-31,-1.));
#7374 = ADVANCED_FACE('',(#7375),#7388,.T.);
#7375 = FACE_BOUND('',#7376,.T.);
#7376 = EDGE_LOOP('',(#7377,#7378,#7379,#7380,#7381,#7387));
#7377 = ORIENTED_EDGE('',*,*,#7292,.F.);
#7378 = ORIENTED_EDGE('',*,*,#2924,.F.);
#7379 = ORIENTED_EDGE('',*,*,#7250,.F.);
#7380 = ORIENTED_EDGE('',*,*,#7218,.F.);
#7381 = ORIENTED_EDGE('',*,*,#7382,.T.);
#7382 = EDGE_CURVE('',#7211,#7319,#7383,.T.);
#7383 = LINE('',#7384,#7385);
#7384 = CARTESIAN_POINT('',(-4.525,5.35,0.2995));
#7385 = VECTOR('',#7386,1.);
#7386 = DIRECTION('',(-1.,3.346804621659E-16,-1.037853504423E-15));
#7387 = ORIENTED_EDGE('',*,*,#7344,.F.);
#7388 = CYLINDRICAL_SURFACE('',#7389,0.5);
#7389 = AXIS2_PLACEMENT_3D('',#7390,#7391,#7392);
#7390 = CARTESIAN_POINT('',(-5.347364354584,5.35,0.7995));
#7391 = DIRECTION('',(1.,1.249318835986E-16,1.037853504423E-15));
#7392 = DIRECTION('',(1.037853504423E-15,4.398945538365E-31,-1.));
#7393 = ADVANCED_FACE('',(#7394),#7408,.F.);
#7394 = FACE_BOUND('',#7395,.F.);
#7395 = EDGE_LOOP('',(#7396,#7397,#7398,#7407));
#7396 = ORIENTED_EDGE('',*,*,#1985,.T.);
#7397 = ORIENTED_EDGE('',*,*,#2788,.T.);
#7398 = ORIENTED_EDGE('',*,*,#7399,.F.);
#7399 = EDGE_CURVE('',#1886,#2780,#7400,.T.);
#7400 = B_SPLINE_CURVE_WITH_KNOTS('',3,(#7401,#7402,#7403,#7404,#7405,
    #7406),.UNSPECIFIED.,.F.,.F.,(4,2,4),(0.,0.5,1.),.UNSPECIFIED.);
#7401 = CARTESIAN_POINT('',(4.475,5.628996692204,0.38457730149));
#7402 = CARTESIAN_POINT('',(4.454457461577,5.69671408095,0.430110909394)
  );
#7403 = CARTESIAN_POINT('',(4.433931639748,5.752957452594,0.49245142415)
  );
#7404 = CARTESIAN_POINT('',(4.392863279495,5.829650440076,0.636438686786
    ));
#7405 = CARTESIAN_POINT('',(4.372337457666,5.85,0.717897584672));
#7406 = CARTESIAN_POINT('',(4.351794919243,5.85,0.7995));
#7407 = ORIENTED_EDGE('',*,*,#1894,.T.);
#7408 = B_SPLINE_SURFACE_WITH_KNOTS('',1,3,(
    (#7409,#7410,#7411,#7412,#7413,#7414)
    ,(#7415,#7416,#7417,#7418,#7419,#7420
    )),.UNSPECIFIED.,.F.,.F.,.F.,(2,2),(4,2,4),(0.,1.),(0.,0.5,1.),
  .UNSPECIFIED.);
#7409 = CARTESIAN_POINT('',(4.475,5.628996692204,0.38457730149));
#7410 = CARTESIAN_POINT('',(4.454457461577,5.69671408095,0.430110909394)
  );
#7411 = CARTESIAN_POINT('',(4.433931639748,5.752957452594,0.49245142415)
  );
#7412 = CARTESIAN_POINT('',(4.392863279495,5.829650440076,0.636438686786
    ));
#7413 = CARTESIAN_POINT('',(4.372337457666,5.85,0.717897584672));
#7414 = CARTESIAN_POINT('',(4.351794919243,5.85,0.7995));
#7415 = CARTESIAN_POINT('',(4.475,5.405799338441,0.716515460298));
#7416 = CARTESIAN_POINT('',(4.454462380674,5.419339573082,0.725620001192
    ));
#7417 = CARTESIAN_POINT('',(4.433931639748,5.430591490519,0.73809028483)
  );
#7418 = CARTESIAN_POINT('',(4.392863279495,5.445930088015,0.766887737357
    ));
#7419 = CARTESIAN_POINT('',(4.372332538569,5.45,0.783183425022));
#7420 = CARTESIAN_POINT('',(4.351794919243,5.45,0.7995));
#7421 = ADVANCED_FACE('',(#7422),#7436,.F.);
#7422 = FACE_BOUND('',#7423,.F.);
#7423 = EDGE_LOOP('',(#7424,#7425,#7426,#7435));
#7424 = ORIENTED_EDGE('',*,*,#1968,.T.);
#7425 = ORIENTED_EDGE('',*,*,#1937,.F.);
#7426 = ORIENTED_EDGE('',*,*,#7427,.F.);
#7427 = EDGE_CURVE('',#2828,#1938,#7428,.T.);
#7428 = B_SPLINE_CURVE_WITH_KNOTS('',3,(#7429,#7430,#7431,#7432,#7433,
    #7434),.UNSPECIFIED.,.F.,.F.,(4,2,4),(0.,0.5,1.),.UNSPECIFIED.);
#7429 = CARTESIAN_POINT('',(3.098205080757,5.85,0.7995));
#7430 = CARTESIAN_POINT('',(3.118906012329,5.85,0.711529248363));
#7431 = CARTESIAN_POINT('',(3.11892730962,5.826521465446,0.627509216813)
  );
#7432 = CARTESIAN_POINT('',(3.077858949368,5.747152760517,0.484979378504
    ));
#7433 = CARTESIAN_POINT('',(3.036679513467,5.691471171532,0.426585543368
    ));
#7434 = CARTESIAN_POINT('',(2.975,5.628996692204,0.38457730149));
#7435 = ORIENTED_EDGE('',*,*,#2827,.T.);
#7436 = B_SPLINE_SURFACE_WITH_KNOTS('',1,3,(
    (#7437,#7438,#7439,#7440,#7441,#7442)
    ,(#7443,#7444,#7445,#7446,#7447,#7448
    )),.UNSPECIFIED.,.F.,.F.,.F.,(2,2),(4,2,4),(0.,1.),(0.,0.5,1.),
  .UNSPECIFIED.);
#7437 = CARTESIAN_POINT('',(3.098205080757,5.85,0.7995));
#7438 = CARTESIAN_POINT('',(3.118906012329,5.85,0.711529248363));
#7439 = CARTESIAN_POINT('',(3.11892730962,5.826521465446,0.627509216813)
  );
#7440 = CARTESIAN_POINT('',(3.077858949368,5.747152760517,0.484979378504
    ));
#7441 = CARTESIAN_POINT('',(3.036679513467,5.691471171532,0.426585543368
    ));
#7442 = CARTESIAN_POINT('',(2.975,5.628996692204,0.38457730149));
#7443 = CARTESIAN_POINT('',(3.098205080757,5.45,0.7995));
#7444 = CARTESIAN_POINT('',(3.118882945098,5.45,0.78192545499));
#7445 = CARTESIAN_POINT('',(3.11892730962,5.445304293089,0.765101843363)
  );
#7446 = CARTESIAN_POINT('',(3.077858949368,5.429430552103,0.736595875701
    ));
#7447 = CARTESIAN_POINT('',(3.03672335772,5.418303116176,0.7249230809));
#7448 = CARTESIAN_POINT('',(2.975,5.405799338441,0.716515460298));
#7449 = ADVANCED_FACE('',(#7450),#7463,.T.);
#7450 = FACE_BOUND('',#7451,.T.);
#7451 = EDGE_LOOP('',(#7452,#7453,#7454,#7455,#7456,#7462));
#7452 = ORIENTED_EDGE('',*,*,#7427,.F.);
#7453 = ORIENTED_EDGE('',*,*,#2852,.F.);
#7454 = ORIENTED_EDGE('',*,*,#7399,.F.);
#7455 = ORIENTED_EDGE('',*,*,#1885,.F.);
#7456 = ORIENTED_EDGE('',*,*,#7457,.T.);
#7457 = EDGE_CURVE('',#1878,#1945,#7458,.T.);
#7458 = LINE('',#7459,#7460);
#7459 = CARTESIAN_POINT('',(-4.525,5.35,0.2995));
#7460 = VECTOR('',#7461,1.);
#7461 = DIRECTION('',(-1.,1.202042200154E-15,-1.037853504423E-15));
#7462 = ORIENTED_EDGE('',*,*,#1944,.F.);
#7463 = CYLINDRICAL_SURFACE('',#7464,0.5);
#7464 = AXIS2_PLACEMENT_3D('',#7465,#7466,#7467);
#7465 = CARTESIAN_POINT('',(2.102635645416,5.35,0.7995));
#7466 = DIRECTION('',(1.,1.249318835986E-16,-3.459511681412E-16));
#7467 = DIRECTION('',(-3.459511681412E-16,-4.322033106903E-32,-1.));
#7468 = ADVANCED_FACE('',(#7469),#7503,.T.);
#7469 = FACE_BOUND('',#7470,.T.);
#7470 = EDGE_LOOP('',(#7471,#7481,#7489,#7497));
#7471 = ORIENTED_EDGE('',*,*,#7472,.F.);
#7472 = EDGE_CURVE('',#7473,#7475,#7477,.T.);
#7473 = VERTEX_POINT('',#7474);
#7474 = CARTESIAN_POINT('',(-2.974999999992,4.321238898038,
    0.644265775685));
#7475 = VERTEX_POINT('',#7476);
#7476 = CARTESIAN_POINT('',(-2.975,4.321238898038,0.2995));
#7477 = LINE('',#7478,#7479);
#7478 = CARTESIAN_POINT('',(-2.975,4.321238898039,21.921422627321));
#7479 = VECTOR('',#7480,1.);
#7480 = DIRECTION('',(1.037853504423E-15,-3.491481338843E-15,-1.));
#7481 = ORIENTED_EDGE('',*,*,#7482,.T.);
#7482 = EDGE_CURVE('',#7473,#7483,#7485,.T.);
#7483 = VERTEX_POINT('',#7484);
#7484 = CARTESIAN_POINT('',(-3.87499999988,3.421238898028,0.686708698277
    ));
#7485 = LINE('',#7486,#7487);
#7486 = CARTESIAN_POINT('',(2.497202392712E+05,2.497275355101E+05,
    -1.177600356997E+04));
#7487 = VECTOR('',#7488,1.);
#7488 = DIRECTION('',(-0.70671396575,-0.70671396575,3.332778460158E-02)
  );
#7489 = ORIENTED_EDGE('',*,*,#7490,.T.);
#7490 = EDGE_CURVE('',#7483,#7491,#7493,.T.);
#7491 = VERTEX_POINT('',#7492);
#7492 = CARTESIAN_POINT('',(-3.875,3.421238898038,0.2995));
#7493 = LINE('',#7494,#7495);
#7494 = CARTESIAN_POINT('',(-3.875,3.421238898039,21.921422627321));
#7495 = VECTOR('',#7496,1.);
#7496 = DIRECTION('',(1.037853504423E-15,-3.491481338843E-15,-1.));
#7497 = ORIENTED_EDGE('',*,*,#7498,.F.);
#7498 = EDGE_CURVE('',#7475,#7491,#7499,.T.);
#7499 = LINE('',#7500,#7501);
#7500 = CARTESIAN_POINT('',(-3.875,3.421238898038,0.2995));
#7501 = VECTOR('',#7502,1.);
#7502 = DIRECTION('',(-0.707106781187,-0.707106781187,1.846489128712E-15
    ));
#7503 = PLANE('',#7504);
#7504 = AXIS2_PLACEMENT_3D('',#7505,#7506,#7507);
#7505 = CARTESIAN_POINT('',(-3.875,3.421238898039,21.921422627321));
#7506 = DIRECTION('',(0.707106781187,-0.707106781187,3.202723381938E-15)
  );
#7507 = DIRECTION('',(0.707106781187,0.707106781187,-1.691679077414E-15)
  );
#7508 = ADVANCED_FACE('',(#7509),#7534,.T.);
#7509 = FACE_BOUND('',#7510,.T.);
#7510 = EDGE_LOOP('',(#7511,#7512,#7520,#7528));
#7511 = ORIENTED_EDGE('',*,*,#7490,.F.);
#7512 = ORIENTED_EDGE('',*,*,#7513,.T.);
#7513 = EDGE_CURVE('',#7483,#7514,#7516,.T.);
#7514 = VERTEX_POINT('',#7515);
#7515 = CARTESIAN_POINT('',(-4.075,3.421238898038,0.686708698275));
#7516 = LINE('',#7517,#7518);
#7517 = CARTESIAN_POINT('',(5.E+05,3.421238897661,0.686708698344));
#7518 = VECTOR('',#7519,1.);
#7519 = DIRECTION('',(-1.,7.552194866451E-16,-1.377509819723E-16));
#7520 = ORIENTED_EDGE('',*,*,#7521,.T.);
#7521 = EDGE_CURVE('',#7514,#7522,#7524,.T.);
#7522 = VERTEX_POINT('',#7523);
#7523 = CARTESIAN_POINT('',(-4.075,3.421238898038,0.2995));
#7524 = LINE('',#7525,#7526);
#7525 = CARTESIAN_POINT('',(-4.075,3.421238898039,21.921422627321));
#7526 = VECTOR('',#7527,1.);
#7527 = DIRECTION('',(1.037853504423E-15,-3.491481338843E-15,-1.));
#7528 = ORIENTED_EDGE('',*,*,#7529,.F.);
#7529 = EDGE_CURVE('',#7491,#7522,#7530,.T.);
#7530 = LINE('',#7531,#7532);
#7531 = CARTESIAN_POINT('',(-4.075,3.421238898038,0.2995));
#7532 = VECTOR('',#7533,1.);
#7533 = DIRECTION('',(-1.,7.552194866451E-16,-8.801513702438E-16));
#7534 = PLANE('',#7535);
#7535 = AXIS2_PLACEMENT_3D('',#7536,#7537,#7538);
#7536 = CARTESIAN_POINT('',(-4.075,3.421238898039,21.921422627321));
#7537 = DIRECTION('',(-7.552194866451E-16,-1.,3.491481338843E-15));
#7538 = DIRECTION('',(1.,-7.552194866451E-16,1.037853504423E-15));
#7539 = ADVANCED_FACE('',(#7540),#7565,.T.);
#7540 = FACE_BOUND('',#7541,.T.);
#7541 = EDGE_LOOP('',(#7542,#7543,#7551,#7559));
#7542 = ORIENTED_EDGE('',*,*,#7521,.F.);
#7543 = ORIENTED_EDGE('',*,*,#7544,.T.);
#7544 = EDGE_CURVE('',#7514,#7545,#7547,.T.);
#7545 = VERTEX_POINT('',#7546);
#7546 = CARTESIAN_POINT('',(-4.474999999957,3.821238898041,
    0.667845177124));
#7547 = LINE('',#7548,#7549);
#7548 = CARTESIAN_POINT('',(2.497204107003E+05,-2.497210644614E+05,
    1.177739450352E+04));
#7549 = VECTOR('',#7550,1.);
#7550 = DIRECTION('',(-0.70671396575,0.70671396575,-3.332778460158E-02)
  );
#7551 = ORIENTED_EDGE('',*,*,#7552,.T.);
#7552 = EDGE_CURVE('',#7545,#7553,#7555,.T.);
#7553 = VERTEX_POINT('',#7554);
#7554 = CARTESIAN_POINT('',(-4.475,3.821238898038,0.2995));
#7555 = LINE('',#7556,#7557);
#7556 = CARTESIAN_POINT('',(-4.475,3.821238898039,21.921422627321));
#7557 = VECTOR('',#7558,1.);
#7558 = DIRECTION('',(1.037853504423E-15,-3.491481338843E-15,-1.));
#7559 = ORIENTED_EDGE('',*,*,#7560,.F.);
#7560 = EDGE_CURVE('',#7522,#7553,#7561,.T.);
#7561 = LINE('',#7562,#7563);
#7562 = CARTESIAN_POINT('',(-4.475,3.821238898038,0.2995));
#7563 = VECTOR('',#7564,1.);
#7564 = DIRECTION('',(-0.707106781187,0.707106781187,-3.091211133452E-15
    ));
#7565 = PLANE('',#7566);
#7566 = AXIS2_PLACEMENT_3D('',#7567,#7568,#7569);
#7567 = CARTESIAN_POINT('',(-4.475,3.821238898039,21.921422627321));
#7568 = DIRECTION('',(-0.707106781187,-0.707106781187,1.734976880226E-15
    ));
#7569 = DIRECTION('',(0.707106781187,-0.707106781187,3.159425579127E-15)
  );
#7570 = ADVANCED_FACE('',(#7571),#7595,.T.);
#7571 = FACE_BOUND('',#7572,.T.);
#7572 = EDGE_LOOP('',(#7573,#7574,#7582,#7588,#7589));
#7573 = ORIENTED_EDGE('',*,*,#7552,.F.);
#7574 = ORIENTED_EDGE('',*,*,#7575,.T.);
#7575 = EDGE_CURVE('',#7545,#7576,#7578,.T.);
#7576 = VERTEX_POINT('',#7577);
#7577 = CARTESIAN_POINT('',(-4.475000000014,5.275,0.599287543885));
#7578 = LINE('',#7579,#7580);
#7579 = CARTESIAN_POINT('',(-4.475000000014,3.150000000974,
    0.699499999954));
#7580 = VECTOR('',#7581,1.);
#7581 = DIRECTION('',(-2.122283954084E-16,0.998889874962,
    -4.710645070964E-02));
#7582 = ORIENTED_EDGE('',*,*,#7583,.T.);
#7583 = EDGE_CURVE('',#7576,#7321,#7584,.T.);
#7584 = LINE('',#7585,#7586);
#7585 = CARTESIAN_POINT('',(-4.475000000014,5.275000000217,
    0.599287544102));
#7586 = VECTOR('',#7587,1.);
#7587 = DIRECTION('',(-9.187167519269E-16,0.707106781187,0.707106781187)
  );
#7588 = ORIENTED_EDGE('',*,*,#7318,.F.);
#7589 = ORIENTED_EDGE('',*,*,#7590,.F.);
#7590 = EDGE_CURVE('',#7553,#7319,#7591,.T.);
#7591 = LINE('',#7592,#7593);
#7592 = CARTESIAN_POINT('',(-4.475,5.527589730728,0.2995));
#7593 = VECTOR('',#7594,1.);
#7594 = DIRECTION('',(-2.614081861309E-16,1.,-3.491481338843E-15));
#7595 = PLANE('',#7596);
#7596 = AXIS2_PLACEMENT_3D('',#7597,#7598,#7599);
#7597 = CARTESIAN_POINT('',(-4.475,5.527589730728,21.921422627321));
#7598 = DIRECTION('',(-1.,-2.61408186131E-16,-1.037853504423E-15));
#7599 = DIRECTION('',(2.614081861309E-16,-1.,3.430248998886E-15));
#7600 = ADVANCED_FACE('',(#7601),#7614,.T.);
#7601 = FACE_BOUND('',#7602,.T.);
#7602 = EDGE_LOOP('',(#7603,#7604,#7610,#7611,#7612,#7613));
#7603 = ORIENTED_EDGE('',*,*,#7382,.F.);
#7604 = ORIENTED_EDGE('',*,*,#7605,.T.);
#7605 = EDGE_CURVE('',#7211,#7475,#7606,.T.);
#7606 = LINE('',#7607,#7608);
#7607 = CARTESIAN_POINT('',(-2.975,4.321238898038,0.2995));
#7608 = VECTOR('',#7609,1.);
#7609 = DIRECTION('',(-2.193212008364E-15,-1.,3.491481338843E-15));
#7610 = ORIENTED_EDGE('',*,*,#7498,.T.);
#7611 = ORIENTED_EDGE('',*,*,#7529,.T.);
#7612 = ORIENTED_EDGE('',*,*,#7560,.T.);
#7613 = ORIENTED_EDGE('',*,*,#7590,.T.);
#7614 = PLANE('',#7615);
#7615 = AXIS2_PLACEMENT_3D('',#7616,#7617,#7618);
#7616 = CARTESIAN_POINT('',(-4.525,5.721238898038,0.2995));
#7617 = DIRECTION('',(1.037853504423E-15,-3.491481338843E-15,-1.));
#7618 = DIRECTION('',(1.,-7.552194866451E-16,1.037853504423E-15));
#7619 = ADVANCED_FACE('',(#7620),#7639,.T.);
#7620 = FACE_BOUND('',#7621,.T.);
#7621 = EDGE_LOOP('',(#7622,#7630,#7636,#7637,#7638));
#7622 = ORIENTED_EDGE('',*,*,#7623,.T.);
#7623 = EDGE_CURVE('',#7203,#7624,#7626,.T.);
#7624 = VERTEX_POINT('',#7625);
#7625 = CARTESIAN_POINT('',(-2.974999999992,5.275,0.599287543885));
#7626 = LINE('',#7627,#7628);
#7627 = CARTESIAN_POINT('',(-2.974999999992,5.27500000083,0.599287544716
    ));
#7628 = VECTOR('',#7629,1.);
#7629 = DIRECTION('',(-8.169618328378E-16,-0.707106781187,
    -0.707106781187));
#7630 = ORIENTED_EDGE('',*,*,#7631,.T.);
#7631 = EDGE_CURVE('',#7624,#7473,#7632,.T.);
#7632 = LINE('',#7633,#7634);
#7633 = CARTESIAN_POINT('',(-2.974999999992,3.150000002199,
    0.699499999896));
#7634 = VECTOR('',#7635,1.);
#7635 = DIRECTION('',(-2.23966686375E-15,-0.998889874962,
    4.710645070964E-02));
#7636 = ORIENTED_EDGE('',*,*,#7472,.T.);
#7637 = ORIENTED_EDGE('',*,*,#7605,.F.);
#7638 = ORIENTED_EDGE('',*,*,#7210,.F.);
#7639 = PLANE('',#7640);
#7640 = AXIS2_PLACEMENT_3D('',#7641,#7642,#7643);
#7641 = CARTESIAN_POINT('',(-2.975,4.321238898039,21.921422627321));
#7642 = DIRECTION('',(1.,-2.193212008364E-15,1.037853504423E-15));
#7643 = DIRECTION('',(2.193212008364E-15,1.,-3.430248998886E-15));
#7644 = ADVANCED_FACE('',(#7645),#7653,.T.);
#7645 = FACE_BOUND('',#7646,.T.);
#7646 = EDGE_LOOP('',(#7647,#7648,#7649,#7650,#7651,#7652));
#7647 = ORIENTED_EDGE('',*,*,#7457,.F.);
#7648 = ORIENTED_EDGE('',*,*,#2046,.T.);
#7649 = ORIENTED_EDGE('',*,*,#1783,.T.);
#7650 = ORIENTED_EDGE('',*,*,#1821,.T.);
#7651 = ORIENTED_EDGE('',*,*,#1852,.T.);
#7652 = ORIENTED_EDGE('',*,*,#2022,.T.);
#7653 = PLANE('',#7654);
#7654 = AXIS2_PLACEMENT_3D('',#7655,#7656,#7657);
#7655 = CARTESIAN_POINT('',(-4.525,5.721238898038,0.2995));
#7656 = DIRECTION('',(1.037853504423E-15,-3.491481338843E-15,-1.));
#7657 = DIRECTION('',(1.,-7.552194866451E-16,1.037853504423E-15));
#7658 = ADVANCED_FACE('',(#7659),#7686,.F.);
#7659 = FACE_BOUND('',#7660,.T.);
#7660 = EDGE_LOOP('',(#7661,#7669,#7670,#7671,#7680));
#7661 = ORIENTED_EDGE('',*,*,#7662,.F.);
#7662 = EDGE_CURVE('',#2396,#7663,#7665,.T.);
#7663 = VERTEX_POINT('',#7664);
#7664 = CARTESIAN_POINT('',(-4.5125,-5.85,4.0995));
#7665 = LINE('',#7666,#7667);
#7666 = CARTESIAN_POINT('',(-4.5125,-5.85,4.0995));
#7667 = VECTOR('',#7668,1.);
#7668 = DIRECTION('',(1.601292288685E-15,-1.,0.));
#7669 = ORIENTED_EDGE('',*,*,#4931,.T.);
#7670 = ORIENTED_EDGE('',*,*,#4955,.T.);
#7671 = ORIENTED_EDGE('',*,*,#7672,.F.);
#7672 = EDGE_CURVE('',#7673,#2436,#7675,.T.);
#7673 = VERTEX_POINT('',#7674);
#7674 = CARTESIAN_POINT('',(-5.,-5.85,4.0995));
#7675 = CIRCLE('',#7676,1.);
#7676 = AXIS2_PLACEMENT_3D('',#7677,#7678,#7679);
#7677 = CARTESIAN_POINT('',(-5.,-4.85,4.0995));
#7678 = DIRECTION('',(-0.,0.,-1.));
#7679 = DIRECTION('',(-3.037693553488E-16,1.,0.));
#7680 = ORIENTED_EDGE('',*,*,#7681,.F.);
#7681 = EDGE_CURVE('',#7663,#7673,#7682,.T.);
#7682 = LINE('',#7683,#7684);
#7683 = CARTESIAN_POINT('',(-4.5125,-5.85,4.0995));
#7684 = VECTOR('',#7685,1.);
#7685 = DIRECTION('',(-1.,-1.904135448703E-15,0.));
#7686 = PLANE('',#7687);
#7687 = AXIS2_PLACEMENT_3D('',#7688,#7689,#7690);
#7688 = CARTESIAN_POINT('',(4.469571421427,5.7625,4.0995));
#7689 = DIRECTION('',(0.,0.,-1.));
#7690 = DIRECTION('',(-1.249318835986E-16,1.,0.));
#7691 = ADVANCED_FACE('',(#7692),#7698,.F.);
#7692 = FACE_BOUND('',#7693,.T.);
#7693 = EDGE_LOOP('',(#7694,#7695,#7696,#7697));
#7694 = ORIENTED_EDGE('',*,*,#4980,.F.);
#7695 = ORIENTED_EDGE('',*,*,#5112,.T.);
#7696 = ORIENTED_EDGE('',*,*,#5136,.T.);
#7697 = ORIENTED_EDGE('',*,*,#5153,.T.);
#7698 = PLANE('',#7699);
#7699 = AXIS2_PLACEMENT_3D('',#7700,#7701,#7702);
#7700 = CARTESIAN_POINT('',(4.469571421427,5.7625,4.0995));
#7701 = DIRECTION('',(0.,0.,-1.));
#7702 = DIRECTION('',(-1.249318835986E-16,1.,0.));
#7703 = ADVANCED_FACE('',(#7704),#7710,.F.);
#7704 = FACE_BOUND('',#7705,.T.);
#7705 = EDGE_LOOP('',(#7706,#7707,#7708,#7709));
#7706 = ORIENTED_EDGE('',*,*,#5003,.F.);
#7707 = ORIENTED_EDGE('',*,*,#5177,.T.);
#7708 = ORIENTED_EDGE('',*,*,#5201,.T.);
#7709 = ORIENTED_EDGE('',*,*,#5218,.T.);
#7710 = PLANE('',#7711);
#7711 = AXIS2_PLACEMENT_3D('',#7712,#7713,#7714);
#7712 = CARTESIAN_POINT('',(4.469571421427,5.7625,4.0995));
#7713 = DIRECTION('',(0.,0.,-1.));
#7714 = DIRECTION('',(-1.249318835986E-16,1.,0.));
#7715 = ADVANCED_FACE('',(#7716),#7722,.F.);
#7716 = FACE_BOUND('',#7717,.T.);
#7717 = EDGE_LOOP('',(#7718,#7719,#7720,#7721));
#7718 = ORIENTED_EDGE('',*,*,#5026,.F.);
#7719 = ORIENTED_EDGE('',*,*,#5242,.T.);
#7720 = ORIENTED_EDGE('',*,*,#5266,.T.);
#7721 = ORIENTED_EDGE('',*,*,#5283,.T.);
#7722 = PLANE('',#7723);
#7723 = AXIS2_PLACEMENT_3D('',#7724,#7725,#7726);
#7724 = CARTESIAN_POINT('',(4.469571421427,5.7625,4.0995));
#7725 = DIRECTION('',(0.,0.,-1.));
#7726 = DIRECTION('',(-1.249318835986E-16,1.,0.));
#7727 = ADVANCED_FACE('',(#7728),#7734,.F.);
#7728 = FACE_BOUND('',#7729,.T.);
#7729 = EDGE_LOOP('',(#7730,#7731,#7732,#7733));
#7730 = ORIENTED_EDGE('',*,*,#5049,.F.);
#7731 = ORIENTED_EDGE('',*,*,#5307,.T.);
#7732 = ORIENTED_EDGE('',*,*,#5331,.T.);
#7733 = ORIENTED_EDGE('',*,*,#5348,.T.);
#7734 = PLANE('',#7735);
#7735 = AXIS2_PLACEMENT_3D('',#7736,#7737,#7738);
#7736 = CARTESIAN_POINT('',(4.469571421427,5.7625,4.0995));
#7737 = DIRECTION('',(0.,0.,-1.));
#7738 = DIRECTION('',(-1.249318835986E-16,1.,0.));
#7739 = ADVANCED_FACE('',(#7740),#7767,.F.);
#7740 = FACE_BOUND('',#7741,.T.);
#7741 = EDGE_LOOP('',(#7742,#7751,#7752,#7753,#7761));
#7742 = ORIENTED_EDGE('',*,*,#7743,.F.);
#7743 = EDGE_CURVE('',#2462,#7744,#7746,.T.);
#7744 = VERTEX_POINT('',#7745);
#7745 = CARTESIAN_POINT('',(-5.,5.85,4.0995));
#7746 = CIRCLE('',#7747,1.);
#7747 = AXIS2_PLACEMENT_3D('',#7748,#7749,#7750);
#7748 = CARTESIAN_POINT('',(-5.,4.85,4.0995));
#7749 = DIRECTION('',(-0.,0.,-1.));
#7750 = DIRECTION('',(-3.037693553488E-16,1.,0.));
#7751 = ORIENTED_EDGE('',*,*,#5372,.T.);
#7752 = ORIENTED_EDGE('',*,*,#5397,.T.);
#7753 = ORIENTED_EDGE('',*,*,#7754,.F.);
#7754 = EDGE_CURVE('',#7755,#2520,#7757,.T.);
#7755 = VERTEX_POINT('',#7756);
#7756 = CARTESIAN_POINT('',(-4.5125,5.85,4.0995));
#7757 = LINE('',#7758,#7759);
#7758 = CARTESIAN_POINT('',(-4.5125,5.85,4.0995));
#7759 = VECTOR('',#7760,1.);
#7760 = DIRECTION('',(-4.304149331661E-15,-1.,0.));
#7761 = ORIENTED_EDGE('',*,*,#7762,.F.);
#7762 = EDGE_CURVE('',#7744,#7755,#7763,.T.);
#7763 = LINE('',#7764,#7765);
#7764 = CARTESIAN_POINT('',(-4.5125,5.85,4.0995));
#7765 = VECTOR('',#7766,1.);
#7766 = DIRECTION('',(1.,1.904135448703E-15,0.));
#7767 = PLANE('',#7768);
#7768 = AXIS2_PLACEMENT_3D('',#7769,#7770,#7771);
#7769 = CARTESIAN_POINT('',(4.469571421427,5.7625,4.0995));
#7770 = DIRECTION('',(0.,0.,-1.));
#7771 = DIRECTION('',(-1.249318835986E-16,1.,0.));
#7772 = ADVANCED_FACE('',(#7773),#7803,.F.);
#7773 = FACE_BOUND('',#7774,.T.);
#7774 = EDGE_LOOP('',(#7775,#7776,#7777,#7778,#7786,#7795,#7801,#7802));
#7775 = ORIENTED_EDGE('',*,*,#4861,.T.);
#7776 = ORIENTED_EDGE('',*,*,#4902,.T.);
#7777 = ORIENTED_EDGE('',*,*,#1512,.F.);
#7778 = ORIENTED_EDGE('',*,*,#7779,.T.);
#7779 = EDGE_CURVE('',#1504,#7780,#7782,.T.);
#7780 = VERTEX_POINT('',#7781);
#7781 = CARTESIAN_POINT('',(-1.3,-3.967445651802,4.0995));
#7782 = LINE('',#7783,#7784);
#7783 = CARTESIAN_POINT('',(-1.3,5.7625,4.0995));
#7784 = VECTOR('',#7785,1.);
#7785 = DIRECTION('',(-1.249318835986E-16,1.,0.));
#7786 = ORIENTED_EDGE('',*,*,#7787,.T.);
#7787 = EDGE_CURVE('',#7780,#7788,#7790,.T.);
#7788 = VERTEX_POINT('',#7789);
#7789 = CARTESIAN_POINT('',(-1.3,3.967445651802,4.0995));
#7790 = CIRCLE('',#7791,4.175);
#7791 = AXIS2_PLACEMENT_3D('',#7792,#7793,#7794);
#7792 = CARTESIAN_POINT('',(2.983351379773E-34,-2.387982389954E-18,
    4.0995));
#7793 = DIRECTION('',(0.,0.,-1.));
#7794 = DIRECTION('',(-1.249318835986E-16,1.,-0.));
#7795 = ORIENTED_EDGE('',*,*,#7796,.T.);
#7796 = EDGE_CURVE('',#7788,#1629,#7797,.T.);
#7797 = LINE('',#7798,#7799);
#7798 = CARTESIAN_POINT('',(-1.3,5.7625,4.0995));
#7799 = VECTOR('',#7800,1.);
#7800 = DIRECTION('',(7.953965688235E-16,1.,0.));
#7801 = ORIENTED_EDGE('',*,*,#1628,.F.);
#7802 = ORIENTED_EDGE('',*,*,#5419,.T.);
#7803 = PLANE('',#7804);
#7804 = AXIS2_PLACEMENT_3D('',#7805,#7806,#7807);
#7805 = CARTESIAN_POINT('',(4.469571421427,5.7625,4.0995));
#7806 = DIRECTION('',(0.,0.,-1.));
#7807 = DIRECTION('',(-1.249318835986E-16,1.,0.));
#7808 = ADVANCED_FACE('',(#7809),#7839,.F.);
#7809 = FACE_BOUND('',#7810,.T.);
#7810 = EDGE_LOOP('',(#7811,#7812,#7813,#7814,#7815,#7816,#7824,#7833));
#7811 = ORIENTED_EDGE('',*,*,#1462,.F.);
#7812 = ORIENTED_EDGE('',*,*,#5690,.T.);
#7813 = ORIENTED_EDGE('',*,*,#5705,.T.);
#7814 = ORIENTED_EDGE('',*,*,#5739,.T.);
#7815 = ORIENTED_EDGE('',*,*,#1678,.F.);
#7816 = ORIENTED_EDGE('',*,*,#7817,.T.);
#7817 = EDGE_CURVE('',#1670,#7818,#7820,.T.);
#7818 = VERTEX_POINT('',#7819);
#7819 = CARTESIAN_POINT('',(1.3,3.967445651802,4.0995));
#7820 = LINE('',#7821,#7822);
#7821 = CARTESIAN_POINT('',(1.3,5.7625,4.0995));
#7822 = VECTOR('',#7823,1.);
#7823 = DIRECTION('',(7.384841852134E-16,-1.,0.));
#7824 = ORIENTED_EDGE('',*,*,#7825,.T.);
#7825 = EDGE_CURVE('',#7818,#7826,#7828,.T.);
#7826 = VERTEX_POINT('',#7827);
#7827 = CARTESIAN_POINT('',(1.3,-3.967445651802,4.0995));
#7828 = CIRCLE('',#7829,4.175);
#7829 = AXIS2_PLACEMENT_3D('',#7830,#7831,#7832);
#7830 = CARTESIAN_POINT('',(2.983351379773E-34,-2.387982389954E-18,
    4.0995));
#7831 = DIRECTION('',(0.,0.,-1.));
#7832 = DIRECTION('',(-1.249318835986E-16,1.,-0.));
#7833 = ORIENTED_EDGE('',*,*,#7834,.T.);
#7834 = EDGE_CURVE('',#7826,#1463,#7835,.T.);
#7835 = LINE('',#7836,#7837);
#7836 = CARTESIAN_POINT('',(1.3,5.7625,4.0995));
#7837 = VECTOR('',#7838,1.);
#7838 = DIRECTION('',(-1.818442672087E-16,-1.,0.));
#7839 = PLANE('',#7840);
#7840 = AXIS2_PLACEMENT_3D('',#7841,#7842,#7843);
#7841 = CARTESIAN_POINT('',(4.469571421427,5.7625,4.0995));
#7842 = DIRECTION('',(0.,0.,-1.));
#7843 = DIRECTION('',(-1.249318835986E-16,1.,0.));
#7844 = ADVANCED_FACE('',(#7845),#7872,.F.);
#7845 = FACE_BOUND('',#7846,.T.);
#7846 = EDGE_LOOP('',(#7847,#7855,#7856,#7857,#7866));
#7847 = ORIENTED_EDGE('',*,*,#7848,.F.);
#7848 = EDGE_CURVE('',#2720,#7849,#7851,.T.);
#7849 = VERTEX_POINT('',#7850);
#7850 = CARTESIAN_POINT('',(4.5125,5.85,4.0995));
#7851 = LINE('',#7852,#7853);
#7852 = CARTESIAN_POINT('',(4.5125,5.85,4.0995));
#7853 = VECTOR('',#7854,1.);
#7854 = DIRECTION('',(-4.554013098859E-15,1.,0.));
#7855 = ORIENTED_EDGE('',*,*,#5768,.T.);
#7856 = ORIENTED_EDGE('',*,*,#5792,.T.);
#7857 = ORIENTED_EDGE('',*,*,#7858,.F.);
#7858 = EDGE_CURVE('',#7859,#2580,#7861,.T.);
#7859 = VERTEX_POINT('',#7860);
#7860 = CARTESIAN_POINT('',(5.,5.85,4.0995));
#7861 = CIRCLE('',#7862,1.);
#7862 = AXIS2_PLACEMENT_3D('',#7863,#7864,#7865);
#7863 = CARTESIAN_POINT('',(5.,4.85,4.0995));
#7864 = DIRECTION('',(0.,-0.,-1.));
#7865 = DIRECTION('',(3.037693553488E-16,-1.,0.));
#7866 = ORIENTED_EDGE('',*,*,#7867,.F.);
#7867 = EDGE_CURVE('',#7849,#7859,#7868,.T.);
#7868 = LINE('',#7869,#7870);
#7869 = CARTESIAN_POINT('',(5.,5.85,4.0995));
#7870 = VECTOR('',#7871,1.);
#7871 = DIRECTION('',(1.,-1.654271681506E-15,0.));
#7872 = PLANE('',#7873);
#7873 = AXIS2_PLACEMENT_3D('',#7874,#7875,#7876);
#7874 = CARTESIAN_POINT('',(4.469571421427,5.7625,4.0995));
#7875 = DIRECTION('',(0.,0.,-1.));
#7876 = DIRECTION('',(-1.249318835986E-16,1.,0.));
#7877 = ADVANCED_FACE('',(#7878),#7884,.F.);
#7878 = FACE_BOUND('',#7879,.T.);
#7879 = EDGE_LOOP('',(#7880,#7881,#7882,#7883));
#7880 = ORIENTED_EDGE('',*,*,#5817,.F.);
#7881 = ORIENTED_EDGE('',*,*,#5949,.T.);
#7882 = ORIENTED_EDGE('',*,*,#5973,.T.);
#7883 = ORIENTED_EDGE('',*,*,#5990,.T.);
#7884 = PLANE('',#7885);
#7885 = AXIS2_PLACEMENT_3D('',#7886,#7887,#7888);
#7886 = CARTESIAN_POINT('',(4.469571421427,5.7625,4.0995));
#7887 = DIRECTION('',(0.,0.,-1.));
#7888 = DIRECTION('',(-1.249318835986E-16,1.,0.));
#7889 = ADVANCED_FACE('',(#7890),#7896,.F.);
#7890 = FACE_BOUND('',#7891,.T.);
#7891 = EDGE_LOOP('',(#7892,#7893,#7894,#7895));
#7892 = ORIENTED_EDGE('',*,*,#5840,.F.);
#7893 = ORIENTED_EDGE('',*,*,#6014,.T.);
#7894 = ORIENTED_EDGE('',*,*,#6038,.T.);
#7895 = ORIENTED_EDGE('',*,*,#6055,.T.);
#7896 = PLANE('',#7897);
#7897 = AXIS2_PLACEMENT_3D('',#7898,#7899,#7900);
#7898 = CARTESIAN_POINT('',(4.469571421427,5.7625,4.0995));
#7899 = DIRECTION('',(0.,0.,-1.));
#7900 = DIRECTION('',(-1.249318835986E-16,1.,0.));
#7901 = ADVANCED_FACE('',(#7902),#7908,.F.);
#7902 = FACE_BOUND('',#7903,.T.);
#7903 = EDGE_LOOP('',(#7904,#7905,#7906,#7907));
#7904 = ORIENTED_EDGE('',*,*,#5863,.F.);
#7905 = ORIENTED_EDGE('',*,*,#6079,.T.);
#7906 = ORIENTED_EDGE('',*,*,#6103,.T.);
#7907 = ORIENTED_EDGE('',*,*,#6120,.T.);
#7908 = PLANE('',#7909);
#7909 = AXIS2_PLACEMENT_3D('',#7910,#7911,#7912);
#7910 = CARTESIAN_POINT('',(4.469571421427,5.7625,4.0995));
#7911 = DIRECTION('',(0.,0.,-1.));
#7912 = DIRECTION('',(-1.249318835986E-16,1.,0.));
#7913 = ADVANCED_FACE('',(#7914),#7920,.F.);
#7914 = FACE_BOUND('',#7915,.T.);
#7915 = EDGE_LOOP('',(#7916,#7917,#7918,#7919));
#7916 = ORIENTED_EDGE('',*,*,#5886,.F.);
#7917 = ORIENTED_EDGE('',*,*,#6144,.T.);
#7918 = ORIENTED_EDGE('',*,*,#6168,.T.);
#7919 = ORIENTED_EDGE('',*,*,#6185,.T.);
#7920 = PLANE('',#7921);
#7921 = AXIS2_PLACEMENT_3D('',#7922,#7923,#7924);
#7922 = CARTESIAN_POINT('',(4.469571421427,5.7625,4.0995));
#7923 = DIRECTION('',(0.,0.,-1.));
#7924 = DIRECTION('',(-1.249318835986E-16,1.,0.));
#7925 = ADVANCED_FACE('',(#7926),#7953,.F.);
#7926 = FACE_BOUND('',#7927,.T.);
#7927 = EDGE_LOOP('',(#7928,#7937,#7938,#7939,#7947));
#7928 = ORIENTED_EDGE('',*,*,#7929,.F.);
#7929 = EDGE_CURVE('',#2606,#7930,#7932,.T.);
#7930 = VERTEX_POINT('',#7931);
#7931 = CARTESIAN_POINT('',(5.,-5.85,4.0995));
#7932 = CIRCLE('',#7933,1.);
#7933 = AXIS2_PLACEMENT_3D('',#7934,#7935,#7936);
#7934 = CARTESIAN_POINT('',(5.,-4.85,4.0995));
#7935 = DIRECTION('',(-0.,0.,-1.));
#7936 = DIRECTION('',(-3.037693553488E-16,1.,0.));
#7937 = ORIENTED_EDGE('',*,*,#6209,.T.);
#7938 = ORIENTED_EDGE('',*,*,#6234,.T.);
#7939 = ORIENTED_EDGE('',*,*,#7940,.F.);
#7940 = EDGE_CURVE('',#7941,#2664,#7943,.T.);
#7941 = VERTEX_POINT('',#7942);
#7942 = CARTESIAN_POINT('',(4.5125,-5.85,4.0995));
#7943 = LINE('',#7944,#7945);
#7944 = CARTESIAN_POINT('',(4.5125,-5.85,4.0995));
#7945 = VECTOR('',#7946,1.);
#7946 = DIRECTION('',(7.256870141835E-15,1.,0.));
#7947 = ORIENTED_EDGE('',*,*,#7948,.F.);
#7948 = EDGE_CURVE('',#7930,#7941,#7949,.T.);
#7949 = LINE('',#7950,#7951);
#7950 = CARTESIAN_POINT('',(5.,-5.85,4.0995));
#7951 = VECTOR('',#7952,1.);
#7952 = DIRECTION('',(-1.,1.654271681506E-15,0.));
#7953 = PLANE('',#7954);
#7954 = AXIS2_PLACEMENT_3D('',#7955,#7956,#7957);
#7955 = CARTESIAN_POINT('',(4.469571421427,5.7625,4.0995));
#7956 = DIRECTION('',(0.,0.,-1.));
#7957 = DIRECTION('',(-1.249318835986E-16,1.,0.));
#7958 = ADVANCED_FACE('',(#7959),#7984,.F.);
#7959 = FACE_BOUND('',#7960,.T.);
#7960 = EDGE_LOOP('',(#7961,#7969,#7977,#7983));
#7961 = ORIENTED_EDGE('',*,*,#7962,.F.);
#7962 = EDGE_CURVE('',#7963,#7859,#7965,.T.);
#7963 = VERTEX_POINT('',#7964);
#7964 = CARTESIAN_POINT('',(5.,5.85,2.8345));
#7965 = LINE('',#7966,#7967);
#7966 = CARTESIAN_POINT('',(5.,5.85,2.8245));
#7967 = VECTOR('',#7968,1.);
#7968 = DIRECTION('',(0.,0.,1.));
#7969 = ORIENTED_EDGE('',*,*,#7970,.T.);
#7970 = EDGE_CURVE('',#7963,#7971,#7973,.T.);
#7971 = VERTEX_POINT('',#7972);
#7972 = CARTESIAN_POINT('',(4.5125,5.85,2.8345));
#7973 = LINE('',#7974,#7975);
#7974 = CARTESIAN_POINT('',(4.5125,5.85,2.8345));
#7975 = VECTOR('',#7976,1.);
#7976 = DIRECTION('',(-1.,1.654271681506E-15,0.));
#7977 = ORIENTED_EDGE('',*,*,#7978,.T.);
#7978 = EDGE_CURVE('',#7971,#7849,#7979,.T.);
#7979 = LINE('',#7980,#7981);
#7980 = CARTESIAN_POINT('',(4.5125,5.85,2.8245));
#7981 = VECTOR('',#7982,1.);
#7982 = DIRECTION('',(0.,0.,1.));
#7983 = ORIENTED_EDGE('',*,*,#7867,.T.);
#7984 = PLANE('',#7985);
#7985 = AXIS2_PLACEMENT_3D('',#7986,#7987,#7988);
#7986 = CARTESIAN_POINT('',(5.,5.85,2.8245));
#7987 = DIRECTION('',(-1.654271681506E-15,-1.,0.));
#7988 = DIRECTION('',(-1.,1.654271681506E-15,0.));
#7989 = ADVANCED_FACE('',(#7990),#8003,.T.);
#7990 = FACE_BOUND('',#7991,.T.);
#7991 = EDGE_LOOP('',(#7992,#7993,#8000,#8001,#8002));
#7992 = ORIENTED_EDGE('',*,*,#5924,.F.);
#7993 = ORIENTED_EDGE('',*,*,#7994,.T.);
#7994 = EDGE_CURVE('',#5917,#7963,#7995,.T.);
#7995 = CIRCLE('',#7996,1.);
#7996 = AXIS2_PLACEMENT_3D('',#7997,#7998,#7999);
#7997 = CARTESIAN_POINT('',(5.,4.85,2.8345));
#7998 = DIRECTION('',(0.,0.,1.));
#7999 = DIRECTION('',(2.051291235637E-14,1.,-0.));
#8000 = ORIENTED_EDGE('',*,*,#7962,.T.);
#8001 = ORIENTED_EDGE('',*,*,#7858,.T.);
#8002 = ORIENTED_EDGE('',*,*,#2579,.T.);
#8003 = CYLINDRICAL_SURFACE('',#8004,1.);
#8004 = AXIS2_PLACEMENT_3D('',#8005,#8006,#8007);
#8005 = CARTESIAN_POINT('',(5.,4.85,2.8245));
#8006 = DIRECTION('',(0.,0.,1.));
#8007 = DIRECTION('',(3.037693553488E-16,-1.,0.));
#8008 = ADVANCED_FACE('',(#8009),#8029,.T.);
#8009 = FACE_BOUND('',#8010,.T.);
#8010 = EDGE_LOOP('',(#8011,#8019,#8026,#8027,#8028));
#8011 = ORIENTED_EDGE('',*,*,#8012,.F.);
#8012 = EDGE_CURVE('',#8013,#7930,#8015,.T.);
#8013 = VERTEX_POINT('',#8014);
#8014 = CARTESIAN_POINT('',(5.,-5.85,2.8345));
#8015 = LINE('',#8016,#8017);
#8016 = CARTESIAN_POINT('',(5.,-5.85,2.8245));
#8017 = VECTOR('',#8018,1.);
#8018 = DIRECTION('',(0.,0.,1.));
#8019 = ORIENTED_EDGE('',*,*,#8020,.T.);
#8020 = EDGE_CURVE('',#8013,#5909,#8021,.T.);
#8021 = CIRCLE('',#8022,1.);
#8022 = AXIS2_PLACEMENT_3D('',#8023,#8024,#8025);
#8023 = CARTESIAN_POINT('',(5.,-4.85,2.8345));
#8024 = DIRECTION('',(0.,0.,1.));
#8025 = DIRECTION('',(-3.037693553488E-16,1.,0.));
#8026 = ORIENTED_EDGE('',*,*,#5908,.T.);
#8027 = ORIENTED_EDGE('',*,*,#2614,.T.);
#8028 = ORIENTED_EDGE('',*,*,#7929,.T.);
#8029 = CYLINDRICAL_SURFACE('',#8030,1.);
#8030 = AXIS2_PLACEMENT_3D('',#8031,#8032,#8033);
#8031 = CARTESIAN_POINT('',(5.,-4.85,2.8245));
#8032 = DIRECTION('',(0.,0.,1.));
#8033 = DIRECTION('',(3.037693553488E-16,-1.,0.));
#8034 = ADVANCED_FACE('',(#8035),#8053,.F.);
#8035 = FACE_BOUND('',#8036,.T.);
#8036 = EDGE_LOOP('',(#8037,#8045,#8051,#8052));
#8037 = ORIENTED_EDGE('',*,*,#8038,.F.);
#8038 = EDGE_CURVE('',#8039,#7941,#8041,.T.);
#8039 = VERTEX_POINT('',#8040);
#8040 = CARTESIAN_POINT('',(4.5125,-5.85,2.8345));
#8041 = LINE('',#8042,#8043);
#8042 = CARTESIAN_POINT('',(4.5125,-5.85,2.8245));
#8043 = VECTOR('',#8044,1.);
#8044 = DIRECTION('',(0.,0.,1.));
#8045 = ORIENTED_EDGE('',*,*,#8046,.T.);
#8046 = EDGE_CURVE('',#8039,#8013,#8047,.T.);
#8047 = LINE('',#8048,#8049);
#8048 = CARTESIAN_POINT('',(5.,-5.85,2.8345));
#8049 = VECTOR('',#8050,1.);
#8050 = DIRECTION('',(1.,-1.654271681506E-15,0.));
#8051 = ORIENTED_EDGE('',*,*,#8012,.T.);
#8052 = ORIENTED_EDGE('',*,*,#7948,.T.);
#8053 = PLANE('',#8054);
#8054 = AXIS2_PLACEMENT_3D('',#8055,#8056,#8057);
#8055 = CARTESIAN_POINT('',(5.,-5.85,2.8245));
#8056 = DIRECTION('',(1.654271681506E-15,1.,0.));
#8057 = DIRECTION('',(1.,-1.654271681506E-15,0.));
#8058 = ADVANCED_FACE('',(#8059),#8086,.F.);
#8059 = FACE_BOUND('',#8060,.T.);
#8060 = EDGE_LOOP('',(#8061,#8071,#8077,#8078,#8079,#8080));
#8061 = ORIENTED_EDGE('',*,*,#8062,.F.);
#8062 = EDGE_CURVE('',#8063,#8065,#8067,.T.);
#8063 = VERTEX_POINT('',#8064);
#8064 = CARTESIAN_POINT('',(4.5125,-5.84,2.8245));
#8065 = VERTEX_POINT('',#8066);
#8066 = CARTESIAN_POINT('',(4.5125,-5.2625,2.8245));
#8067 = LINE('',#8068,#8069);
#8068 = CARTESIAN_POINT('',(4.5125,-5.85,2.8245));
#8069 = VECTOR('',#8070,1.);
#8070 = DIRECTION('',(7.256870141835E-15,1.,0.));
#8071 = ORIENTED_EDGE('',*,*,#8072,.T.);
#8072 = EDGE_CURVE('',#8063,#8039,#8073,.T.);
#8073 = LINE('',#8074,#8075);
#8074 = CARTESIAN_POINT('',(4.5125,-5.84,2.8245));
#8075 = VECTOR('',#8076,1.);
#8076 = DIRECTION('',(-5.131382087482E-15,-0.707106781187,0.707106781186
    ));
#8077 = ORIENTED_EDGE('',*,*,#8038,.T.);
#8078 = ORIENTED_EDGE('',*,*,#7940,.T.);
#8079 = ORIENTED_EDGE('',*,*,#2663,.T.);
#8080 = ORIENTED_EDGE('',*,*,#8081,.F.);
#8081 = EDGE_CURVE('',#8065,#2656,#8082,.T.);
#8082 = LINE('',#8083,#8084);
#8083 = CARTESIAN_POINT('',(4.5125,-5.2625,2.8245));
#8084 = VECTOR('',#8085,1.);
#8085 = DIRECTION('',(0.,0.,1.));
#8086 = PLANE('',#8087);
#8087 = AXIS2_PLACEMENT_3D('',#8088,#8089,#8090);
#8088 = CARTESIAN_POINT('',(4.5125,-5.85,2.8245));
#8089 = DIRECTION('',(1.,-7.256870141835E-15,0.));
#8090 = DIRECTION('',(-7.256870141835E-15,-1.,0.));
#8091 = ADVANCED_FACE('',(#8092),#8110,.F.);
#8092 = FACE_BOUND('',#8093,.T.);
#8093 = EDGE_LOOP('',(#8094,#8095,#8096,#8104));
#8094 = ORIENTED_EDGE('',*,*,#8081,.T.);
#8095 = ORIENTED_EDGE('',*,*,#2655,.T.);
#8096 = ORIENTED_EDGE('',*,*,#8097,.F.);
#8097 = EDGE_CURVE('',#8098,#2647,#8100,.T.);
#8098 = VERTEX_POINT('',#8099);
#8099 = CARTESIAN_POINT('',(4.469571421427,-5.2625,2.8245));
#8100 = LINE('',#8101,#8102);
#8101 = CARTESIAN_POINT('',(4.469571421427,-5.2625,2.8245));
#8102 = VECTOR('',#8103,1.);
#8103 = DIRECTION('',(0.,0.,1.));
#8104 = ORIENTED_EDGE('',*,*,#8105,.F.);
#8105 = EDGE_CURVE('',#8065,#8098,#8106,.T.);
#8106 = LINE('',#8107,#8108);
#8107 = CARTESIAN_POINT('',(4.5125,-5.2625,2.8245));
#8108 = VECTOR('',#8109,1.);
#8109 = DIRECTION('',(-1.,-2.032969446423E-14,0.));
#8110 = PLANE('',#8111);
#8111 = AXIS2_PLACEMENT_3D('',#8112,#8113,#8114);
#8112 = CARTESIAN_POINT('',(4.5125,-5.2625,2.8245));
#8113 = DIRECTION('',(-2.032969446423E-14,1.,0.));
#8114 = DIRECTION('',(1.,2.032969446423E-14,0.));
#8115 = ADVANCED_FACE('',(#8116),#8128,.F.);
#8116 = FACE_BOUND('',#8117,.F.);
#8117 = EDGE_LOOP('',(#8118,#8125,#8126,#8127));
#8118 = ORIENTED_EDGE('',*,*,#8119,.T.);
#8119 = EDGE_CURVE('',#8098,#1439,#8120,.T.);
#8120 = CIRCLE('',#8121,0.5);
#8121 = AXIS2_PLACEMENT_3D('',#8122,#8123,#8124);
#8122 = CARTESIAN_POINT('',(4.469571421427,-5.7625,2.8245));
#8123 = DIRECTION('',(-0.,0.,1.));
#8124 = DIRECTION('',(3.037693553488E-16,-1.,0.));
#8125 = ORIENTED_EDGE('',*,*,#1446,.T.);
#8126 = ORIENTED_EDGE('',*,*,#2646,.F.);
#8127 = ORIENTED_EDGE('',*,*,#8097,.F.);
#8128 = CYLINDRICAL_SURFACE('',#8129,0.5);
#8129 = AXIS2_PLACEMENT_3D('',#8130,#8131,#8132);
#8130 = CARTESIAN_POINT('',(4.469571421427,-5.7625,2.8245));
#8131 = DIRECTION('',(0.,0.,1.));
#8132 = DIRECTION('',(3.037693553488E-16,-1.,0.));
#8133 = ADVANCED_FACE('',(#8134),#8153,.F.);
#8134 = FACE_BOUND('',#8135,.F.);
#8135 = EDGE_LOOP('',(#8136,#8145,#8151,#8152));
#8136 = ORIENTED_EDGE('',*,*,#8137,.T.);
#8137 = EDGE_CURVE('',#1529,#8138,#8140,.T.);
#8138 = VERTEX_POINT('',#8139);
#8139 = CARTESIAN_POINT('',(-4.469571421427,-5.2625,2.8245));
#8140 = CIRCLE('',#8141,0.5);
#8141 = AXIS2_PLACEMENT_3D('',#8142,#8143,#8144);
#8142 = CARTESIAN_POINT('',(-4.469571421427,-5.7625,2.8245));
#8143 = DIRECTION('',(0.,0.,1.));
#8144 = DIRECTION('',(-3.037693553488E-16,1.,0.));
#8145 = ORIENTED_EDGE('',*,*,#8146,.T.);
#8146 = EDGE_CURVE('',#8138,#2370,#8147,.T.);
#8147 = LINE('',#8148,#8149);
#8148 = CARTESIAN_POINT('',(-4.469571421427,-5.2625,2.8245));
#8149 = VECTOR('',#8150,1.);
#8150 = DIRECTION('',(0.,0.,1.));
#8151 = ORIENTED_EDGE('',*,*,#2369,.F.);
#8152 = ORIENTED_EDGE('',*,*,#1528,.F.);
#8153 = CYLINDRICAL_SURFACE('',#8154,0.5);
#8154 = AXIS2_PLACEMENT_3D('',#8155,#8156,#8157);
#8155 = CARTESIAN_POINT('',(-4.469571421427,-5.7625,2.8245));
#8156 = DIRECTION('',(0.,0.,1.));
#8157 = DIRECTION('',(3.037693553488E-16,-1.,0.));
#8158 = ADVANCED_FACE('',(#8159),#8177,.F.);
#8159 = FACE_BOUND('',#8160,.T.);
#8160 = EDGE_LOOP('',(#8161,#8162,#8163,#8171));
#8161 = ORIENTED_EDGE('',*,*,#8146,.T.);
#8162 = ORIENTED_EDGE('',*,*,#2411,.T.);
#8163 = ORIENTED_EDGE('',*,*,#8164,.F.);
#8164 = EDGE_CURVE('',#8165,#2404,#8167,.T.);
#8165 = VERTEX_POINT('',#8166);
#8166 = CARTESIAN_POINT('',(-4.5125,-5.2625,2.8245));
#8167 = LINE('',#8168,#8169);
#8168 = CARTESIAN_POINT('',(-4.5125,-5.2625,2.8245));
#8169 = VECTOR('',#8170,1.);
#8170 = DIRECTION('',(0.,0.,1.));
#8171 = ORIENTED_EDGE('',*,*,#8172,.F.);
#8172 = EDGE_CURVE('',#8138,#8165,#8173,.T.);
#8173 = LINE('',#8174,#8175);
#8174 = CARTESIAN_POINT('',(-4.5125,-5.2625,2.8245));
#8175 = VECTOR('',#8176,1.);
#8176 = DIRECTION('',(-1.,2.007983069703E-14,0.));
#8177 = PLANE('',#8178);
#8178 = AXIS2_PLACEMENT_3D('',#8179,#8180,#8181);
#8179 = CARTESIAN_POINT('',(-4.5125,-5.2625,2.8245));
#8180 = DIRECTION('',(2.007983069703E-14,1.,0.));
#8181 = DIRECTION('',(1.,-2.007983069703E-14,0.));
#8182 = ADVANCED_FACE('',(#8183),#8210,.F.);
#8183 = FACE_BOUND('',#8184,.T.);
#8184 = EDGE_LOOP('',(#8185,#8193,#8201,#8207,#8208,#8209));
#8185 = ORIENTED_EDGE('',*,*,#8186,.F.);
#8186 = EDGE_CURVE('',#8187,#7663,#8189,.T.);
#8187 = VERTEX_POINT('',#8188);
#8188 = CARTESIAN_POINT('',(-4.5125,-5.85,2.8345));
#8189 = LINE('',#8190,#8191);
#8190 = CARTESIAN_POINT('',(-4.5125,-5.85,2.8245));
#8191 = VECTOR('',#8192,1.);
#8192 = DIRECTION('',(0.,0.,1.));
#8193 = ORIENTED_EDGE('',*,*,#8194,.T.);
#8194 = EDGE_CURVE('',#8187,#8195,#8197,.T.);
#8195 = VERTEX_POINT('',#8196);
#8196 = CARTESIAN_POINT('',(-4.5125,-5.84,2.8245));
#8197 = LINE('',#8198,#8199);
#8198 = CARTESIAN_POINT('',(-4.5125,-5.84,2.8245));
#8199 = VECTOR('',#8200,1.);
#8200 = DIRECTION('',(-1.132284635991E-15,0.707106781187,-0.707106781186
    ));
#8201 = ORIENTED_EDGE('',*,*,#8202,.F.);
#8202 = EDGE_CURVE('',#8165,#8195,#8203,.T.);
#8203 = LINE('',#8204,#8205);
#8204 = CARTESIAN_POINT('',(-4.5125,-5.85,2.8245));
#8205 = VECTOR('',#8206,1.);
#8206 = DIRECTION('',(1.601292288685E-15,-1.,0.));
#8207 = ORIENTED_EDGE('',*,*,#8164,.T.);
#8208 = ORIENTED_EDGE('',*,*,#2403,.T.);
#8209 = ORIENTED_EDGE('',*,*,#7662,.T.);
#8210 = PLANE('',#8211);
#8211 = AXIS2_PLACEMENT_3D('',#8212,#8213,#8214);
#8212 = CARTESIAN_POINT('',(-4.5125,-5.85,2.8245));
#8213 = DIRECTION('',(-1.,-1.601292288685E-15,0.));
#8214 = DIRECTION('',(-1.601292288685E-15,1.,0.));
#8215 = ADVANCED_FACE('',(#8216),#8234,.F.);
#8216 = FACE_BOUND('',#8217,.T.);
#8217 = EDGE_LOOP('',(#8218,#8226,#8232,#8233));
#8218 = ORIENTED_EDGE('',*,*,#8219,.F.);
#8219 = EDGE_CURVE('',#8220,#7673,#8222,.T.);
#8220 = VERTEX_POINT('',#8221);
#8221 = CARTESIAN_POINT('',(-5.,-5.85,2.8345));
#8222 = LINE('',#8223,#8224);
#8223 = CARTESIAN_POINT('',(-5.,-5.85,2.8245));
#8224 = VECTOR('',#8225,1.);
#8225 = DIRECTION('',(0.,0.,1.));
#8226 = ORIENTED_EDGE('',*,*,#8227,.T.);
#8227 = EDGE_CURVE('',#8220,#8187,#8228,.T.);
#8228 = LINE('',#8229,#8230);
#8229 = CARTESIAN_POINT('',(-4.5125,-5.85,2.8345));
#8230 = VECTOR('',#8231,1.);
#8231 = DIRECTION('',(1.,1.904135448703E-15,0.));
#8232 = ORIENTED_EDGE('',*,*,#8186,.T.);
#8233 = ORIENTED_EDGE('',*,*,#7681,.T.);
#8234 = PLANE('',#8235);
#8235 = AXIS2_PLACEMENT_3D('',#8236,#8237,#8238);
#8236 = CARTESIAN_POINT('',(-4.5125,-5.85,2.8245));
#8237 = DIRECTION('',(-1.904135448703E-15,1.,0.));
#8238 = DIRECTION('',(1.,1.904135448703E-15,0.));
#8239 = ADVANCED_FACE('',(#8240),#8253,.T.);
#8240 = FACE_BOUND('',#8241,.T.);
#8241 = EDGE_LOOP('',(#8242,#8243,#8250,#8251,#8252));
#8242 = ORIENTED_EDGE('',*,*,#5087,.F.);
#8243 = ORIENTED_EDGE('',*,*,#8244,.T.);
#8244 = EDGE_CURVE('',#5080,#8220,#8245,.T.);
#8245 = CIRCLE('',#8246,1.);
#8246 = AXIS2_PLACEMENT_3D('',#8247,#8248,#8249);
#8247 = CARTESIAN_POINT('',(-5.,-4.85,2.8345));
#8248 = DIRECTION('',(0.,0.,1.));
#8249 = DIRECTION('',(5.635923826396E-16,1.,-0.));
#8250 = ORIENTED_EDGE('',*,*,#8219,.T.);
#8251 = ORIENTED_EDGE('',*,*,#7672,.T.);
#8252 = ORIENTED_EDGE('',*,*,#2435,.T.);
#8253 = CYLINDRICAL_SURFACE('',#8254,1.);
#8254 = AXIS2_PLACEMENT_3D('',#8255,#8256,#8257);
#8255 = CARTESIAN_POINT('',(-5.,-4.85,2.8245));
#8256 = DIRECTION('',(0.,0.,1.));
#8257 = DIRECTION('',(3.037693553488E-16,-1.,0.));
#8258 = ADVANCED_FACE('',(#8259),#8279,.T.);
#8259 = FACE_BOUND('',#8260,.T.);
#8260 = EDGE_LOOP('',(#8261,#8269,#8276,#8277,#8278));
#8261 = ORIENTED_EDGE('',*,*,#8262,.F.);
#8262 = EDGE_CURVE('',#8263,#7744,#8265,.T.);
#8263 = VERTEX_POINT('',#8264);
#8264 = CARTESIAN_POINT('',(-5.,5.85,2.8345));
#8265 = LINE('',#8266,#8267);
#8266 = CARTESIAN_POINT('',(-5.,5.85,2.8245));
#8267 = VECTOR('',#8268,1.);
#8268 = DIRECTION('',(0.,0.,1.));
#8269 = ORIENTED_EDGE('',*,*,#8270,.T.);
#8270 = EDGE_CURVE('',#8263,#5072,#8271,.T.);
#8271 = CIRCLE('',#8272,1.);
#8272 = AXIS2_PLACEMENT_3D('',#8273,#8274,#8275);
#8273 = CARTESIAN_POINT('',(-5.,4.85,2.8345));
#8274 = DIRECTION('',(0.,0.,1.));
#8275 = DIRECTION('',(-3.037693553488E-16,1.,0.));
#8276 = ORIENTED_EDGE('',*,*,#5071,.T.);
#8277 = ORIENTED_EDGE('',*,*,#2470,.T.);
#8278 = ORIENTED_EDGE('',*,*,#7743,.T.);
#8279 = CYLINDRICAL_SURFACE('',#8280,1.);
#8280 = AXIS2_PLACEMENT_3D('',#8281,#8282,#8283);
#8281 = CARTESIAN_POINT('',(-5.,4.85,2.8245));
#8282 = DIRECTION('',(0.,0.,1.));
#8283 = DIRECTION('',(3.037693553488E-16,-1.,0.));
#8284 = ADVANCED_FACE('',(#8285),#8303,.F.);
#8285 = FACE_BOUND('',#8286,.T.);
#8286 = EDGE_LOOP('',(#8287,#8295,#8301,#8302));
#8287 = ORIENTED_EDGE('',*,*,#8288,.F.);
#8288 = EDGE_CURVE('',#8289,#7755,#8291,.T.);
#8289 = VERTEX_POINT('',#8290);
#8290 = CARTESIAN_POINT('',(-4.5125,5.85,2.8345));
#8291 = LINE('',#8292,#8293);
#8292 = CARTESIAN_POINT('',(-4.5125,5.85,2.8245));
#8293 = VECTOR('',#8294,1.);
#8294 = DIRECTION('',(0.,0.,1.));
#8295 = ORIENTED_EDGE('',*,*,#8296,.T.);
#8296 = EDGE_CURVE('',#8289,#8263,#8297,.T.);
#8297 = LINE('',#8298,#8299);
#8298 = CARTESIAN_POINT('',(-5.,5.85,2.8345));
#8299 = VECTOR('',#8300,1.);
#8300 = DIRECTION('',(-1.,-1.904135448703E-15,0.));
#8301 = ORIENTED_EDGE('',*,*,#8262,.T.);
#8302 = ORIENTED_EDGE('',*,*,#7762,.T.);
#8303 = PLANE('',#8304);
#8304 = AXIS2_PLACEMENT_3D('',#8305,#8306,#8307);
#8305 = CARTESIAN_POINT('',(-4.5125,5.85,2.8245));
#8306 = DIRECTION('',(1.904135448703E-15,-1.,0.));
#8307 = DIRECTION('',(-1.,-1.904135448703E-15,0.));
#8308 = ADVANCED_FACE('',(#8309),#8336,.F.);
#8309 = FACE_BOUND('',#8310,.T.);
#8310 = EDGE_LOOP('',(#8311,#8321,#8327,#8328,#8329,#8330));
#8311 = ORIENTED_EDGE('',*,*,#8312,.F.);
#8312 = EDGE_CURVE('',#8313,#8315,#8317,.T.);
#8313 = VERTEX_POINT('',#8314);
#8314 = CARTESIAN_POINT('',(-4.5125,5.84,2.8245));
#8315 = VERTEX_POINT('',#8316);
#8316 = CARTESIAN_POINT('',(-4.5125,5.2625,2.8245));
#8317 = LINE('',#8318,#8319);
#8318 = CARTESIAN_POINT('',(-4.5125,5.85,2.8245));
#8319 = VECTOR('',#8320,1.);
#8320 = DIRECTION('',(-4.304149331661E-15,-1.,0.));
#8321 = ORIENTED_EDGE('',*,*,#8322,.T.);
#8322 = EDGE_CURVE('',#8313,#8289,#8323,.T.);
#8323 = LINE('',#8324,#8325);
#8324 = CARTESIAN_POINT('',(-4.5125,5.84,2.8245));
#8325 = VECTOR('',#8326,1.);
#8326 = DIRECTION('',(3.043493179658E-15,0.707106781187,0.707106781186)
  );
#8327 = ORIENTED_EDGE('',*,*,#8288,.T.);
#8328 = ORIENTED_EDGE('',*,*,#7754,.T.);
#8329 = ORIENTED_EDGE('',*,*,#2519,.T.);
#8330 = ORIENTED_EDGE('',*,*,#8331,.F.);
#8331 = EDGE_CURVE('',#8315,#2512,#8332,.T.);
#8332 = LINE('',#8333,#8334);
#8333 = CARTESIAN_POINT('',(-4.5125,5.2625,2.8245));
#8334 = VECTOR('',#8335,1.);
#8335 = DIRECTION('',(0.,0.,1.));
#8336 = PLANE('',#8337);
#8337 = AXIS2_PLACEMENT_3D('',#8338,#8339,#8340);
#8338 = CARTESIAN_POINT('',(-4.5125,5.85,2.8245));
#8339 = DIRECTION('',(-1.,4.304149331661E-15,0.));
#8340 = DIRECTION('',(4.304149331661E-15,1.,0.));
#8341 = ADVANCED_FACE('',(#8342),#8360,.F.);
#8342 = FACE_BOUND('',#8343,.T.);
#8343 = EDGE_LOOP('',(#8344,#8345,#8346,#8354));
#8344 = ORIENTED_EDGE('',*,*,#8331,.T.);
#8345 = ORIENTED_EDGE('',*,*,#2511,.T.);
#8346 = ORIENTED_EDGE('',*,*,#8347,.F.);
#8347 = EDGE_CURVE('',#8348,#2503,#8350,.T.);
#8348 = VERTEX_POINT('',#8349);
#8349 = CARTESIAN_POINT('',(-4.469571421427,5.2625,2.8245));
#8350 = LINE('',#8351,#8352);
#8351 = CARTESIAN_POINT('',(-4.469571421427,5.2625,2.8245));
#8352 = VECTOR('',#8353,1.);
#8353 = DIRECTION('',(0.,0.,1.));
#8354 = ORIENTED_EDGE('',*,*,#8355,.F.);
#8355 = EDGE_CURVE('',#8315,#8348,#8356,.T.);
#8356 = LINE('',#8357,#8358);
#8357 = CARTESIAN_POINT('',(-4.5125,5.2625,2.8245));
#8358 = VECTOR('',#8359,1.);
#8359 = DIRECTION('',(1.,2.032969446423E-14,0.));
#8360 = PLANE('',#8361);
#8361 = AXIS2_PLACEMENT_3D('',#8362,#8363,#8364);
#8362 = CARTESIAN_POINT('',(-4.5125,5.2625,2.8245));
#8363 = DIRECTION('',(2.032969446423E-14,-1.,0.));
#8364 = DIRECTION('',(-1.,-2.032969446423E-14,0.));
#8365 = ADVANCED_FACE('',(#8366),#8378,.F.);
#8366 = FACE_BOUND('',#8367,.F.);
#8367 = EDGE_LOOP('',(#8368,#8375,#8376,#8377));
#8368 = ORIENTED_EDGE('',*,*,#8369,.T.);
#8369 = EDGE_CURVE('',#8348,#1605,#8370,.T.);
#8370 = CIRCLE('',#8371,0.5);
#8371 = AXIS2_PLACEMENT_3D('',#8372,#8373,#8374);
#8372 = CARTESIAN_POINT('',(-4.469571421427,5.7625,2.8245));
#8373 = DIRECTION('',(-0.,0.,1.));
#8374 = DIRECTION('',(3.037693553488E-16,-1.,0.));
#8375 = ORIENTED_EDGE('',*,*,#1612,.T.);
#8376 = ORIENTED_EDGE('',*,*,#2502,.F.);
#8377 = ORIENTED_EDGE('',*,*,#8347,.F.);
#8378 = CYLINDRICAL_SURFACE('',#8379,0.5);
#8379 = AXIS2_PLACEMENT_3D('',#8380,#8381,#8382);
#8380 = CARTESIAN_POINT('',(-4.469571421427,5.7625,2.8245));
#8381 = DIRECTION('',(0.,0.,1.));
#8382 = DIRECTION('',(3.037693553488E-16,-1.,0.));
#8383 = ADVANCED_FACE('',(#8384),#8403,.F.);
#8384 = FACE_BOUND('',#8385,.F.);
#8385 = EDGE_LOOP('',(#8386,#8395,#8401,#8402));
#8386 = ORIENTED_EDGE('',*,*,#8387,.T.);
#8387 = EDGE_CURVE('',#1695,#8388,#8390,.T.);
#8388 = VERTEX_POINT('',#8389);
#8389 = CARTESIAN_POINT('',(4.469571421427,5.2625,2.8245));
#8390 = CIRCLE('',#8391,0.5);
#8391 = AXIS2_PLACEMENT_3D('',#8392,#8393,#8394);
#8392 = CARTESIAN_POINT('',(4.469571421427,5.7625,2.8245));
#8393 = DIRECTION('',(0.,0.,1.));
#8394 = DIRECTION('',(-3.037693553488E-16,1.,0.));
#8395 = ORIENTED_EDGE('',*,*,#8396,.T.);
#8396 = EDGE_CURVE('',#8388,#2694,#8397,.T.);
#8397 = LINE('',#8398,#8399);
#8398 = CARTESIAN_POINT('',(4.469571421427,5.2625,2.8245));
#8399 = VECTOR('',#8400,1.);
#8400 = DIRECTION('',(0.,0.,1.));
#8401 = ORIENTED_EDGE('',*,*,#2693,.F.);
#8402 = ORIENTED_EDGE('',*,*,#1694,.F.);
#8403 = CYLINDRICAL_SURFACE('',#8404,0.5);
#8404 = AXIS2_PLACEMENT_3D('',#8405,#8406,#8407);
#8405 = CARTESIAN_POINT('',(4.469571421427,5.7625,2.8245));
#8406 = DIRECTION('',(0.,0.,1.));
#8407 = DIRECTION('',(3.037693553488E-16,-1.,0.));
#8408 = ADVANCED_FACE('',(#8409),#8427,.F.);
#8409 = FACE_BOUND('',#8410,.T.);
#8410 = EDGE_LOOP('',(#8411,#8412,#8413,#8421));
#8411 = ORIENTED_EDGE('',*,*,#8396,.T.);
#8412 = ORIENTED_EDGE('',*,*,#2735,.T.);
#8413 = ORIENTED_EDGE('',*,*,#8414,.F.);
#8414 = EDGE_CURVE('',#8415,#2728,#8417,.T.);
#8415 = VERTEX_POINT('',#8416);
#8416 = CARTESIAN_POINT('',(4.5125,5.2625,2.8245));
#8417 = LINE('',#8418,#8419);
#8418 = CARTESIAN_POINT('',(4.5125,5.2625,2.8245));
#8419 = VECTOR('',#8420,1.);
#8420 = DIRECTION('',(0.,0.,1.));
#8421 = ORIENTED_EDGE('',*,*,#8422,.F.);
#8422 = EDGE_CURVE('',#8388,#8415,#8423,.T.);
#8423 = LINE('',#8424,#8425);
#8424 = CARTESIAN_POINT('',(4.5125,5.2625,2.8245));
#8425 = VECTOR('',#8426,1.);
#8426 = DIRECTION('',(1.,-2.007983069703E-14,0.));
#8427 = PLANE('',#8428);
#8428 = AXIS2_PLACEMENT_3D('',#8429,#8430,#8431);
#8429 = CARTESIAN_POINT('',(4.5125,5.2625,2.8245));
#8430 = DIRECTION('',(-2.007983069703E-14,-1.,0.));
#8431 = DIRECTION('',(-1.,2.007983069703E-14,0.));
#8432 = ADVANCED_FACE('',(#8433),#8453,.F.);
#8433 = FACE_BOUND('',#8434,.T.);
#8434 = EDGE_LOOP('',(#8435,#8436,#8444,#8450,#8451,#8452));
#8435 = ORIENTED_EDGE('',*,*,#7978,.F.);
#8436 = ORIENTED_EDGE('',*,*,#8437,.T.);
#8437 = EDGE_CURVE('',#7971,#8438,#8440,.T.);
#8438 = VERTEX_POINT('',#8439);
#8439 = CARTESIAN_POINT('',(4.5125,5.84,2.8245));
#8440 = LINE('',#8441,#8442);
#8441 = CARTESIAN_POINT('',(4.5125,5.84,2.8245));
#8442 = VECTOR('',#8443,1.);
#8443 = DIRECTION('',(3.220173543816E-15,-0.707106781187,-0.707106781186
    ));
#8444 = ORIENTED_EDGE('',*,*,#8445,.F.);
#8445 = EDGE_CURVE('',#8415,#8438,#8446,.T.);
#8446 = LINE('',#8447,#8448);
#8447 = CARTESIAN_POINT('',(4.5125,5.85,2.8245));
#8448 = VECTOR('',#8449,1.);
#8449 = DIRECTION('',(-4.554013098859E-15,1.,0.));
#8450 = ORIENTED_EDGE('',*,*,#8414,.T.);
#8451 = ORIENTED_EDGE('',*,*,#2727,.T.);
#8452 = ORIENTED_EDGE('',*,*,#7848,.T.);
#8453 = PLANE('',#8454);
#8454 = AXIS2_PLACEMENT_3D('',#8455,#8456,#8457);
#8455 = CARTESIAN_POINT('',(4.5125,5.85,2.8245));
#8456 = DIRECTION('',(1.,4.554013098859E-15,0.));
#8457 = DIRECTION('',(4.554013098859E-15,-1.,0.));
#8458 = ADVANCED_FACE('',(#8459),#8527,.T.);
#8459 = FACE_BOUND('',#8460,.T.);
#8460 = EDGE_LOOP('',(#8461,#8462,#8483,#8491,#8500,#8508));
#8461 = ORIENTED_EDGE('',*,*,#7825,.F.);
#8462 = ORIENTED_EDGE('',*,*,#8463,.T.);
#8463 = EDGE_CURVE('',#7818,#8464,#8466,.T.);
#8464 = VERTEX_POINT('',#8465);
#8465 = CARTESIAN_POINT('',(1.2,3.998827953288,4.1995));
#8466 = B_SPLINE_CURVE_WITH_KNOTS('',3,(#8467,#8468,#8469,#8470,#8471,
    #8472,#8473,#8474,#8475,#8476,#8477,#8478,#8479,#8480,#8481,#8482),
  .UNSPECIFIED.,.F.,.F.,(4,3,3,3,3,4),(0.,3.656695027343E-05,
    7.319782441725E-05,1.087821486354E-04,1.42712360362E-04,
    1.600521155838E-04),.UNSPECIFIED.);
#8467 = CARTESIAN_POINT('',(1.3,3.967445651802,4.0995));
#8468 = CARTESIAN_POINT('',(1.288416975021,3.971241023886,4.0995));
#8469 = CARTESIAN_POINT('',(1.276654775351,3.975035860909,4.101564340479
    ));
#8470 = CARTESIAN_POINT('',(1.265685156499,3.978525616936,4.105571881125
    ));
#8471 = CARTESIAN_POINT('',(1.254704681464,3.982018826633,4.109583387869
    ));
#8472 = CARTESIAN_POINT('',(1.244207387389,3.985305830669,4.115665587468
    ));
#8473 = CARTESIAN_POINT('',(1.235166059458,3.988106042417,4.123364855988
    ));
#8474 = CARTESIAN_POINT('',(1.226383773887,3.990826025523,4.130843533383
    ));
#8475 = CARTESIAN_POINT('',(1.218722602875,3.993166234078,4.140074639042
    ));
#8476 = CARTESIAN_POINT('',(1.212953106592,3.9949179918,4.150277664135)
  );
#8477 = CARTESIAN_POINT('',(1.207447974363,3.996589482242,4.160013176477
    ));
#8478 = CARTESIAN_POINT('',(1.203508492335,3.997773949197,4.170918216775
    ));
#8479 = CARTESIAN_POINT('',(1.20153648193,3.998366551805,4.182037594403)
  );
#8480 = CARTESIAN_POINT('',(1.200517151965,3.998672867427,4.187785188216
    ));
#8481 = CARTESIAN_POINT('',(1.2,3.998827953288,4.193654685853));
#8482 = CARTESIAN_POINT('',(1.2,3.998827953288,4.1995));
#8483 = ORIENTED_EDGE('',*,*,#8484,.F.);
#8484 = EDGE_CURVE('',#8485,#8464,#8487,.T.);
#8485 = VERTEX_POINT('',#8486);
#8486 = CARTESIAN_POINT('',(1.2,3.998827953288,4.4995));
#8487 = LINE('',#8488,#8489);
#8488 = CARTESIAN_POINT('',(1.2,3.998827953288,4.4995));
#8489 = VECTOR('',#8490,1.);
#8490 = DIRECTION('',(0.,-0.,-1.));
#8491 = ORIENTED_EDGE('',*,*,#8492,.T.);
#8492 = EDGE_CURVE('',#8485,#8493,#8495,.T.);
#8493 = VERTEX_POINT('',#8494);
#8494 = CARTESIAN_POINT('',(1.2,-3.998827953288,4.4995));
#8495 = CIRCLE('',#8496,4.175);
#8496 = AXIS2_PLACEMENT_3D('',#8497,#8498,#8499);
#8497 = CARTESIAN_POINT('',(2.983351379773E-34,-2.387982389954E-18,
    4.4995));
#8498 = DIRECTION('',(0.,0.,-1.));
#8499 = DIRECTION('',(-1.249318835986E-16,1.,-0.));
#8500 = ORIENTED_EDGE('',*,*,#8501,.T.);
#8501 = EDGE_CURVE('',#8493,#8502,#8504,.T.);
#8502 = VERTEX_POINT('',#8503);
#8503 = CARTESIAN_POINT('',(1.2,-3.998827953288,4.1995));
#8504 = LINE('',#8505,#8506);
#8505 = CARTESIAN_POINT('',(1.2,-3.998827953288,4.4995));
#8506 = VECTOR('',#8507,1.);
#8507 = DIRECTION('',(0.,-0.,-1.));
#8508 = ORIENTED_EDGE('',*,*,#8509,.T.);
#8509 = EDGE_CURVE('',#8502,#7826,#8510,.T.);
#8510 = B_SPLINE_CURVE_WITH_KNOTS('',3,(#8511,#8512,#8513,#8514,#8515,
    #8516,#8517,#8518,#8519,#8520,#8521,#8522,#8523,#8524,#8525,#8526),
  .UNSPECIFIED.,.F.,.F.,(4,3,3,3,3,4),(0.,3.250415918754E-05,
    6.497275712878E-05,9.799450788835E-05,1.323625346845E-04,
    1.60050492791E-04),.UNSPECIFIED.);
#8511 = CARTESIAN_POINT('',(1.2,-3.998827953288,4.1995));
#8512 = CARTESIAN_POINT('',(1.2,-3.998827953288,4.188665280271));
#8513 = CARTESIAN_POINT('',(1.201815225998,-3.998284405022,
    4.177681289224));
#8514 = CARTESIAN_POINT('',(1.205270036556,-3.997242692029,
    4.167465112363));
#8515 = CARTESIAN_POINT('',(1.2087227408,-3.996201614144,4.157255164057)
  );
#8516 = CARTESIAN_POINT('',(1.213901200931,-3.994635674458,
    4.147534869568));
#8517 = CARTESIAN_POINT('',(1.220337597365,-3.992668424557,
    4.139052488832));
#8518 = CARTESIAN_POINT('',(1.226885400226,-3.990667123883,
    4.130423288096));
#8519 = CARTESIAN_POINT('',(1.234901231246,-3.988198747773,
    4.122845434696));
#8520 = CARTESIAN_POINT('',(1.243717847039,-3.985447392321,
    4.116842155496));
#8521 = CARTESIAN_POINT('',(1.252891276164,-3.982584687987,
    4.110595920256));
#8522 = CARTESIAN_POINT('',(1.263167150588,-3.979341256907,
    4.105887785389));
#8523 = CARTESIAN_POINT('',(1.273732775709,-3.975956465567,
    4.103011488103));
#8524 = CARTESIAN_POINT('',(1.282285690474,-3.973216463769,
    4.100683114227));
#8525 = CARTESIAN_POINT('',(1.291183242843,-3.970334609915,
    4.099499999997));
#8526 = CARTESIAN_POINT('',(1.3,-3.967445651802,4.0995));
#8527 = CYLINDRICAL_SURFACE('',#8528,4.175);
#8528 = AXIS2_PLACEMENT_3D('',#8529,#8530,#8531);
#8529 = CARTESIAN_POINT('',(2.983351379773E-34,-2.387982389954E-18,
    4.4995));
#8530 = DIRECTION('',(0.,-0.,-1.));
#8531 = DIRECTION('',(-1.249318835986E-16,1.,-0.));
#8532 = ADVANCED_FACE('',(#8533),#8549,.T.);
#8533 = FACE_BOUND('',#8534,.T.);
#8534 = EDGE_LOOP('',(#8535,#8536,#8542,#8543));
#8535 = ORIENTED_EDGE('',*,*,#8484,.T.);
#8536 = ORIENTED_EDGE('',*,*,#8537,.T.);
#8537 = EDGE_CURVE('',#8464,#1662,#8538,.T.);
#8538 = LINE('',#8539,#8540);
#8539 = CARTESIAN_POINT('',(1.2,5.4125,4.1995));
#8540 = VECTOR('',#8541,1.);
#8541 = DIRECTION('',(-7.384841852134E-16,1.,0.));
#8542 = ORIENTED_EDGE('',*,*,#1661,.F.);
#8543 = ORIENTED_EDGE('',*,*,#8544,.T.);
#8544 = EDGE_CURVE('',#1654,#8485,#8545,.T.);
#8545 = LINE('',#8546,#8547);
#8546 = CARTESIAN_POINT('',(1.2,5.4125,4.4995));
#8547 = VECTOR('',#8548,1.);
#8548 = DIRECTION('',(7.384841852134E-16,-1.,0.));
#8549 = PLANE('',#8550);
#8550 = AXIS2_PLACEMENT_3D('',#8551,#8552,#8553);
#8551 = CARTESIAN_POINT('',(1.2,5.4125,4.4995));
#8552 = DIRECTION('',(1.,7.384841852134E-16,0.));
#8553 = DIRECTION('',(7.384841852134E-16,-1.,0.));
#8554 = ADVANCED_FACE('',(#8555),#8580,.T.);
#8555 = FACE_BOUND('',#8556,.T.);
#8556 = EDGE_LOOP('',(#8557,#8558,#8566,#8574));
#8557 = ORIENTED_EDGE('',*,*,#1645,.T.);
#8558 = ORIENTED_EDGE('',*,*,#8559,.T.);
#8559 = EDGE_CURVE('',#1637,#8560,#8562,.T.);
#8560 = VERTEX_POINT('',#8561);
#8561 = CARTESIAN_POINT('',(-1.2,3.998827953288,4.1995));
#8562 = LINE('',#8563,#8564);
#8563 = CARTESIAN_POINT('',(-1.2,3.998827953288,4.1995));
#8564 = VECTOR('',#8565,1.);
#8565 = DIRECTION('',(-7.953965688235E-16,-1.,0.));
#8566 = ORIENTED_EDGE('',*,*,#8567,.F.);
#8567 = EDGE_CURVE('',#8568,#8560,#8570,.T.);
#8568 = VERTEX_POINT('',#8569);
#8569 = CARTESIAN_POINT('',(-1.2,3.998827953288,4.4995));
#8570 = LINE('',#8571,#8572);
#8571 = CARTESIAN_POINT('',(-1.2,3.998827953288,4.4995));
#8572 = VECTOR('',#8573,1.);
#8573 = DIRECTION('',(0.,-0.,-1.));
#8574 = ORIENTED_EDGE('',*,*,#8575,.T.);
#8575 = EDGE_CURVE('',#8568,#1646,#8576,.T.);
#8576 = LINE('',#8577,#8578);
#8577 = CARTESIAN_POINT('',(-1.2,3.998827953288,4.4995));
#8578 = VECTOR('',#8579,1.);
#8579 = DIRECTION('',(7.953965688235E-16,1.,0.));
#8580 = PLANE('',#8581);
#8581 = AXIS2_PLACEMENT_3D('',#8582,#8583,#8584);
#8582 = CARTESIAN_POINT('',(-1.2,3.998827953288,4.4995));
#8583 = DIRECTION('',(-1.,7.953965688235E-16,0.));
#8584 = DIRECTION('',(7.953965688235E-16,1.,0.));
#8585 = ADVANCED_FACE('',(#8586),#8645,.T.);
#8586 = FACE_BOUND('',#8587,.T.);
#8587 = EDGE_LOOP('',(#8588,#8589,#8610,#8618,#8625,#8626));
#8588 = ORIENTED_EDGE('',*,*,#7787,.F.);
#8589 = ORIENTED_EDGE('',*,*,#8590,.T.);
#8590 = EDGE_CURVE('',#7780,#8591,#8593,.T.);
#8591 = VERTEX_POINT('',#8592);
#8592 = CARTESIAN_POINT('',(-1.2,-3.998827953288,4.1995));
#8593 = B_SPLINE_CURVE_WITH_KNOTS('',3,(#8594,#8595,#8596,#8597,#8598,
    #8599,#8600,#8601,#8602,#8603,#8604,#8605,#8606,#8607,#8608,#8609),
  .UNSPECIFIED.,.F.,.F.,(4,3,3,3,3,4),(0.,3.656695027343E-05,
    7.319782441725E-05,1.087821486354E-04,1.42712360362E-04,
    1.600521155838E-04),.UNSPECIFIED.);
#8594 = CARTESIAN_POINT('',(-1.3,-3.967445651802,4.0995));
#8595 = CARTESIAN_POINT('',(-1.288416975021,-3.971241023886,4.0995));
#8596 = CARTESIAN_POINT('',(-1.276654775351,-3.975035860909,
    4.101564340479));
#8597 = CARTESIAN_POINT('',(-1.265685156499,-3.978525616936,
    4.105571881125));
#8598 = CARTESIAN_POINT('',(-1.254704681464,-3.982018826633,
    4.109583387869));
#8599 = CARTESIAN_POINT('',(-1.244207387389,-3.985305830669,
    4.115665587468));
#8600 = CARTESIAN_POINT('',(-1.235166059458,-3.988106042417,
    4.123364855988));
#8601 = CARTESIAN_POINT('',(-1.226383773887,-3.990826025523,
    4.130843533383));
#8602 = CARTESIAN_POINT('',(-1.218722602875,-3.993166234078,
    4.140074639042));
#8603 = CARTESIAN_POINT('',(-1.212953106592,-3.9949179918,4.150277664135
    ));
#8604 = CARTESIAN_POINT('',(-1.207447974363,-3.996589482242,
    4.160013176477));
#8605 = CARTESIAN_POINT('',(-1.203508492335,-3.997773949197,
    4.170918216775));
#8606 = CARTESIAN_POINT('',(-1.20153648193,-3.998366551805,
    4.182037594403));
#8607 = CARTESIAN_POINT('',(-1.200517151965,-3.998672867427,
    4.187785188216));
#8608 = CARTESIAN_POINT('',(-1.2,-3.998827953288,4.193654685853));
#8609 = CARTESIAN_POINT('',(-1.2,-3.998827953288,4.1995));
#8610 = ORIENTED_EDGE('',*,*,#8611,.F.);
#8611 = EDGE_CURVE('',#8612,#8591,#8614,.T.);
#8612 = VERTEX_POINT('',#8613);
#8613 = CARTESIAN_POINT('',(-1.2,-3.998827953288,4.4995));
#8614 = LINE('',#8615,#8616);
#8615 = CARTESIAN_POINT('',(-1.2,-3.998827953288,4.4995));
#8616 = VECTOR('',#8617,1.);
#8617 = DIRECTION('',(0.,-0.,-1.));
#8618 = ORIENTED_EDGE('',*,*,#8619,.T.);
#8619 = EDGE_CURVE('',#8612,#8568,#8620,.T.);
#8620 = CIRCLE('',#8621,4.175);
#8621 = AXIS2_PLACEMENT_3D('',#8622,#8623,#8624);
#8622 = CARTESIAN_POINT('',(2.983351379773E-34,-2.387982389954E-18,
    4.4995));
#8623 = DIRECTION('',(0.,0.,-1.));
#8624 = DIRECTION('',(-1.249318835986E-16,1.,-0.));
#8625 = ORIENTED_EDGE('',*,*,#8567,.T.);
#8626 = ORIENTED_EDGE('',*,*,#8627,.T.);
#8627 = EDGE_CURVE('',#8560,#7788,#8628,.T.);
#8628 = B_SPLINE_CURVE_WITH_KNOTS('',3,(#8629,#8630,#8631,#8632,#8633,
    #8634,#8635,#8636,#8637,#8638,#8639,#8640,#8641,#8642,#8643,#8644),
  .UNSPECIFIED.,.F.,.F.,(4,3,3,3,3,4),(0.,3.250415918754E-05,
    6.497275712878E-05,9.799450788835E-05,1.323625346845E-04,
    1.60050492791E-04),.UNSPECIFIED.);
#8629 = CARTESIAN_POINT('',(-1.2,3.998827953288,4.1995));
#8630 = CARTESIAN_POINT('',(-1.2,3.998827953288,4.188665280271));
#8631 = CARTESIAN_POINT('',(-1.201815225998,3.998284405022,
    4.177681289224));
#8632 = CARTESIAN_POINT('',(-1.205270036556,3.997242692029,
    4.167465112363));
#8633 = CARTESIAN_POINT('',(-1.2087227408,3.996201614144,4.157255164057)
  );
#8634 = CARTESIAN_POINT('',(-1.213901200931,3.994635674458,
    4.147534869568));
#8635 = CARTESIAN_POINT('',(-1.220337597365,3.992668424557,
    4.139052488832));
#8636 = CARTESIAN_POINT('',(-1.226885400226,3.990667123883,
    4.130423288096));
#8637 = CARTESIAN_POINT('',(-1.234901231246,3.988198747773,
    4.122845434696));
#8638 = CARTESIAN_POINT('',(-1.243717847039,3.985447392321,
    4.116842155496));
#8639 = CARTESIAN_POINT('',(-1.252891276164,3.982584687987,
    4.110595920256));
#8640 = CARTESIAN_POINT('',(-1.263167150588,3.979341256907,
    4.105887785389));
#8641 = CARTESIAN_POINT('',(-1.273732775709,3.975956465567,
    4.103011488103));
#8642 = CARTESIAN_POINT('',(-1.282285690474,3.973216463769,
    4.100683114227));
#8643 = CARTESIAN_POINT('',(-1.291183242843,3.970334609915,
    4.099499999997));
#8644 = CARTESIAN_POINT('',(-1.3,3.967445651802,4.0995));
#8645 = CYLINDRICAL_SURFACE('',#8646,4.175);
#8646 = AXIS2_PLACEMENT_3D('',#8647,#8648,#8649);
#8647 = CARTESIAN_POINT('',(2.983351379773E-34,-2.387982389954E-18,
    4.4995));
#8648 = DIRECTION('',(0.,-0.,-1.));
#8649 = DIRECTION('',(-1.249318835986E-16,1.,-0.));
#8650 = ADVANCED_FACE('',(#8651),#8667,.T.);
#8651 = FACE_BOUND('',#8652,.T.);
#8652 = EDGE_LOOP('',(#8653,#8654,#8660,#8661));
#8653 = ORIENTED_EDGE('',*,*,#8611,.T.);
#8654 = ORIENTED_EDGE('',*,*,#8655,.T.);
#8655 = EDGE_CURVE('',#8591,#1496,#8656,.T.);
#8656 = LINE('',#8657,#8658);
#8657 = CARTESIAN_POINT('',(-1.2,-5.4125,4.1995));
#8658 = VECTOR('',#8659,1.);
#8659 = DIRECTION('',(1.249318835986E-16,-1.,0.));
#8660 = ORIENTED_EDGE('',*,*,#1495,.F.);
#8661 = ORIENTED_EDGE('',*,*,#8662,.T.);
#8662 = EDGE_CURVE('',#1488,#8612,#8663,.T.);
#8663 = LINE('',#8664,#8665);
#8664 = CARTESIAN_POINT('',(-1.2,-5.4125,4.4995));
#8665 = VECTOR('',#8666,1.);
#8666 = DIRECTION('',(-1.249318835986E-16,1.,0.));
#8667 = PLANE('',#8668);
#8668 = AXIS2_PLACEMENT_3D('',#8669,#8670,#8671);
#8669 = CARTESIAN_POINT('',(-1.2,-5.4125,4.4995));
#8670 = DIRECTION('',(-1.,-1.249318835986E-16,0.));
#8671 = DIRECTION('',(0.,0.,1.));
#8672 = ADVANCED_FACE('',(#8673),#8689,.T.);
#8673 = FACE_BOUND('',#8674,.T.);
#8674 = EDGE_LOOP('',(#8675,#8676,#8682,#8683));
#8675 = ORIENTED_EDGE('',*,*,#1479,.T.);
#8676 = ORIENTED_EDGE('',*,*,#8677,.T.);
#8677 = EDGE_CURVE('',#1471,#8502,#8678,.T.);
#8678 = LINE('',#8679,#8680);
#8679 = CARTESIAN_POINT('',(1.2,-3.998827953288,4.1995));
#8680 = VECTOR('',#8681,1.);
#8681 = DIRECTION('',(1.818442672087E-16,1.,0.));
#8682 = ORIENTED_EDGE('',*,*,#8501,.F.);
#8683 = ORIENTED_EDGE('',*,*,#8684,.T.);
#8684 = EDGE_CURVE('',#8493,#1480,#8685,.T.);
#8685 = LINE('',#8686,#8687);
#8686 = CARTESIAN_POINT('',(1.2,-3.998827953288,4.4995));
#8687 = VECTOR('',#8688,1.);
#8688 = DIRECTION('',(-1.818442672087E-16,-1.,0.));
#8689 = PLANE('',#8690);
#8690 = AXIS2_PLACEMENT_3D('',#8691,#8692,#8693);
#8691 = CARTESIAN_POINT('',(1.2,-3.998827953288,4.4995));
#8692 = DIRECTION('',(1.,-1.818442672087E-16,0.));
#8693 = DIRECTION('',(-1.818442672087E-16,-1.,0.));
#8694 = ADVANCED_FACE('',(#8695,#8705),#8715,.F.);
#8695 = FACE_BOUND('',#8696,.T.);
#8696 = EDGE_LOOP('',(#8697,#8704));
#8697 = ORIENTED_EDGE('',*,*,#8698,.T.);
#8698 = EDGE_CURVE('',#616,#636,#8699,.T.);
#8699 = CIRCLE('',#8700,3.9875);
#8700 = AXIS2_PLACEMENT_3D('',#8701,#8702,#8703);
#8701 = CARTESIAN_POINT('',(2.983351379773E-34,-2.387982389954E-18,
    4.4995));
#8702 = DIRECTION('',(0.,0.,-1.));
#8703 = DIRECTION('',(-1.249318835986E-16,1.,-0.));
#8704 = ORIENTED_EDGE('',*,*,#644,.T.);
#8705 = FACE_BOUND('',#8706,.T.);
#8706 = EDGE_LOOP('',(#8707,#8708,#8709,#8710,#8711,#8712,#8713,#8714));
#8707 = ORIENTED_EDGE('',*,*,#8492,.F.);
#8708 = ORIENTED_EDGE('',*,*,#8544,.F.);
#8709 = ORIENTED_EDGE('',*,*,#1653,.F.);
#8710 = ORIENTED_EDGE('',*,*,#8575,.F.);
#8711 = ORIENTED_EDGE('',*,*,#8619,.F.);
#8712 = ORIENTED_EDGE('',*,*,#8662,.F.);
#8713 = ORIENTED_EDGE('',*,*,#1487,.F.);
#8714 = ORIENTED_EDGE('',*,*,#8684,.F.);
#8715 = PLANE('',#8716);
#8716 = AXIS2_PLACEMENT_3D('',#8717,#8718,#8719);
#8717 = CARTESIAN_POINT('',(2.983351379773E-34,-2.387982389954E-18,
    4.4995));
#8718 = DIRECTION('',(0.,0.,-1.));
#8719 = DIRECTION('',(-1.249318835986E-16,1.,0.));
#8720 = ADVANCED_FACE('',(#8721),#8727,.F.);
#8721 = FACE_BOUND('',#8722,.F.);
#8722 = EDGE_LOOP('',(#8723,#8724,#8725,#8726));
#8723 = ORIENTED_EDGE('',*,*,#7779,.T.);
#8724 = ORIENTED_EDGE('',*,*,#8590,.T.);
#8725 = ORIENTED_EDGE('',*,*,#8655,.T.);
#8726 = ORIENTED_EDGE('',*,*,#1503,.T.);
#8727 = CYLINDRICAL_SURFACE('',#8728,1.E-01);
#8728 = AXIS2_PLACEMENT_3D('',#8729,#8730,#8731);
#8729 = CARTESIAN_POINT('',(-1.3,5.7625,4.1995));
#8730 = DIRECTION('',(-1.249318835986E-16,1.,0.));
#8731 = DIRECTION('',(0.,0.,1.));
#8732 = ADVANCED_FACE('',(#8733),#8739,.F.);
#8733 = FACE_BOUND('',#8734,.F.);
#8734 = EDGE_LOOP('',(#8735,#8736,#8737,#8738));
#8735 = ORIENTED_EDGE('',*,*,#7796,.T.);
#8736 = ORIENTED_EDGE('',*,*,#1636,.T.);
#8737 = ORIENTED_EDGE('',*,*,#8559,.T.);
#8738 = ORIENTED_EDGE('',*,*,#8627,.T.);
#8739 = CYLINDRICAL_SURFACE('',#8740,0.1);
#8740 = AXIS2_PLACEMENT_3D('',#8741,#8742,#8743);
#8741 = CARTESIAN_POINT('',(-1.3,5.7625,4.1995));
#8742 = DIRECTION('',(7.953965688235E-16,1.,0.));
#8743 = DIRECTION('',(1.,-7.953965688235E-16,0.));
#8744 = ADVANCED_FACE('',(#8745),#8751,.F.);
#8745 = FACE_BOUND('',#8746,.F.);
#8746 = EDGE_LOOP('',(#8747,#8748,#8749,#8750));
#8747 = ORIENTED_EDGE('',*,*,#7817,.T.);
#8748 = ORIENTED_EDGE('',*,*,#8463,.T.);
#8749 = ORIENTED_EDGE('',*,*,#8537,.T.);
#8750 = ORIENTED_EDGE('',*,*,#1669,.T.);
#8751 = CYLINDRICAL_SURFACE('',#8752,0.1);
#8752 = AXIS2_PLACEMENT_3D('',#8753,#8754,#8755);
#8753 = CARTESIAN_POINT('',(1.3,5.7625,4.1995));
#8754 = DIRECTION('',(7.384841852134E-16,-1.,0.));
#8755 = DIRECTION('',(-1.,-7.384841852134E-16,0.));
#8756 = ADVANCED_FACE('',(#8757),#8763,.F.);
#8757 = FACE_BOUND('',#8758,.F.);
#8758 = EDGE_LOOP('',(#8759,#8760,#8761,#8762));
#8759 = ORIENTED_EDGE('',*,*,#7834,.T.);
#8760 = ORIENTED_EDGE('',*,*,#1470,.T.);
#8761 = ORIENTED_EDGE('',*,*,#8677,.T.);
#8762 = ORIENTED_EDGE('',*,*,#8509,.T.);
#8763 = CYLINDRICAL_SURFACE('',#8764,0.1);
#8764 = AXIS2_PLACEMENT_3D('',#8765,#8766,#8767);
#8765 = CARTESIAN_POINT('',(1.3,5.7625,4.1995));
#8766 = DIRECTION('',(-1.818442672087E-16,-1.,0.));
#8767 = DIRECTION('',(-1.,1.818442672087E-16,0.));
#8768 = ADVANCED_FACE('',(#8769),#8781,.T.);
#8769 = FACE_BOUND('',#8770,.T.);
#8770 = EDGE_LOOP('',(#8771,#8772,#8779,#8780));
#8771 = ORIENTED_EDGE('',*,*,#702,.F.);
#8772 = ORIENTED_EDGE('',*,*,#8773,.T.);
#8773 = EDGE_CURVE('',#671,#679,#8774,.T.);
#8774 = CIRCLE('',#8775,3.4875);
#8775 = AXIS2_PLACEMENT_3D('',#8776,#8777,#8778);
#8776 = CARTESIAN_POINT('',(2.983351379773E-34,-2.387982389954E-18,
    10.9995));
#8777 = DIRECTION('',(0.,0.,-1.));
#8778 = DIRECTION('',(-1.249318835986E-16,1.,-0.));
#8779 = ORIENTED_EDGE('',*,*,#715,.T.);
#8780 = ORIENTED_EDGE('',*,*,#626,.T.);
#8781 = CYLINDRICAL_SURFACE('',#8782,3.4875);
#8782 = AXIS2_PLACEMENT_3D('',#8783,#8784,#8785);
#8783 = CARTESIAN_POINT('',(2.983351379773E-34,-2.387982389954E-18,
    11.4995));
#8784 = DIRECTION('',(0.,-0.,-1.));
#8785 = DIRECTION('',(-1.249318835986E-16,1.,-0.));
#8786 = ADVANCED_FACE('',(#8787),#8793,.T.);
#8787 = FACE_BOUND('',#8788,.T.);
#8788 = EDGE_LOOP('',(#8789,#8790,#8791,#8792));
#8789 = ORIENTED_EDGE('',*,*,#670,.F.);
#8790 = ORIENTED_EDGE('',*,*,#1250,.F.);
#8791 = ORIENTED_EDGE('',*,*,#687,.T.);
#8792 = ORIENTED_EDGE('',*,*,#8773,.F.);
#8793 = CONICAL_SURFACE('',#8794,3.4875,0.785398163397);
#8794 = AXIS2_PLACEMENT_3D('',#8795,#8796,#8797);
#8795 = CARTESIAN_POINT('',(2.983351379773E-34,-2.387982389954E-18,
    10.9995));
#8796 = DIRECTION('',(0.,-0.,-1.));
#8797 = DIRECTION('',(-1.249318835986E-16,1.,-0.));
#8798 = ADVANCED_FACE('',(#8799),#8805,.F.);
#8799 = FACE_BOUND('',#8800,.F.);
#8800 = EDGE_LOOP('',(#8801,#8802,#8803,#8804));
#8801 = ORIENTED_EDGE('',*,*,#708,.T.);
#8802 = ORIENTED_EDGE('',*,*,#615,.F.);
#8803 = ORIENTED_EDGE('',*,*,#8698,.T.);
#8804 = ORIENTED_EDGE('',*,*,#635,.T.);
#8805 = TOROIDAL_SURFACE('',#8806,3.9875,0.5);
#8806 = AXIS2_PLACEMENT_3D('',#8807,#8808,#8809);
#8807 = CARTESIAN_POINT('',(2.983351379773E-34,-2.387982389954E-18,
    4.9995));
#8808 = DIRECTION('',(0.,-0.,-1.));
#8809 = DIRECTION('',(-1.249318835986E-16,1.,-0.));
#8810 = ADVANCED_FACE('',(#8811),#8829,.T.);
#8811 = FACE_BOUND('',#8812,.T.);
#8812 = EDGE_LOOP('',(#8813,#8814,#8822,#8828));
#8813 = ORIENTED_EDGE('',*,*,#8322,.F.);
#8814 = ORIENTED_EDGE('',*,*,#8815,.F.);
#8815 = EDGE_CURVE('',#8816,#8313,#8818,.T.);
#8816 = VERTEX_POINT('',#8817);
#8817 = CARTESIAN_POINT('',(-5.,5.84,2.8245));
#8818 = LINE('',#8819,#8820);
#8819 = CARTESIAN_POINT('',(-4.5125,5.84,2.8245));
#8820 = VECTOR('',#8821,1.);
#8821 = DIRECTION('',(1.,1.904135448703E-15,0.));
#8822 = ORIENTED_EDGE('',*,*,#8823,.F.);
#8823 = EDGE_CURVE('',#8263,#8816,#8824,.T.);
#8824 = LINE('',#8825,#8826);
#8825 = CARTESIAN_POINT('',(-5.,5.85,2.8345));
#8826 = VECTOR('',#8827,1.);
#8827 = DIRECTION('',(8.834018207901E-17,-0.707106781187,-0.707106781186
    ));
#8828 = ORIENTED_EDGE('',*,*,#8296,.F.);
#8829 = PLANE('',#8830);
#8830 = AXIS2_PLACEMENT_3D('',#8831,#8832,#8833);
#8831 = CARTESIAN_POINT('',(4.469571421427,5.84,2.8245));
#8832 = DIRECTION('',(-1.346427088075E-15,0.707106781186,-0.707106781187
    ));
#8833 = DIRECTION('',(-1.,-1.904135448703E-15,-9.860761315263E-32));
#8834 = ADVANCED_FACE('',(#8835),#8854,.T.);
#8835 = FACE_BOUND('',#8836,.T.);
#8836 = EDGE_LOOP('',(#8837,#8838,#8847,#8853));
#8837 = ORIENTED_EDGE('',*,*,#8823,.T.);
#8838 = ORIENTED_EDGE('',*,*,#8839,.F.);
#8839 = EDGE_CURVE('',#8840,#8816,#8842,.T.);
#8840 = VERTEX_POINT('',#8841);
#8841 = CARTESIAN_POINT('',(-5.99,4.85,2.8245));
#8842 = CIRCLE('',#8843,0.99);
#8843 = AXIS2_PLACEMENT_3D('',#8844,#8845,#8846);
#8844 = CARTESIAN_POINT('',(-5.,4.85,2.8245));
#8845 = DIRECTION('',(-0.,0.,-1.));
#8846 = DIRECTION('',(-3.037693553488E-16,1.,0.));
#8847 = ORIENTED_EDGE('',*,*,#8848,.F.);
#8848 = EDGE_CURVE('',#5072,#8840,#8849,.T.);
#8849 = LINE('',#8850,#8851);
#8850 = CARTESIAN_POINT('',(-6.,4.85,2.8345));
#8851 = VECTOR('',#8852,1.);
#8852 = DIRECTION('',(0.707106781187,8.834018207901E-17,-0.707106781187)
  );
#8853 = ORIENTED_EDGE('',*,*,#8270,.F.);
#8854 = CONICAL_SURFACE('',#8855,0.99,0.785398163398);
#8855 = AXIS2_PLACEMENT_3D('',#8856,#8857,#8858);
#8856 = CARTESIAN_POINT('',(-5.,4.85,2.8245));
#8857 = DIRECTION('',(0.,0.,1.));
#8858 = DIRECTION('',(3.037693553488E-16,-1.,0.));
#8859 = ADVANCED_FACE('',(#8860),#8878,.T.);
#8860 = FACE_BOUND('',#8861,.T.);
#8861 = EDGE_LOOP('',(#8862,#8863,#8871,#8877));
#8862 = ORIENTED_EDGE('',*,*,#8848,.T.);
#8863 = ORIENTED_EDGE('',*,*,#8864,.F.);
#8864 = EDGE_CURVE('',#8865,#8840,#8867,.T.);
#8865 = VERTEX_POINT('',#8866);
#8866 = CARTESIAN_POINT('',(-5.99,-4.85,2.8245));
#8867 = LINE('',#8868,#8869);
#8868 = CARTESIAN_POINT('',(-5.99,4.85,2.8245));
#8869 = VECTOR('',#8870,1.);
#8870 = DIRECTION('',(5.390558815155E-17,1.,0.));
#8871 = ORIENTED_EDGE('',*,*,#8872,.F.);
#8872 = EDGE_CURVE('',#5080,#8865,#8873,.T.);
#8873 = LINE('',#8874,#8875);
#8874 = CARTESIAN_POINT('',(-6.,-4.85,2.8345));
#8875 = VECTOR('',#8876,1.);
#8876 = DIRECTION('',(0.707106781187,8.834018207901E-17,-0.707106781187)
  );
#8877 = ORIENTED_EDGE('',*,*,#5079,.F.);
#8878 = PLANE('',#8879);
#8879 = AXIS2_PLACEMENT_3D('',#8880,#8881,#8882);
#8880 = CARTESIAN_POINT('',(-5.99,5.7625,2.8245));
#8881 = DIRECTION('',(-0.707106781187,3.811700692581E-17,-0.707106781187
    ));
#8882 = DIRECTION('',(-5.390558815155E-17,-1.,0.));
#8883 = ADVANCED_FACE('',(#8884),#8903,.T.);
#8884 = FACE_BOUND('',#8885,.T.);
#8885 = EDGE_LOOP('',(#8886,#8887,#8896,#8902));
#8886 = ORIENTED_EDGE('',*,*,#8872,.T.);
#8887 = ORIENTED_EDGE('',*,*,#8888,.F.);
#8888 = EDGE_CURVE('',#8889,#8865,#8891,.T.);
#8889 = VERTEX_POINT('',#8890);
#8890 = CARTESIAN_POINT('',(-5.,-5.84,2.8245));
#8891 = CIRCLE('',#8892,0.99);
#8892 = AXIS2_PLACEMENT_3D('',#8893,#8894,#8895);
#8893 = CARTESIAN_POINT('',(-5.,-4.85,2.8245));
#8894 = DIRECTION('',(-0.,0.,-1.));
#8895 = DIRECTION('',(-3.037693553488E-16,1.,0.));
#8896 = ORIENTED_EDGE('',*,*,#8897,.F.);
#8897 = EDGE_CURVE('',#8220,#8889,#8898,.T.);
#8898 = LINE('',#8899,#8900);
#8899 = CARTESIAN_POINT('',(-5.,-5.85,2.8345));
#8900 = VECTOR('',#8901,1.);
#8901 = DIRECTION('',(-8.834018207901E-17,0.707106781187,-0.707106781186
    ));
#8902 = ORIENTED_EDGE('',*,*,#8244,.F.);
#8903 = CONICAL_SURFACE('',#8904,0.99,0.785398163398);
#8904 = AXIS2_PLACEMENT_3D('',#8905,#8906,#8907);
#8905 = CARTESIAN_POINT('',(-5.,-4.85,2.8245));
#8906 = DIRECTION('',(0.,0.,1.));
#8907 = DIRECTION('',(3.037693553488E-16,-1.,0.));
#8908 = ADVANCED_FACE('',(#8909),#8920,.T.);
#8909 = FACE_BOUND('',#8910,.T.);
#8910 = EDGE_LOOP('',(#8911,#8912,#8913,#8914));
#8911 = ORIENTED_EDGE('',*,*,#8194,.F.);
#8912 = ORIENTED_EDGE('',*,*,#8227,.F.);
#8913 = ORIENTED_EDGE('',*,*,#8897,.T.);
#8914 = ORIENTED_EDGE('',*,*,#8915,.F.);
#8915 = EDGE_CURVE('',#8195,#8889,#8916,.T.);
#8916 = LINE('',#8917,#8918);
#8917 = CARTESIAN_POINT('',(-5.,-5.84,2.8245));
#8918 = VECTOR('',#8919,1.);
#8919 = DIRECTION('',(-1.,-1.904135448703E-15,0.));
#8920 = PLANE('',#8921);
#8921 = AXIS2_PLACEMENT_3D('',#8922,#8923,#8924);
#8922 = CARTESIAN_POINT('',(4.469571421427,-5.84,2.8245));
#8923 = DIRECTION('',(1.346427088075E-15,-0.707106781186,-0.707106781187
    ));
#8924 = DIRECTION('',(1.,1.904135448703E-15,0.));
#8925 = ADVANCED_FACE('',(#8926),#8944,.T.);
#8926 = FACE_BOUND('',#8927,.T.);
#8927 = EDGE_LOOP('',(#8928,#8929,#8937,#8943));
#8928 = ORIENTED_EDGE('',*,*,#8072,.F.);
#8929 = ORIENTED_EDGE('',*,*,#8930,.F.);
#8930 = EDGE_CURVE('',#8931,#8063,#8933,.T.);
#8931 = VERTEX_POINT('',#8932);
#8932 = CARTESIAN_POINT('',(5.,-5.84,2.8245));
#8933 = LINE('',#8934,#8935);
#8934 = CARTESIAN_POINT('',(4.5125,-5.84,2.8245));
#8935 = VECTOR('',#8936,1.);
#8936 = DIRECTION('',(-1.,1.654271681506E-15,0.));
#8937 = ORIENTED_EDGE('',*,*,#8938,.F.);
#8938 = EDGE_CURVE('',#8013,#8931,#8939,.T.);
#8939 = LINE('',#8940,#8941);
#8940 = CARTESIAN_POINT('',(5.,-5.85,2.8345));
#8941 = VECTOR('',#8942,1.);
#8942 = DIRECTION('',(-8.834018207902E-17,0.707106781187,-0.707106781186
    ));
#8943 = ORIENTED_EDGE('',*,*,#8046,.F.);
#8944 = PLANE('',#8945);
#8945 = AXIS2_PLACEMENT_3D('',#8946,#8947,#8948);
#8946 = CARTESIAN_POINT('',(4.469571421427,-5.84,2.8245));
#8947 = DIRECTION('',(-1.169746723917E-15,-0.707106781186,
    -0.707106781187));
#8948 = DIRECTION('',(1.,-1.654271681506E-15,0.));
#8949 = ADVANCED_FACE('',(#8950),#8969,.T.);
#8950 = FACE_BOUND('',#8951,.T.);
#8951 = EDGE_LOOP('',(#8952,#8953,#8962,#8968));
#8952 = ORIENTED_EDGE('',*,*,#8938,.T.);
#8953 = ORIENTED_EDGE('',*,*,#8954,.F.);
#8954 = EDGE_CURVE('',#8955,#8931,#8957,.T.);
#8955 = VERTEX_POINT('',#8956);
#8956 = CARTESIAN_POINT('',(5.99,-4.85,2.8245));
#8957 = CIRCLE('',#8958,0.99);
#8958 = AXIS2_PLACEMENT_3D('',#8959,#8960,#8961);
#8959 = CARTESIAN_POINT('',(5.,-4.85,2.8245));
#8960 = DIRECTION('',(-0.,0.,-1.));
#8961 = DIRECTION('',(-3.037693553488E-16,1.,0.));
#8962 = ORIENTED_EDGE('',*,*,#8963,.F.);
#8963 = EDGE_CURVE('',#5909,#8955,#8964,.T.);
#8964 = LINE('',#8965,#8966);
#8965 = CARTESIAN_POINT('',(6.,-4.85,2.8345));
#8966 = VECTOR('',#8967,1.);
#8967 = DIRECTION('',(-0.707106781187,-8.834018207901E-17,
    -0.707106781186));
#8968 = ORIENTED_EDGE('',*,*,#8020,.F.);
#8969 = CONICAL_SURFACE('',#8970,0.99,0.785398163398);
#8970 = AXIS2_PLACEMENT_3D('',#8971,#8972,#8973);
#8971 = CARTESIAN_POINT('',(5.,-4.85,2.8245));
#8972 = DIRECTION('',(0.,0.,1.));
#8973 = DIRECTION('',(3.037693553488E-16,-1.,0.));
#8974 = ADVANCED_FACE('',(#8975),#8993,.T.);
#8975 = FACE_BOUND('',#8976,.T.);
#8976 = EDGE_LOOP('',(#8977,#8978,#8986,#8992));
#8977 = ORIENTED_EDGE('',*,*,#8963,.T.);
#8978 = ORIENTED_EDGE('',*,*,#8979,.F.);
#8979 = EDGE_CURVE('',#8980,#8955,#8982,.T.);
#8980 = VERTEX_POINT('',#8981);
#8981 = CARTESIAN_POINT('',(5.99,4.85,2.8245));
#8982 = LINE('',#8983,#8984);
#8983 = CARTESIAN_POINT('',(5.99,-4.85,2.8245));
#8984 = VECTOR('',#8985,1.);
#8985 = DIRECTION('',(-5.390558815155E-17,-1.,0.));
#8986 = ORIENTED_EDGE('',*,*,#8987,.F.);
#8987 = EDGE_CURVE('',#5917,#8980,#8988,.T.);
#8988 = LINE('',#8989,#8990);
#8989 = CARTESIAN_POINT('',(6.,4.85,2.8345));
#8990 = VECTOR('',#8991,1.);
#8991 = DIRECTION('',(-0.707106781187,-8.834018207901E-17,
    -0.707106781186));
#8992 = ORIENTED_EDGE('',*,*,#5916,.F.);
#8993 = PLANE('',#8994);
#8994 = AXIS2_PLACEMENT_3D('',#8995,#8996,#8997);
#8995 = CARTESIAN_POINT('',(5.99,5.7625,2.8245));
#8996 = DIRECTION('',(0.707106781186,-3.81170069258E-17,-0.707106781187)
  );
#8997 = DIRECTION('',(5.390558815155E-17,1.,-2.465190328816E-32));
#8998 = ADVANCED_FACE('',(#8999),#9018,.T.);
#8999 = FACE_BOUND('',#9000,.T.);
#9000 = EDGE_LOOP('',(#9001,#9002,#9011,#9017));
#9001 = ORIENTED_EDGE('',*,*,#8987,.T.);
#9002 = ORIENTED_EDGE('',*,*,#9003,.F.);
#9003 = EDGE_CURVE('',#9004,#8980,#9006,.T.);
#9004 = VERTEX_POINT('',#9005);
#9005 = CARTESIAN_POINT('',(5.,5.84,2.8245));
#9006 = CIRCLE('',#9007,0.99);
#9007 = AXIS2_PLACEMENT_3D('',#9008,#9009,#9010);
#9008 = CARTESIAN_POINT('',(5.,4.85,2.8245));
#9009 = DIRECTION('',(-0.,0.,-1.));
#9010 = DIRECTION('',(-3.037693553488E-16,1.,0.));
#9011 = ORIENTED_EDGE('',*,*,#9012,.F.);
#9012 = EDGE_CURVE('',#7963,#9004,#9013,.T.);
#9013 = LINE('',#9014,#9015);
#9014 = CARTESIAN_POINT('',(5.,5.85,2.8345));
#9015 = VECTOR('',#9016,1.);
#9016 = DIRECTION('',(8.834018207901E-17,-0.707106781187,-0.707106781186
    ));
#9017 = ORIENTED_EDGE('',*,*,#7994,.F.);
#9018 = CONICAL_SURFACE('',#9019,0.99,0.785398163398);
#9019 = AXIS2_PLACEMENT_3D('',#9020,#9021,#9022);
#9020 = CARTESIAN_POINT('',(5.,4.85,2.8245));
#9021 = DIRECTION('',(0.,0.,1.));
#9022 = DIRECTION('',(3.037693553488E-16,-1.,0.));
#9023 = ADVANCED_FACE('',(#9024),#9035,.T.);
#9024 = FACE_BOUND('',#9025,.T.);
#9025 = EDGE_LOOP('',(#9026,#9027,#9028,#9029));
#9026 = ORIENTED_EDGE('',*,*,#8437,.F.);
#9027 = ORIENTED_EDGE('',*,*,#7970,.F.);
#9028 = ORIENTED_EDGE('',*,*,#9012,.T.);
#9029 = ORIENTED_EDGE('',*,*,#9030,.F.);
#9030 = EDGE_CURVE('',#8438,#9004,#9031,.T.);
#9031 = LINE('',#9032,#9033);
#9032 = CARTESIAN_POINT('',(5.,5.84,2.8245));
#9033 = VECTOR('',#9034,1.);
#9034 = DIRECTION('',(1.,-1.654271681506E-15,0.));
#9035 = PLANE('',#9036);
#9036 = AXIS2_PLACEMENT_3D('',#9037,#9038,#9039);
#9037 = CARTESIAN_POINT('',(4.469571421427,5.84,2.8245));
#9038 = DIRECTION('',(1.169746723918E-15,0.707106781186,-0.707106781187)
  );
#9039 = DIRECTION('',(-1.,1.654271681506E-15,0.));
#9040 = ADVANCED_FACE('',(#9041),#9060,.T.);
#9041 = FACE_BOUND('',#9042,.T.);
#9042 = EDGE_LOOP('',(#9043,#9052,#9058,#9059));
#9043 = ORIENTED_EDGE('',*,*,#9044,.F.);
#9044 = EDGE_CURVE('',#9045,#1424,#9047,.T.);
#9045 = VERTEX_POINT('',#9046);
#9046 = CARTESIAN_POINT('',(2.,-5.425,3.5995));
#9047 = CIRCLE('',#9048,5.781922258211);
#9048 = AXIS2_PLACEMENT_3D('',#9049,#9050,#9051);
#9049 = CARTESIAN_POINT('',(5.049701140105E-16,-2.91674781658E-15,3.5995
    ));
#9050 = DIRECTION('',(-2.486067977623E-16,-1.050146253843E-31,1.));
#9051 = DIRECTION('',(-1.,-3.037693553488E-16,-2.486067977623E-16));
#9052 = ORIENTED_EDGE('',*,*,#9053,.T.);
#9053 = EDGE_CURVE('',#9045,#1179,#9054,.T.);
#9054 = LINE('',#9055,#9056);
#9055 = CARTESIAN_POINT('',(4.5,-5.425,3.5995));
#9056 = VECTOR('',#9057,1.);
#9057 = DIRECTION('',(1.,1.249318835986E-16,2.486067977623E-16));
#9058 = ORIENTED_EDGE('',*,*,#1178,.F.);
#9059 = ORIENTED_EDGE('',*,*,#1431,.T.);
#9060 = PLANE('',#9061);
#9061 = AXIS2_PLACEMENT_3D('',#9062,#9063,#9064);
#9062 = CARTESIAN_POINT('',(-5.,4.85,3.5995));
#9063 = DIRECTION('',(-2.486067977623E-16,-6.407012231719E-33,1.));
#9064 = DIRECTION('',(1.249318835986E-16,-1.,2.465190328816E-32));
#9065 = ADVANCED_FACE('',(#9066),#9085,.T.);
#9066 = FACE_BOUND('',#9067,.T.);
#9067 = EDGE_LOOP('',(#9068,#9077,#9078,#9079));
#9068 = ORIENTED_EDGE('',*,*,#9069,.F.);
#9069 = EDGE_CURVE('',#1544,#9070,#9072,.T.);
#9070 = VERTEX_POINT('',#9071);
#9071 = CARTESIAN_POINT('',(-2.,-5.425,3.5995));
#9072 = CIRCLE('',#9073,5.781922258211);
#9073 = AXIS2_PLACEMENT_3D('',#9074,#9075,#9076);
#9074 = CARTESIAN_POINT('',(5.049701140105E-16,-2.91674781658E-15,3.5995
    ));
#9075 = DIRECTION('',(-2.486067977623E-16,-1.050146253843E-31,1.));
#9076 = DIRECTION('',(-1.,-3.037693553488E-16,-2.486067977623E-16));
#9077 = ORIENTED_EDGE('',*,*,#1543,.T.);
#9078 = ORIENTED_EDGE('',*,*,#1098,.F.);
#9079 = ORIENTED_EDGE('',*,*,#9080,.T.);
#9080 = EDGE_CURVE('',#1091,#9070,#9081,.T.);
#9081 = LINE('',#9082,#9083);
#9082 = CARTESIAN_POINT('',(4.5,-5.425,3.5995));
#9083 = VECTOR('',#9084,1.);
#9084 = DIRECTION('',(1.,1.249318835986E-16,2.486067977623E-16));
#9085 = PLANE('',#9086);
#9086 = AXIS2_PLACEMENT_3D('',#9087,#9088,#9089);
#9087 = CARTESIAN_POINT('',(-5.,4.85,3.5995));
#9088 = DIRECTION('',(-2.486067977623E-16,-6.407012231719E-33,1.));
#9089 = DIRECTION('',(1.249318835986E-16,-1.,2.465190328816E-32));
#9090 = ADVANCED_FACE('',(#9091),#9110,.T.);
#9091 = FACE_BOUND('',#9092,.T.);
#9092 = EDGE_LOOP('',(#9093,#9102,#9108,#9109));
#9093 = ORIENTED_EDGE('',*,*,#9094,.F.);
#9094 = EDGE_CURVE('',#9095,#1590,#9097,.T.);
#9095 = VERTEX_POINT('',#9096);
#9096 = CARTESIAN_POINT('',(-2.,5.425,3.5995));
#9097 = CIRCLE('',#9098,5.781922258211);
#9098 = AXIS2_PLACEMENT_3D('',#9099,#9100,#9101);
#9099 = CARTESIAN_POINT('',(5.049701140105E-16,-2.91674781658E-15,3.5995
    ));
#9100 = DIRECTION('',(-2.486067977623E-16,-1.050146253843E-31,1.));
#9101 = DIRECTION('',(-1.,-3.037693553488E-16,-2.486067977623E-16));
#9102 = ORIENTED_EDGE('',*,*,#9103,.T.);
#9103 = EDGE_CURVE('',#9095,#1139,#9104,.T.);
#9104 = LINE('',#9105,#9106);
#9105 = CARTESIAN_POINT('',(-4.5,5.425,3.5995));
#9106 = VECTOR('',#9107,1.);
#9107 = DIRECTION('',(-1.,-1.249318835986E-16,-2.486067977623E-16));
#9108 = ORIENTED_EDGE('',*,*,#1138,.F.);
#9109 = ORIENTED_EDGE('',*,*,#1597,.T.);
#9110 = PLANE('',#9111);
#9111 = AXIS2_PLACEMENT_3D('',#9112,#9113,#9114);
#9112 = CARTESIAN_POINT('',(-5.,4.85,3.5995));
#9113 = DIRECTION('',(-2.486067977623E-16,-6.407012231719E-33,1.));
#9114 = DIRECTION('',(1.249318835986E-16,-1.,2.465190328816E-32));
#9115 = ADVANCED_FACE('',(#9116),#9135,.T.);
#9116 = FACE_BOUND('',#9117,.T.);
#9117 = EDGE_LOOP('',(#9118,#9127,#9128,#9129));
#9118 = ORIENTED_EDGE('',*,*,#9119,.F.);
#9119 = EDGE_CURVE('',#1566,#9120,#9122,.T.);
#9120 = VERTEX_POINT('',#9121);
#9121 = CARTESIAN_POINT('',(2.,5.425,3.5995));
#9122 = CIRCLE('',#9123,5.781922258211);
#9123 = AXIS2_PLACEMENT_3D('',#9124,#9125,#9126);
#9124 = CARTESIAN_POINT('',(5.049701140105E-16,-2.91674781658E-15,3.5995
    ));
#9125 = DIRECTION('',(-2.486067977623E-16,-1.050146253843E-31,1.));
#9126 = DIRECTION('',(-1.,-3.037693553488E-16,-2.486067977623E-16));
#9127 = ORIENTED_EDGE('',*,*,#1565,.T.);
#9128 = ORIENTED_EDGE('',*,*,#1218,.F.);
#9129 = ORIENTED_EDGE('',*,*,#9130,.T.);
#9130 = EDGE_CURVE('',#1211,#9120,#9131,.T.);
#9131 = LINE('',#9132,#9133);
#9132 = CARTESIAN_POINT('',(-4.5,5.425,3.5995));
#9133 = VECTOR('',#9134,1.);
#9134 = DIRECTION('',(-1.,-1.249318835986E-16,-2.486067977623E-16));
#9135 = PLANE('',#9136);
#9136 = AXIS2_PLACEMENT_3D('',#9137,#9138,#9139);
#9137 = CARTESIAN_POINT('',(-5.,4.85,3.5995));
#9138 = DIRECTION('',(-2.486067977623E-16,-6.407012231719E-33,1.));
#9139 = DIRECTION('',(1.249318835986E-16,-1.,2.465190328816E-32));
#9140 = ADVANCED_FACE('',(#9141),#9151,.T.);
#9141 = FACE_BOUND('',#9142,.T.);
#9142 = EDGE_LOOP('',(#9143,#9150));
#9143 = ORIENTED_EDGE('',*,*,#9144,.T.);
#9144 = EDGE_CURVE('',#576,#574,#9145,.T.);
#9145 = CIRCLE('',#9146,2.);
#9146 = AXIS2_PLACEMENT_3D('',#9147,#9148,#9149);
#9147 = CARTESIAN_POINT('',(5.049701140105E-16,-2.475889529204E-15,
    -5.00000000045E-04));
#9148 = DIRECTION('',(-1.529923784499E-32,1.224606353822E-16,-1.));
#9149 = DIRECTION('',(1.249318835986E-16,-1.,-1.224606353822E-16));
#9150 = ORIENTED_EDGE('',*,*,#573,.T.);
#9151 = PLANE('',#9152);
#9152 = AXIS2_PLACEMENT_3D('',#9153,#9154,#9155);
#9153 = CARTESIAN_POINT('',(5.049701140105E-16,-2.475889529204E-15,
    -5.00000000045E-04));
#9154 = DIRECTION('',(-1.529923784499E-32,1.224606353822E-16,-1.));
#9155 = DIRECTION('',(1.249318835986E-16,-1.,-1.224606353822E-16));
#9156 = ADVANCED_FACE('',(#9157),#9169,.T.);
#9157 = FACE_BOUND('',#9158,.T.);
#9158 = EDGE_LOOP('',(#9159,#9160,#9161,#9162));
#9159 = ORIENTED_EDGE('',*,*,#584,.F.);
#9160 = ORIENTED_EDGE('',*,*,#9144,.F.);
#9161 = ORIENTED_EDGE('',*,*,#601,.T.);
#9162 = ORIENTED_EDGE('',*,*,#9163,.F.);
#9163 = EDGE_CURVE('',#585,#593,#9164,.T.);
#9164 = CIRCLE('',#9165,2.);
#9165 = AXIS2_PLACEMENT_3D('',#9166,#9167,#9168);
#9166 = CARTESIAN_POINT('',(5.049701140105E-16,-2.494258624511E-15,
    0.1495));
#9167 = DIRECTION('',(1.529923784499E-32,-1.224606353822E-16,1.));
#9168 = DIRECTION('',(1.249318835986E-16,-1.,-1.224606353822E-16));
#9169 = CYLINDRICAL_SURFACE('',#9170,2.);
#9170 = AXIS2_PLACEMENT_3D('',#9171,#9172,#9173);
#9171 = CARTESIAN_POINT('',(5.049701140105E-16,-2.475889529204E-15,
    -5.00000000045E-04));
#9172 = DIRECTION('',(1.529923784499E-32,-1.224606353822E-16,1.));
#9173 = DIRECTION('',(-1.249318835986E-16,1.,1.224606353822E-16));
#9174 = ADVANCED_FACE('',(#9175),#9211,.F.);
#9175 = FACE_BOUND('',#9176,.F.);
#9176 = EDGE_LOOP('',(#9177,#9187,#9196,#9204));
#9177 = ORIENTED_EDGE('',*,*,#9178,.F.);
#9178 = EDGE_CURVE('',#9179,#9181,#9183,.T.);
#9179 = VERTEX_POINT('',#9180);
#9180 = CARTESIAN_POINT('',(-0.7,-3.,0.3995));
#9181 = VERTEX_POINT('',#9182);
#9182 = CARTESIAN_POINT('',(-0.7,-3.,0.1495));
#9183 = LINE('',#9184,#9185);
#9184 = CARTESIAN_POINT('',(-0.7,-3.,0.3995));
#9185 = VECTOR('',#9186,1.);
#9186 = DIRECTION('',(-1.529923784499E-32,1.224606353822E-16,-1.));
#9187 = ORIENTED_EDGE('',*,*,#9188,.T.);
#9188 = EDGE_CURVE('',#9179,#9189,#9191,.T.);
#9189 = VERTEX_POINT('',#9190);
#9190 = CARTESIAN_POINT('',(0.7,-3.,0.3995));
#9191 = CIRCLE('',#9192,0.7);
#9192 = AXIS2_PLACEMENT_3D('',#9193,#9194,#9195);
#9193 = CARTESIAN_POINT('',(8.797657648064E-16,-3.,0.3995));
#9194 = DIRECTION('',(-1.529923784499E-32,1.224606353822E-16,-1.));
#9195 = DIRECTION('',(1.249318835986E-16,-1.,-1.224606353822E-16));
#9196 = ORIENTED_EDGE('',*,*,#9197,.T.);
#9197 = EDGE_CURVE('',#9189,#9198,#9200,.T.);
#9198 = VERTEX_POINT('',#9199);
#9199 = CARTESIAN_POINT('',(0.7,-3.,0.1495));
#9200 = LINE('',#9201,#9202);
#9201 = CARTESIAN_POINT('',(0.7,-3.,0.3995));
#9202 = VECTOR('',#9203,1.);
#9203 = DIRECTION('',(-1.529923784499E-32,1.224606353822E-16,-1.));
#9204 = ORIENTED_EDGE('',*,*,#9205,.F.);
#9205 = EDGE_CURVE('',#9181,#9198,#9206,.T.);
#9206 = CIRCLE('',#9207,0.7);
#9207 = AXIS2_PLACEMENT_3D('',#9208,#9209,#9210);
#9208 = CARTESIAN_POINT('',(8.797657648064E-16,-3.,0.1495));
#9209 = DIRECTION('',(-1.529923784499E-32,1.224606353822E-16,-1.));
#9210 = DIRECTION('',(1.249318835986E-16,-1.,-1.224606353822E-16));
#9211 = CYLINDRICAL_SURFACE('',#9212,0.7);
#9212 = AXIS2_PLACEMENT_3D('',#9213,#9214,#9215);
#9213 = CARTESIAN_POINT('',(8.797657648064E-16,-3.,0.3995));
#9214 = DIRECTION('',(-1.529923784499E-32,1.224606353822E-16,-1.));
#9215 = DIRECTION('',(1.249318835986E-16,-1.,-1.224606353822E-16));
#9216 = ADVANCED_FACE('',(#9217),#9244,.F.);
#9217 = FACE_BOUND('',#9218,.F.);
#9218 = EDGE_LOOP('',(#9219,#9228,#9236,#9243));
#9219 = ORIENTED_EDGE('',*,*,#9220,.F.);
#9220 = EDGE_CURVE('',#9221,#542,#9223,.T.);
#9221 = VERTEX_POINT('',#9222);
#9222 = CARTESIAN_POINT('',(0.7,3.,0.1495));
#9223 = CIRCLE('',#9224,0.7);
#9224 = AXIS2_PLACEMENT_3D('',#9225,#9226,#9227);
#9225 = CARTESIAN_POINT('',(1.301744632146E-16,3.,0.1495));
#9226 = DIRECTION('',(-1.529923784499E-32,1.224606353822E-16,-1.));
#9227 = DIRECTION('',(-1.249318835986E-16,1.,1.224606353822E-16));
#9228 = ORIENTED_EDGE('',*,*,#9229,.F.);
#9229 = EDGE_CURVE('',#9230,#9221,#9232,.T.);
#9230 = VERTEX_POINT('',#9231);
#9231 = CARTESIAN_POINT('',(0.7,3.,0.3995));
#9232 = LINE('',#9233,#9234);
#9233 = CARTESIAN_POINT('',(0.7,3.,0.3995));
#9234 = VECTOR('',#9235,1.);
#9235 = DIRECTION('',(-1.529923784499E-32,1.224606353822E-16,-1.));
#9236 = ORIENTED_EDGE('',*,*,#9237,.T.);
#9237 = EDGE_CURVE('',#9230,#551,#9238,.T.);
#9238 = CIRCLE('',#9239,0.7);
#9239 = AXIS2_PLACEMENT_3D('',#9240,#9241,#9242);
#9240 = CARTESIAN_POINT('',(1.301744632146E-16,3.,0.3995));
#9241 = DIRECTION('',(-1.529923784499E-32,1.224606353822E-16,-1.));
#9242 = DIRECTION('',(-1.249318835986E-16,1.,1.224606353822E-16));
#9243 = ORIENTED_EDGE('',*,*,#550,.T.);
#9244 = CYLINDRICAL_SURFACE('',#9245,0.7);
#9245 = AXIS2_PLACEMENT_3D('',#9246,#9247,#9248);
#9246 = CARTESIAN_POINT('',(1.301744632146E-16,3.,0.3995));
#9247 = DIRECTION('',(-1.529923784499E-32,1.224606353822E-16,-1.));
#9248 = DIRECTION('',(1.249318835986E-16,-1.,-1.224606353822E-16));
#9249 = ADVANCED_FACE('',(#9250),#9284,.T.);
#9250 = FACE_BOUND('',#9251,.T.);
#9251 = EDGE_LOOP('',(#9252,#9262,#9270,#9278));
#9252 = ORIENTED_EDGE('',*,*,#9253,.T.);
#9253 = EDGE_CURVE('',#9254,#9256,#9258,.T.);
#9254 = VERTEX_POINT('',#9255);
#9255 = CARTESIAN_POINT('',(6.925,-2.05,0.327707887907));
#9256 = VERTEX_POINT('',#9257);
#9257 = CARTESIAN_POINT('',(6.925,-1.75,0.327707887907));
#9258 = LINE('',#9259,#9260);
#9259 = CARTESIAN_POINT('',(6.925,-2.05,0.327707887907));
#9260 = VECTOR('',#9261,1.);
#9261 = DIRECTION('',(6.781516928765E-17,1.,-5.589664533703E-15));
#9262 = ORIENTED_EDGE('',*,*,#9263,.T.);
#9263 = EDGE_CURVE('',#9256,#9264,#9266,.T.);
#9264 = VERTEX_POINT('',#9265);
#9265 = CARTESIAN_POINT('',(7.075,-1.75,0.327707887907));
#9266 = LINE('',#9267,#9268);
#9267 = CARTESIAN_POINT('',(-61.1891926635,-1.75,0.327707887907));
#9268 = VECTOR('',#9269,1.);
#9269 = DIRECTION('',(1.,-6.781516928767E-17,-3.242874541081E-15));
#9270 = ORIENTED_EDGE('',*,*,#9271,.F.);
#9271 = EDGE_CURVE('',#9272,#9264,#9274,.T.);
#9272 = VERTEX_POINT('',#9273);
#9273 = CARTESIAN_POINT('',(7.075,-2.05,0.327707887907));
#9274 = LINE('',#9275,#9276);
#9275 = CARTESIAN_POINT('',(7.075,-2.05,0.327707887907));
#9276 = VECTOR('',#9277,1.);
#9277 = DIRECTION('',(6.781516928765E-17,1.,-5.589664533703E-15));
#9278 = ORIENTED_EDGE('',*,*,#9279,.F.);
#9279 = EDGE_CURVE('',#9254,#9272,#9280,.T.);
#9280 = LINE('',#9281,#9282);
#9281 = CARTESIAN_POINT('',(-61.1891926635,-2.05,0.327707887907));
#9282 = VECTOR('',#9283,1.);
#9283 = DIRECTION('',(1.,-6.781516928767E-17,-3.242874541081E-15));
#9284 = PLANE('',#9285);
#9285 = AXIS2_PLACEMENT_3D('',#9286,#9287,#9288);
#9286 = CARTESIAN_POINT('',(-61.1891926635,-2.05,0.327707887907));
#9287 = DIRECTION('',(-3.242874541081E-15,-5.589664533703E-15,-1.));
#9288 = DIRECTION('',(6.781516928765E-17,1.,-5.589664533703E-15));
#9289 = ADVANCED_FACE('',(#9290),#9315,.T.);
#9290 = FACE_BOUND('',#9291,.T.);
#9291 = EDGE_LOOP('',(#9292,#9302,#9308,#9309));
#9292 = ORIENTED_EDGE('',*,*,#9293,.T.);
#9293 = EDGE_CURVE('',#9294,#9296,#9298,.T.);
#9294 = VERTEX_POINT('',#9295);
#9295 = CARTESIAN_POINT('',(7.075,-2.05,-3.174764068712));
#9296 = VERTEX_POINT('',#9297);
#9297 = CARTESIAN_POINT('',(6.925,-2.05,-3.174764068712));
#9298 = LINE('',#9299,#9300);
#9299 = CARTESIAN_POINT('',(7.225,-2.05,-3.174764068712));
#9300 = VECTOR('',#9301,1.);
#9301 = DIRECTION('',(-1.,6.781516928767E-17,3.242876563347E-15));
#9302 = ORIENTED_EDGE('',*,*,#9303,.T.);
#9303 = EDGE_CURVE('',#9296,#9254,#9304,.T.);
#9304 = LINE('',#9305,#9306);
#9305 = CARTESIAN_POINT('',(6.925,-2.05,0.327707887907));
#9306 = VECTOR('',#9307,1.);
#9307 = DIRECTION('',(3.242874541081E-15,-1.927470528863E-16,1.));
#9308 = ORIENTED_EDGE('',*,*,#9279,.T.);
#9309 = ORIENTED_EDGE('',*,*,#9310,.F.);
#9310 = EDGE_CURVE('',#9294,#9272,#9311,.T.);
#9311 = LINE('',#9312,#9313);
#9312 = CARTESIAN_POINT('',(7.075,-2.05,0.327707887907));
#9313 = VECTOR('',#9314,1.);
#9314 = DIRECTION('',(3.242874541081E-15,-1.927470528863E-16,1.));
#9315 = PLANE('',#9316);
#9316 = AXIS2_PLACEMENT_3D('',#9317,#9318,#9319);
#9317 = CARTESIAN_POINT('',(-61.1891926635,-2.05,0.327707887907));
#9318 = DIRECTION('',(6.781516928767E-17,1.,1.927470528863E-16));
#9319 = DIRECTION('',(1.,-6.781516928767E-17,-3.242874541081E-15));
#9320 = ADVANCED_FACE('',(#9321),#9338,.F.);
#9321 = FACE_BOUND('',#9322,.T.);
#9322 = EDGE_LOOP('',(#9323,#9329,#9330,#9331,#9337));
#9323 = ORIENTED_EDGE('',*,*,#9324,.T.);
#9324 = EDGE_CURVE('',#9294,#401,#9325,.T.);
#9325 = LINE('',#9326,#9327);
#9326 = CARTESIAN_POINT('',(7.075,16.40123597831,15.276471909598));
#9327 = VECTOR('',#9328,1.);
#9328 = DIRECTION('',(-2.341011144606E-15,-0.707106781187,
    -0.707106781187));
#9329 = ORIENTED_EDGE('',*,*,#400,.F.);
#9330 = ORIENTED_EDGE('',*,*,#517,.T.);
#9331 = ORIENTED_EDGE('',*,*,#9332,.T.);
#9332 = EDGE_CURVE('',#507,#9296,#9333,.T.);
#9333 = LINE('',#9334,#9335);
#9334 = CARTESIAN_POINT('',(6.925,-2.287867965644,-3.412632034356));
#9335 = VECTOR('',#9336,1.);
#9336 = DIRECTION('',(2.314262396811E-15,0.707106781187,0.707106781187)
  );
#9337 = ORIENTED_EDGE('',*,*,#9293,.F.);
#9338 = PLANE('',#9339);
#9339 = AXIS2_PLACEMENT_3D('',#9340,#9341,#9342);
#9340 = CARTESIAN_POINT('',(7.225,-2.287867965644,-3.412632034356));
#9341 = DIRECTION('',(2.245107442423E-15,-0.707106781187,0.707106781187)
  );
#9342 = DIRECTION('',(2.641317346258E-16,-0.707106781187,-0.707106781187
    ));
#9343 = ADVANCED_FACE('',(#9344),#9365,.T.);
#9344 = FACE_BOUND('',#9345,.T.);
#9345 = EDGE_LOOP('',(#9346,#9347,#9358,#9364));
#9346 = ORIENTED_EDGE('',*,*,#500,.F.);
#9347 = ORIENTED_EDGE('',*,*,#9348,.F.);
#9348 = EDGE_CURVE('',#9349,#382,#9351,.T.);
#9349 = VERTEX_POINT('',#9350);
#9350 = CARTESIAN_POINT('',(7.159232921921,-2.712132034356,
    -3.412632034356));
#9351 = B_SPLINE_CURVE_WITH_KNOTS('',3,(#9352,#9353,#9354,#9355,#9356,
    #9357),.UNSPECIFIED.,.F.,.F.,(4,2,4),(0.,1.229181087938E-04,
    2.458362175877E-04),.UNSPECIFIED.);
#9352 = CARTESIAN_POINT('',(7.159232921921,-2.712132034356,
    -3.412632034356));
#9353 = CARTESIAN_POINT('',(7.177324609176,-2.685759094837,
    -3.439004973875));
#9354 = CARTESIAN_POINT('',(7.193903339847,-2.654304624499,
    -3.460770144198));
#9355 = CARTESIAN_POINT('',(7.217926269636,-2.581912663317,
    -3.491774407889));
#9356 = CARTESIAN_POINT('',(7.225,-2.54093902525,-3.500500000001));
#9357 = CARTESIAN_POINT('',(7.225000000011,-2.499999999997,
    -3.500500000014));
#9358 = ORIENTED_EDGE('',*,*,#9359,.T.);
#9359 = EDGE_CURVE('',#9349,#426,#9360,.T.);
#9360 = LINE('',#9361,#9362);
#9361 = CARTESIAN_POINT('',(7.225,-2.712132034356,-3.412632034356));
#9362 = VECTOR('',#9363,1.);
#9363 = DIRECTION('',(-1.,6.781516928767E-17,3.242876563347E-15));
#9364 = ORIENTED_EDGE('',*,*,#433,.T.);
#9365 = CYLINDRICAL_SURFACE('',#9366,0.3);
#9366 = AXIS2_PLACEMENT_3D('',#9367,#9368,#9369);
#9367 = CARTESIAN_POINT('',(7.225,-2.5,-3.2005));
#9368 = DIRECTION('',(-1.,6.781516928767E-17,3.242876563347E-15));
#9369 = DIRECTION('',(-3.242876563347E-15,-8.544111072053E-31,-1.));
#9370 = ADVANCED_FACE('',(#9371),#9405,.F.);
#9371 = FACE_BOUND('',#9372,.T.);
#9372 = EDGE_LOOP('',(#9373,#9383,#9391,#9399));
#9373 = ORIENTED_EDGE('',*,*,#9374,.T.);
#9374 = EDGE_CURVE('',#9375,#9377,#9379,.T.);
#9375 = VERTEX_POINT('',#9376);
#9376 = CARTESIAN_POINT('',(6.925,-2.95,0.327707887907));
#9377 = VERTEX_POINT('',#9378);
#9378 = CARTESIAN_POINT('',(6.925,-2.95,-3.174764068712));
#9379 = LINE('',#9380,#9381);
#9380 = CARTESIAN_POINT('',(6.925,-2.95,0.327707887907));
#9381 = VECTOR('',#9382,1.);
#9382 = DIRECTION('',(-3.242874541081E-15,2.723215242614E-16,-1.));
#9383 = ORIENTED_EDGE('',*,*,#9384,.F.);
#9384 = EDGE_CURVE('',#9385,#9377,#9387,.T.);
#9385 = VERTEX_POINT('',#9386);
#9386 = CARTESIAN_POINT('',(7.075,-2.95,-3.174764068712));
#9387 = LINE('',#9388,#9389);
#9388 = CARTESIAN_POINT('',(7.225,-2.95,-3.174764068712));
#9389 = VECTOR('',#9390,1.);
#9390 = DIRECTION('',(-1.,6.781516928767E-17,3.242876563347E-15));
#9391 = ORIENTED_EDGE('',*,*,#9392,.F.);
#9392 = EDGE_CURVE('',#9393,#9385,#9395,.T.);
#9393 = VERTEX_POINT('',#9394);
#9394 = CARTESIAN_POINT('',(7.075,-2.95,0.327707887907));
#9395 = LINE('',#9396,#9397);
#9396 = CARTESIAN_POINT('',(7.075,-2.95,0.327707887907));
#9397 = VECTOR('',#9398,1.);
#9398 = DIRECTION('',(-3.242874541081E-15,2.723215242614E-16,-1.));
#9399 = ORIENTED_EDGE('',*,*,#9400,.T.);
#9400 = EDGE_CURVE('',#9393,#9375,#9401,.T.);
#9401 = LINE('',#9402,#9403);
#9402 = CARTESIAN_POINT('',(7.075,-2.95,0.327707887907));
#9403 = VECTOR('',#9404,1.);
#9404 = DIRECTION('',(-1.,6.781516928767E-17,3.242874541081E-15));
#9405 = PLANE('',#9406);
#9406 = AXIS2_PLACEMENT_3D('',#9407,#9408,#9409);
#9407 = CARTESIAN_POINT('',(7.075,-2.95,0.327707887907));
#9408 = DIRECTION('',(6.781516928767E-17,1.,2.723215242614E-16));
#9409 = DIRECTION('',(3.242874541081E-15,-2.723215242614E-16,1.));
#9410 = ADVANCED_FACE('',(#9411),#9436,.F.);
#9411 = FACE_BOUND('',#9412,.T.);
#9412 = EDGE_LOOP('',(#9413,#9421,#9422,#9430));
#9413 = ORIENTED_EDGE('',*,*,#9414,.T.);
#9414 = EDGE_CURVE('',#9415,#9375,#9417,.T.);
#9415 = VERTEX_POINT('',#9416);
#9416 = CARTESIAN_POINT('',(6.925,-3.25,0.327707887907));
#9417 = LINE('',#9418,#9419);
#9418 = CARTESIAN_POINT('',(6.925,-3.25,0.327707887907));
#9419 = VECTOR('',#9420,1.);
#9420 = DIRECTION('',(6.781516928769E-17,1.,5.975158639476E-15));
#9421 = ORIENTED_EDGE('',*,*,#9400,.F.);
#9422 = ORIENTED_EDGE('',*,*,#9423,.F.);
#9423 = EDGE_CURVE('',#9424,#9393,#9426,.T.);
#9424 = VERTEX_POINT('',#9425);
#9425 = CARTESIAN_POINT('',(7.075,-3.25,0.327707887907));
#9426 = LINE('',#9427,#9428);
#9427 = CARTESIAN_POINT('',(7.075,-3.25,0.327707887907));
#9428 = VECTOR('',#9429,1.);
#9429 = DIRECTION('',(6.781516928769E-17,1.,5.975158639476E-15));
#9430 = ORIENTED_EDGE('',*,*,#9431,.T.);
#9431 = EDGE_CURVE('',#9424,#9415,#9432,.T.);
#9432 = LINE('',#9433,#9434);
#9433 = CARTESIAN_POINT('',(7.075,-3.25,0.327707887907));
#9434 = VECTOR('',#9435,1.);
#9435 = DIRECTION('',(-1.,6.781516928767E-17,3.242874541081E-15));
#9436 = PLANE('',#9437);
#9437 = AXIS2_PLACEMENT_3D('',#9438,#9439,#9440);
#9438 = CARTESIAN_POINT('',(7.075,-3.25,0.327707887907));
#9439 = DIRECTION('',(3.242874541081E-15,-5.975158639476E-15,1.));
#9440 = DIRECTION('',(-6.781516928769E-17,-1.,-5.975158639476E-15));
#9441 = ADVANCED_FACE('',(#9442),#9467,.F.);
#9442 = FACE_BOUND('',#9443,.T.);
#9443 = EDGE_LOOP('',(#9444,#9452,#9453,#9459,#9460));
#9444 = ORIENTED_EDGE('',*,*,#9445,.T.);
#9445 = EDGE_CURVE('',#9446,#9385,#9448,.T.);
#9446 = VERTEX_POINT('',#9447);
#9447 = CARTESIAN_POINT('',(7.075,-2.8,-3.324764068712));
#9448 = LINE('',#9449,#9450);
#9449 = CARTESIAN_POINT('',(7.075,-9.90123597831,3.776471909598));
#9450 = VECTOR('',#9451,1.);
#9451 = DIRECTION('',(2.245106012465E-15,-0.707106781187,0.707106781187)
  );
#9452 = ORIENTED_EDGE('',*,*,#9384,.T.);
#9453 = ORIENTED_EDGE('',*,*,#9454,.T.);
#9454 = EDGE_CURVE('',#9377,#426,#9455,.T.);
#9455 = LINE('',#9456,#9457);
#9456 = CARTESIAN_POINT('',(6.925,-2.95,-3.174764068712));
#9457 = VECTOR('',#9458,1.);
#9458 = DIRECTION('',(-2.490942760969E-15,0.707106781187,-0.707106781187
    ));
#9459 = ORIENTED_EDGE('',*,*,#9359,.F.);
#9460 = ORIENTED_EDGE('',*,*,#9461,.F.);
#9461 = EDGE_CURVE('',#9446,#9349,#9462,.T.);
#9462 = ( BOUNDED_CURVE() B_SPLINE_CURVE(3,(#9463,#9464,#9465,#9466),
.UNSPECIFIED.,.F.,.F.) B_SPLINE_CURVE_WITH_KNOTS((4,4),(3.785093762383,
4.111124763706),.PIECEWISE_BEZIER_KNOTS.) CURVE() 
GEOMETRIC_REPRESENTATION_ITEM() RATIONAL_B_SPLINE_CURVE((1.,
0.991161580934,0.991161580934,1.)) REPRESENTATION_ITEM('') );
#9463 = CARTESIAN_POINT('',(7.075,-2.8,-3.324764068712));
#9464 = CARTESIAN_POINT('',(7.107748335971,-2.775438748022,
    -3.34932532069));
#9465 = CARTESIAN_POINT('',(7.136076351484,-2.745888246424,
    -3.378875822288));
#9466 = CARTESIAN_POINT('',(7.159232921921,-2.712132034356,
    -3.412632034356));
#9467 = PLANE('',#9468);
#9468 = AXIS2_PLACEMENT_3D('',#9469,#9470,#9471);
#9469 = CARTESIAN_POINT('',(7.225,-2.95,-3.174764068712));
#9470 = DIRECTION('',(2.341012574564E-15,0.707106781187,0.707106781187)
  );
#9471 = DIRECTION('',(-8.745137046782E-17,-0.707106781187,0.707106781187
    ));
#9472 = ADVANCED_FACE('',(#9473),#9507,.T.);
#9473 = FACE_BOUND('',#9474,.T.);
#9474 = EDGE_LOOP('',(#9475,#9485,#9493,#9501));
#9475 = ORIENTED_EDGE('',*,*,#9476,.T.);
#9476 = EDGE_CURVE('',#9477,#9479,#9481,.T.);
#9477 = VERTEX_POINT('',#9478);
#9478 = CARTESIAN_POINT('',(6.925,1.75,0.327707887907));
#9479 = VERTEX_POINT('',#9480);
#9480 = CARTESIAN_POINT('',(6.925,2.05,0.327707887907));
#9481 = LINE('',#9482,#9483);
#9482 = CARTESIAN_POINT('',(6.925,1.75,0.327707887907));
#9483 = VECTOR('',#9484,1.);
#9484 = DIRECTION('',(6.781516928767E-17,1.,1.927470528863E-16));
#9485 = ORIENTED_EDGE('',*,*,#9486,.T.);
#9486 = EDGE_CURVE('',#9479,#9487,#9489,.T.);
#9487 = VERTEX_POINT('',#9488);
#9488 = CARTESIAN_POINT('',(7.075,2.05,0.327707887907));
#9489 = LINE('',#9490,#9491);
#9490 = CARTESIAN_POINT('',(-61.1891926635,2.05,0.327707887907));
#9491 = VECTOR('',#9492,1.);
#9492 = DIRECTION('',(1.,-6.781516928767E-17,-3.242874541081E-15));
#9493 = ORIENTED_EDGE('',*,*,#9494,.F.);
#9494 = EDGE_CURVE('',#9495,#9487,#9497,.T.);
#9495 = VERTEX_POINT('',#9496);
#9496 = CARTESIAN_POINT('',(7.075,1.75,0.327707887907));
#9497 = LINE('',#9498,#9499);
#9498 = CARTESIAN_POINT('',(7.075,1.75,0.327707887907));
#9499 = VECTOR('',#9500,1.);
#9500 = DIRECTION('',(6.781516928767E-17,1.,1.927470528863E-16));
#9501 = ORIENTED_EDGE('',*,*,#9502,.F.);
#9502 = EDGE_CURVE('',#9477,#9495,#9503,.T.);
#9503 = LINE('',#9504,#9505);
#9504 = CARTESIAN_POINT('',(-61.1891926635,1.75,0.327707887907));
#9505 = VECTOR('',#9506,1.);
#9506 = DIRECTION('',(1.,-6.781516928767E-17,-3.242874541081E-15));
#9507 = PLANE('',#9508);
#9508 = AXIS2_PLACEMENT_3D('',#9509,#9510,#9511);
#9509 = CARTESIAN_POINT('',(-61.1891926635,1.75,0.327707887907));
#9510 = DIRECTION('',(-3.242874541081E-15,1.927470528863E-16,-1.));
#9511 = DIRECTION('',(1.,-6.781516928767E-17,-3.242874541081E-15));
#9512 = ADVANCED_FACE('',(#9513),#9538,.T.);
#9513 = FACE_BOUND('',#9514,.T.);
#9514 = EDGE_LOOP('',(#9515,#9525,#9531,#9532));
#9515 = ORIENTED_EDGE('',*,*,#9516,.F.);
#9516 = EDGE_CURVE('',#9517,#9519,#9521,.T.);
#9517 = VERTEX_POINT('',#9518);
#9518 = CARTESIAN_POINT('',(7.075,2.05,-3.174764068712));
#9519 = VERTEX_POINT('',#9520);
#9520 = CARTESIAN_POINT('',(6.925,2.05,-3.174764068712));
#9521 = LINE('',#9522,#9523);
#9522 = CARTESIAN_POINT('',(7.225,2.05,-3.174764068712));
#9523 = VECTOR('',#9524,1.);
#9524 = DIRECTION('',(-1.,6.781516928767E-17,3.242876563347E-15));
#9525 = ORIENTED_EDGE('',*,*,#9526,.F.);
#9526 = EDGE_CURVE('',#9487,#9517,#9527,.T.);
#9527 = LINE('',#9528,#9529);
#9528 = CARTESIAN_POINT('',(7.075,2.05,0.327707887907));
#9529 = VECTOR('',#9530,1.);
#9530 = DIRECTION('',(-3.242874541081E-15,2.723215242614E-16,-1.));
#9531 = ORIENTED_EDGE('',*,*,#9486,.F.);
#9532 = ORIENTED_EDGE('',*,*,#9533,.T.);
#9533 = EDGE_CURVE('',#9479,#9519,#9534,.T.);
#9534 = LINE('',#9535,#9536);
#9535 = CARTESIAN_POINT('',(6.925,2.05,0.327707887907));
#9536 = VECTOR('',#9537,1.);
#9537 = DIRECTION('',(-3.242874541081E-15,2.723215242614E-16,-1.));
#9538 = PLANE('',#9539);
#9539 = AXIS2_PLACEMENT_3D('',#9540,#9541,#9542);
#9540 = CARTESIAN_POINT('',(-61.1891926635,2.05,0.327707887907));
#9541 = DIRECTION('',(-6.781516928767E-17,-1.,-2.723215242614E-16));
#9542 = DIRECTION('',(-3.242874541081E-15,2.723215242614E-16,-1.));
#9543 = ADVANCED_FACE('',(#9544),#9578,.F.);
#9544 = FACE_BOUND('',#9545,.T.);
#9545 = EDGE_LOOP('',(#9546,#9556,#9564,#9572));
#9546 = ORIENTED_EDGE('',*,*,#9547,.T.);
#9547 = EDGE_CURVE('',#9548,#9550,#9552,.T.);
#9548 = VERTEX_POINT('',#9549);
#9549 = CARTESIAN_POINT('',(6.925,2.95,0.327707887907));
#9550 = VERTEX_POINT('',#9551);
#9551 = CARTESIAN_POINT('',(6.925,3.25,0.327707887907));
#9552 = LINE('',#9553,#9554);
#9553 = CARTESIAN_POINT('',(6.925,2.95,0.327707887907));
#9554 = VECTOR('',#9555,1.);
#9555 = DIRECTION('',(6.781516928767E-17,1.,1.927470528863E-16));
#9556 = ORIENTED_EDGE('',*,*,#9557,.F.);
#9557 = EDGE_CURVE('',#9558,#9550,#9560,.T.);
#9558 = VERTEX_POINT('',#9559);
#9559 = CARTESIAN_POINT('',(7.075,3.25,0.327707887907));
#9560 = LINE('',#9561,#9562);
#9561 = CARTESIAN_POINT('',(7.075,3.25,0.327707887907));
#9562 = VECTOR('',#9563,1.);
#9563 = DIRECTION('',(-1.,6.781516928767E-17,3.242874541081E-15));
#9564 = ORIENTED_EDGE('',*,*,#9565,.F.);
#9565 = EDGE_CURVE('',#9566,#9558,#9568,.T.);
#9566 = VERTEX_POINT('',#9567);
#9567 = CARTESIAN_POINT('',(7.075,2.95,0.327707887907));
#9568 = LINE('',#9569,#9570);
#9569 = CARTESIAN_POINT('',(7.075,2.95,0.327707887907));
#9570 = VECTOR('',#9571,1.);
#9571 = DIRECTION('',(6.781516928767E-17,1.,1.927470528863E-16));
#9572 = ORIENTED_EDGE('',*,*,#9573,.T.);
#9573 = EDGE_CURVE('',#9566,#9548,#9574,.T.);
#9574 = LINE('',#9575,#9576);
#9575 = CARTESIAN_POINT('',(7.075,2.95,0.327707887907));
#9576 = VECTOR('',#9577,1.);
#9577 = DIRECTION('',(-1.,6.781516928767E-17,3.242874541081E-15));
#9578 = PLANE('',#9579);
#9579 = AXIS2_PLACEMENT_3D('',#9580,#9581,#9582);
#9580 = CARTESIAN_POINT('',(7.075,2.95,0.327707887907));
#9581 = DIRECTION('',(3.242874541081E-15,-1.927470528863E-16,1.));
#9582 = DIRECTION('',(-1.,6.781516928767E-17,3.242874541081E-15));
#9583 = ADVANCED_FACE('',(#9584),#9609,.F.);
#9584 = FACE_BOUND('',#9585,.T.);
#9585 = EDGE_LOOP('',(#9586,#9594,#9602,#9608));
#9586 = ORIENTED_EDGE('',*,*,#9587,.F.);
#9587 = EDGE_CURVE('',#9588,#9566,#9590,.T.);
#9588 = VERTEX_POINT('',#9589);
#9589 = CARTESIAN_POINT('',(7.075,2.95,-3.174764068712));
#9590 = LINE('',#9591,#9592);
#9591 = CARTESIAN_POINT('',(7.075,2.95,0.327707887907));
#9592 = VECTOR('',#9593,1.);
#9593 = DIRECTION('',(3.242874541081E-15,-1.927470528863E-16,1.));
#9594 = ORIENTED_EDGE('',*,*,#9595,.T.);
#9595 = EDGE_CURVE('',#9588,#9596,#9598,.T.);
#9596 = VERTEX_POINT('',#9597);
#9597 = CARTESIAN_POINT('',(6.925,2.95,-3.174764068712));
#9598 = LINE('',#9599,#9600);
#9599 = CARTESIAN_POINT('',(7.225,2.95,-3.174764068712));
#9600 = VECTOR('',#9601,1.);
#9601 = DIRECTION('',(-1.,6.781516928767E-17,3.242876563347E-15));
#9602 = ORIENTED_EDGE('',*,*,#9603,.T.);
#9603 = EDGE_CURVE('',#9596,#9548,#9604,.T.);
#9604 = LINE('',#9605,#9606);
#9605 = CARTESIAN_POINT('',(6.925,2.95,0.327707887907));
#9606 = VECTOR('',#9607,1.);
#9607 = DIRECTION('',(3.242874541081E-15,-1.927470528863E-16,1.));
#9608 = ORIENTED_EDGE('',*,*,#9573,.F.);
#9609 = PLANE('',#9610);
#9610 = AXIS2_PLACEMENT_3D('',#9611,#9612,#9613);
#9611 = CARTESIAN_POINT('',(7.075,2.95,0.327707887907));
#9612 = DIRECTION('',(-6.781516928767E-17,-1.,-1.927470528863E-16));
#9613 = DIRECTION('',(-1.,6.781516928767E-17,3.242874541081E-15));
#9614 = ADVANCED_FACE('',(#9615),#9636,.T.);
#9615 = FACE_BOUND('',#9616,.T.);
#9616 = EDGE_LOOP('',(#9617,#9618,#9629,#9635));
#9617 = ORIENTED_EDGE('',*,*,#468,.F.);
#9618 = ORIENTED_EDGE('',*,*,#9619,.T.);
#9619 = EDGE_CURVE('',#285,#9620,#9622,.T.);
#9620 = VERTEX_POINT('',#9621);
#9621 = CARTESIAN_POINT('',(7.159232921921,2.287867965644,
    -3.412632034356));
#9622 = B_SPLINE_CURVE_WITH_KNOTS('',3,(#9623,#9624,#9625,#9626,#9627,
    #9628),.UNSPECIFIED.,.F.,.F.,(4,2,4),(2.458362175877E-04,
    3.683368586751E-04,4.908374997624E-04),.UNSPECIFIED.);
#9623 = CARTESIAN_POINT('',(7.225000000011,2.499999999997,
    -3.500500000014));
#9624 = CARTESIAN_POINT('',(7.225,2.459200016266,-3.5005));
#9625 = CARTESIAN_POINT('',(7.217941967257,2.418136734565,
    -3.491794608205));
#9626 = CARTESIAN_POINT('',(7.193891721628,2.345658271059,
    -3.460755208794));
#9627 = CARTESIAN_POINT('',(7.17728601985,2.314184652036,-3.438948720751
    ));
#9628 = CARTESIAN_POINT('',(7.159232921921,2.287867965644,
    -3.412632034356));
#9629 = ORIENTED_EDGE('',*,*,#9630,.T.);
#9630 = EDGE_CURVE('',#9620,#329,#9631,.T.);
#9631 = LINE('',#9632,#9633);
#9632 = CARTESIAN_POINT('',(7.225,2.287867965644,-3.412632034356));
#9633 = VECTOR('',#9634,1.);
#9634 = DIRECTION('',(-1.,6.781516928767E-17,3.242876563347E-15));
#9635 = ORIENTED_EDGE('',*,*,#336,.F.);
#9636 = CYLINDRICAL_SURFACE('',#9637,0.3);
#9637 = AXIS2_PLACEMENT_3D('',#9638,#9639,#9640);
#9638 = CARTESIAN_POINT('',(7.225,2.5,-3.2005));
#9639 = DIRECTION('',(-1.,6.781516928767E-17,3.242876563347E-15));
#9640 = DIRECTION('',(-3.242876563347E-15,-8.544111072053E-31,-1.));
#9641 = ADVANCED_FACE('',(#9642),#9667,.F.);
#9642 = FACE_BOUND('',#9643,.T.);
#9643 = EDGE_LOOP('',(#9644,#9652,#9653,#9659,#9660));
#9644 = ORIENTED_EDGE('',*,*,#9645,.T.);
#9645 = EDGE_CURVE('',#9646,#9517,#9648,.T.);
#9646 = VERTEX_POINT('',#9647);
#9647 = CARTESIAN_POINT('',(7.075,2.2,-3.324764068712));
#9648 = LINE('',#9649,#9650);
#9649 = CARTESIAN_POINT('',(7.075,-7.40123597831,6.276471909598));
#9650 = VECTOR('',#9651,1.);
#9651 = DIRECTION('',(2.245106012465E-15,-0.707106781187,0.707106781187)
  );
#9652 = ORIENTED_EDGE('',*,*,#9516,.T.);
#9653 = ORIENTED_EDGE('',*,*,#9654,.T.);
#9654 = EDGE_CURVE('',#9519,#329,#9655,.T.);
#9655 = LINE('',#9656,#9657);
#9656 = CARTESIAN_POINT('',(6.925,2.05,-3.174764068712));
#9657 = VECTOR('',#9658,1.);
#9658 = DIRECTION('',(-2.490942760969E-15,0.707106781187,-0.707106781187
    ));
#9659 = ORIENTED_EDGE('',*,*,#9630,.F.);
#9660 = ORIENTED_EDGE('',*,*,#9661,.T.);
#9661 = EDGE_CURVE('',#9620,#9646,#9662,.T.);
#9662 = ( BOUNDED_CURVE() B_SPLINE_CURVE(3,(#9663,#9664,#9665,#9666),
.UNSPECIFIED.,.F.,.F.) B_SPLINE_CURVE_WITH_KNOTS((4,4),(2.172060543474,
2.498091544796),.PIECEWISE_BEZIER_KNOTS.) CURVE() 
GEOMETRIC_REPRESENTATION_ITEM() RATIONAL_B_SPLINE_CURVE((1.,
0.991161580934,0.991161580934,1.)) REPRESENTATION_ITEM('') );
#9663 = CARTESIAN_POINT('',(7.159232921921,2.287867965644,
    -3.412632034356));
#9664 = CARTESIAN_POINT('',(7.136076351484,2.254111753576,
    -3.378875822288));
#9665 = CARTESIAN_POINT('',(7.107748335971,2.224561251978,-3.34932532069
    ));
#9666 = CARTESIAN_POINT('',(7.075,2.2,-3.324764068712));
#9667 = PLANE('',#9668);
#9668 = AXIS2_PLACEMENT_3D('',#9669,#9670,#9671);
#9669 = CARTESIAN_POINT('',(7.225,2.05,-3.174764068712));
#9670 = DIRECTION('',(2.341012574564E-15,0.707106781187,0.707106781187)
  );
#9671 = DIRECTION('',(-8.745137046782E-17,-0.707106781187,0.707106781187
    ));
#9672 = ADVANCED_FACE('',(#9673),#9690,.F.);
#9673 = FACE_BOUND('',#9674,.T.);
#9674 = EDGE_LOOP('',(#9675,#9681,#9682,#9683,#9689));
#9675 = ORIENTED_EDGE('',*,*,#9676,.T.);
#9676 = EDGE_CURVE('',#9588,#304,#9677,.T.);
#9677 = LINE('',#9678,#9679);
#9678 = CARTESIAN_POINT('',(7.075,18.90123597831,12.776471909598));
#9679 = VECTOR('',#9680,1.);
#9680 = DIRECTION('',(-2.341011144606E-15,-0.707106781187,
    -0.707106781187));
#9681 = ORIENTED_EDGE('',*,*,#303,.T.);
#9682 = ORIENTED_EDGE('',*,*,#485,.T.);
#9683 = ORIENTED_EDGE('',*,*,#9684,.T.);
#9684 = EDGE_CURVE('',#475,#9596,#9685,.T.);
#9685 = LINE('',#9686,#9687);
#9686 = CARTESIAN_POINT('',(6.925,2.712132034356,-3.412632034356));
#9687 = VECTOR('',#9688,1.);
#9688 = DIRECTION('',(2.314262396811E-15,0.707106781187,0.707106781187)
  );
#9689 = ORIENTED_EDGE('',*,*,#9595,.F.);
#9690 = PLANE('',#9691);
#9691 = AXIS2_PLACEMENT_3D('',#9692,#9693,#9694);
#9692 = CARTESIAN_POINT('',(7.225,2.712132034356,-3.412632034356));
#9693 = DIRECTION('',(2.245107442423E-15,-0.707106781187,0.707106781187)
  );
#9694 = DIRECTION('',(2.641317346258E-16,-0.707106781187,-0.707106781187
    ));
#9695 = ADVANCED_FACE('',(#9696),#9730,.F.);
#9696 = FACE_BOUND('',#9697,.T.);
#9697 = EDGE_LOOP('',(#9698,#9708,#9716,#9724));
#9698 = ORIENTED_EDGE('',*,*,#9699,.T.);
#9699 = EDGE_CURVE('',#9700,#9702,#9704,.T.);
#9700 = VERTEX_POINT('',#9701);
#9701 = CARTESIAN_POINT('',(-7.425,2.05,0.327707887907));
#9702 = VERTEX_POINT('',#9703);
#9703 = CARTESIAN_POINT('',(-7.425,1.75,0.327707887907));
#9704 = LINE('',#9705,#9706);
#9705 = CARTESIAN_POINT('',(-7.425,2.05,0.327707887907));
#9706 = VECTOR('',#9707,1.);
#9707 = DIRECTION('',(1.249318835986E-16,-1.,0.));
#9708 = ORIENTED_EDGE('',*,*,#9709,.F.);
#9709 = EDGE_CURVE('',#9710,#9702,#9712,.T.);
#9710 = VERTEX_POINT('',#9711);
#9711 = CARTESIAN_POINT('',(-7.575,1.75,0.327707887907));
#9712 = LINE('',#9713,#9714);
#9713 = CARTESIAN_POINT('',(-7.575,1.75,0.327707887907));
#9714 = VECTOR('',#9715,1.);
#9715 = DIRECTION('',(1.,1.249318835986E-16,3.740088136605E-15));
#9716 = ORIENTED_EDGE('',*,*,#9717,.F.);
#9717 = EDGE_CURVE('',#9718,#9710,#9720,.T.);
#9718 = VERTEX_POINT('',#9719);
#9719 = CARTESIAN_POINT('',(-7.575,2.05,0.327707887907));
#9720 = LINE('',#9721,#9722);
#9721 = CARTESIAN_POINT('',(-7.575,2.05,0.327707887907));
#9722 = VECTOR('',#9723,1.);
#9723 = DIRECTION('',(1.249318835986E-16,-1.,0.));
#9724 = ORIENTED_EDGE('',*,*,#9725,.T.);
#9725 = EDGE_CURVE('',#9718,#9700,#9726,.T.);
#9726 = LINE('',#9727,#9728);
#9727 = CARTESIAN_POINT('',(-7.575,2.05,0.327707887907));
#9728 = VECTOR('',#9729,1.);
#9729 = DIRECTION('',(1.,1.249318835986E-16,3.740088136605E-15));
#9730 = PLANE('',#9731);
#9731 = AXIS2_PLACEMENT_3D('',#9732,#9733,#9734);
#9732 = CARTESIAN_POINT('',(-7.575,2.05,0.327707887907));
#9733 = DIRECTION('',(-3.740088136605E-15,-5.658638688837E-31,1.));
#9734 = DIRECTION('',(-1.,-1.249318835986E-16,-3.740088136605E-15));
#9735 = ADVANCED_FACE('',(#9736),#9761,.F.);
#9736 = FACE_BOUND('',#9737,.T.);
#9737 = EDGE_LOOP('',(#9738,#9746,#9754,#9760));
#9738 = ORIENTED_EDGE('',*,*,#9739,.F.);
#9739 = EDGE_CURVE('',#9740,#9718,#9742,.T.);
#9740 = VERTEX_POINT('',#9741);
#9741 = CARTESIAN_POINT('',(-7.575,2.05,-3.174764068712));
#9742 = LINE('',#9743,#9744);
#9743 = CARTESIAN_POINT('',(-7.575,2.05,0.327707887907));
#9744 = VECTOR('',#9745,1.);
#9745 = DIRECTION('',(-3.740088136605E-15,-5.658638688837E-31,1.));
#9746 = ORIENTED_EDGE('',*,*,#9747,.T.);
#9747 = EDGE_CURVE('',#9740,#9748,#9750,.T.);
#9748 = VERTEX_POINT('',#9749);
#9749 = CARTESIAN_POINT('',(-7.425,2.05,-3.174764068712));
#9750 = LINE('',#9751,#9752);
#9751 = CARTESIAN_POINT('',(-7.725025,2.05,-3.174764068712));
#9752 = VECTOR('',#9753,1.);
#9753 = DIRECTION('',(1.,1.249318835986E-16,3.740090158872E-15));
#9754 = ORIENTED_EDGE('',*,*,#9755,.T.);
#9755 = EDGE_CURVE('',#9748,#9700,#9756,.T.);
#9756 = LINE('',#9757,#9758);
#9757 = CARTESIAN_POINT('',(-7.425,2.05,0.327707887907));
#9758 = VECTOR('',#9759,1.);
#9759 = DIRECTION('',(-3.740088136605E-15,-5.658638688837E-31,1.));
#9760 = ORIENTED_EDGE('',*,*,#9725,.F.);
#9761 = PLANE('',#9762);
#9762 = AXIS2_PLACEMENT_3D('',#9763,#9764,#9765);
#9763 = CARTESIAN_POINT('',(-7.575,2.05,0.327707887907));
#9764 = DIRECTION('',(-1.249318835986E-16,1.,8.75811540203E-47));
#9765 = DIRECTION('',(-1.,-1.249318835986E-16,-3.740088136605E-15));
#9766 = ADVANCED_FACE('',(#9767),#9801,.F.);
#9767 = FACE_BOUND('',#9768,.T.);
#9768 = EDGE_LOOP('',(#9769,#9780,#9788,#9794,#9795));
#9769 = ORIENTED_EDGE('',*,*,#9770,.T.);
#9770 = EDGE_CURVE('',#9771,#9773,#9775,.T.);
#9771 = VERTEX_POINT('',#9772);
#9772 = CARTESIAN_POINT('',(-7.575,2.2,-3.324764068712));
#9773 = VERTEX_POINT('',#9774);
#9774 = CARTESIAN_POINT('',(-7.659232921921,2.287867965644,
    -3.412632034356));
#9775 = ( BOUNDED_CURVE() B_SPLINE_CURVE(3,(#9776,#9777,#9778,#9779),
.UNSPECIFIED.,.F.,.F.) B_SPLINE_CURVE_WITH_KNOTS((4,4),(3.785093762383,
4.111124763706),.PIECEWISE_BEZIER_KNOTS.) CURVE() 
GEOMETRIC_REPRESENTATION_ITEM() RATIONAL_B_SPLINE_CURVE((1.,
0.991161580934,0.991161580934,1.)) REPRESENTATION_ITEM('') );
#9776 = CARTESIAN_POINT('',(-7.575,2.2,-3.324764068712));
#9777 = CARTESIAN_POINT('',(-7.607748335971,2.224561251978,
    -3.34932532069));
#9778 = CARTESIAN_POINT('',(-7.636076351484,2.254111753576,
    -3.378875822288));
#9779 = CARTESIAN_POINT('',(-7.659232921921,2.287867965644,
    -3.412632034356));
#9780 = ORIENTED_EDGE('',*,*,#9781,.T.);
#9781 = EDGE_CURVE('',#9773,#9782,#9784,.T.);
#9782 = VERTEX_POINT('',#9783);
#9783 = CARTESIAN_POINT('',(-7.425,2.287867965644,-3.412632034356));
#9784 = LINE('',#9785,#9786);
#9785 = CARTESIAN_POINT('',(-7.725025,2.287867965644,-3.412632034356));
#9786 = VECTOR('',#9787,1.);
#9787 = DIRECTION('',(1.,1.249318835986E-16,3.740090158872E-15));
#9788 = ORIENTED_EDGE('',*,*,#9789,.T.);
#9789 = EDGE_CURVE('',#9782,#9748,#9790,.T.);
#9790 = LINE('',#9791,#9792);
#9791 = CARTESIAN_POINT('',(-7.425,2.05,-3.174764068712));
#9792 = VECTOR('',#9793,1.);
#9793 = DIRECTION('',(-2.665845501904E-15,-0.707106781187,0.707106781187
    ));
#9794 = ORIENTED_EDGE('',*,*,#9747,.F.);
#9795 = ORIENTED_EDGE('',*,*,#9796,.T.);
#9796 = EDGE_CURVE('',#9740,#9771,#9797,.T.);
#9797 = LINE('',#9798,#9799);
#9798 = CARTESIAN_POINT('',(-7.575,6.84876402169,-7.973528090402));
#9799 = VECTOR('',#9800,1.);
#9800 = DIRECTION('',(2.55630150155E-15,0.707106781187,-0.707106781187)
  );
#9801 = PLANE('',#9802);
#9802 = AXIS2_PLACEMENT_3D('',#9803,#9804,#9805);
#9803 = CARTESIAN_POINT('',(-7.725025,2.05,-3.174764068712));
#9804 = DIRECTION('',(-2.732983295666E-15,0.707106781187,0.707106781187)
  );
#9805 = DIRECTION('',(-8.745137046782E-17,-0.707106781187,0.707106781187
    ));
#9806 = ADVANCED_FACE('',(#9807),#9846,.T.);
#9807 = FACE_BOUND('',#9808,.T.);
#9808 = EDGE_LOOP('',(#9809,#9810,#9825,#9833));
#9809 = ORIENTED_EDGE('',*,*,#9781,.F.);
#9810 = ORIENTED_EDGE('',*,*,#9811,.T.);
#9811 = EDGE_CURVE('',#9773,#9812,#9814,.T.);
#9812 = VERTEX_POINT('',#9813);
#9813 = CARTESIAN_POINT('',(-7.659232921921,2.712132034356,
    -3.412632034356));
#9814 = B_SPLINE_CURVE_WITH_KNOTS('',3,(#9815,#9816,#9817,#9818,#9819,
    #9820,#9821,#9822,#9823,#9824),.UNSPECIFIED.,.F.,.F.,(4,2,2,2,4),(0.
    ,1.227093749406E-04,2.454187498812E-04,3.681281248218E-04,
    4.908374997624E-04),.UNSPECIFIED.);
#9815 = CARTESIAN_POINT('',(-7.659232921921,2.287867965644,
    -3.412632034356));
#9816 = CARTESIAN_POINT('',(-7.677293886708,2.314196119856,
    -3.438960188568));
#9817 = CARTESIAN_POINT('',(-7.693845804299,2.345584766974,
    -3.46069410799));
#9818 = CARTESIAN_POINT('',(-7.717861336074,2.417829209894,
    -3.491692375032));
#9819 = CARTESIAN_POINT('',(-7.724954313462,2.458716940579,
    -3.500442891808));
#9820 = CARTESIAN_POINT('',(-7.725045222597,2.540448846542,
    -3.500556528266));
#9821 = CARTESIAN_POINT('',(-7.718008828738,2.581598369212,
    -3.491879112333));
#9822 = CARTESIAN_POINT('',(-7.693947723897,2.654236037014,
    -3.460829264294));
#9823 = CARTESIAN_POINT('',(-7.677316781262,2.685770505886,
    -3.438993562829));
#9824 = CARTESIAN_POINT('',(-7.659232921921,2.712132034356,
    -3.412632034356));
#9825 = ORIENTED_EDGE('',*,*,#9826,.T.);
#9826 = EDGE_CURVE('',#9812,#9827,#9829,.T.);
#9827 = VERTEX_POINT('',#9828);
#9828 = CARTESIAN_POINT('',(-7.425,2.712132034356,-3.412632034356));
#9829 = LINE('',#9830,#9831);
#9830 = CARTESIAN_POINT('',(-7.725025,2.712132034356,-3.412632034356));
#9831 = VECTOR('',#9832,1.);
#9832 = DIRECTION('',(1.,1.249318835986E-16,3.740090158872E-15));
#9833 = ORIENTED_EDGE('',*,*,#9834,.F.);
#9834 = EDGE_CURVE('',#9782,#9827,#9835,.T.);
#9835 = B_SPLINE_CURVE_WITH_KNOTS('',3,(#9836,#9837,#9838,#9839,#9840,
    #9841,#9842,#9843,#9844,#9845),.UNSPECIFIED.,.F.,.F.,(4,2,2,2,4),(0.
    ,1.453875650969E-04,2.907751301938E-04,4.361626952907E-04,
    5.815502603876E-04),.UNSPECIFIED.);
#9836 = CARTESIAN_POINT('',(-7.425,2.287867965644,-3.412632034356));
#9837 = CARTESIAN_POINT('',(-7.469064944726,2.303447276258,
    -3.42821134497));
#9838 = CARTESIAN_POINT('',(-7.50470161365,2.330509152627,
    -3.451337682883));
#9839 = CARTESIAN_POINT('',(-7.558079719982,2.40323964272,
    -3.487352093867));
#9840 = CARTESIAN_POINT('',(-7.574900161602,2.450872733062,
    -3.500425121269));
#9841 = CARTESIAN_POINT('',(-7.5750989004,2.548208464855,-3.500574175233
    ));
#9842 = CARTESIAN_POINT('',(-7.558564976287,2.595944275806,
    -3.487694051424));
#9843 = CARTESIAN_POINT('',(-7.504748074582,2.669580915219,
    -3.451354620103));
#9844 = CARTESIAN_POINT('',(-7.469085576584,2.696545429278,
    -3.428218639434));
#9845 = CARTESIAN_POINT('',(-7.425,2.712132034356,-3.412632034356));
#9846 = CYLINDRICAL_SURFACE('',#9847,0.3);
#9847 = AXIS2_PLACEMENT_3D('',#9848,#9849,#9850);
#9848 = CARTESIAN_POINT('',(-7.725025,2.5,-3.2005));
#9849 = DIRECTION('',(1.,1.249318835986E-16,3.740090158872E-15));
#9850 = DIRECTION('',(-3.740090158872E-15,-9.843124427589E-31,1.));
#9851 = ADVANCED_FACE('',(#9852),#9886,.F.);
#9852 = FACE_BOUND('',#9853,.T.);
#9853 = EDGE_LOOP('',(#9854,#9864,#9872,#9880));
#9854 = ORIENTED_EDGE('',*,*,#9855,.T.);
#9855 = EDGE_CURVE('',#9856,#9858,#9860,.T.);
#9856 = VERTEX_POINT('',#9857);
#9857 = CARTESIAN_POINT('',(-7.425,2.95,0.327707887907));
#9858 = VERTEX_POINT('',#9859);
#9859 = CARTESIAN_POINT('',(-7.425,2.95,-3.174764068712));
#9860 = LINE('',#9861,#9862);
#9861 = CARTESIAN_POINT('',(-7.425,2.95,-3.822292112093));
#9862 = VECTOR('',#9863,1.);
#9863 = DIRECTION('',(3.740088136605E-15,5.658638688837E-31,-1.));
#9864 = ORIENTED_EDGE('',*,*,#9865,.F.);
#9865 = EDGE_CURVE('',#9866,#9858,#9868,.T.);
#9866 = VERTEX_POINT('',#9867);
#9867 = CARTESIAN_POINT('',(-7.575,2.95,-3.174764068712));
#9868 = LINE('',#9869,#9870);
#9869 = CARTESIAN_POINT('',(-7.725025,2.95,-3.174764068712));
#9870 = VECTOR('',#9871,1.);
#9871 = DIRECTION('',(1.,1.249318835986E-16,3.740090158872E-15));
#9872 = ORIENTED_EDGE('',*,*,#9873,.F.);
#9873 = EDGE_CURVE('',#9874,#9866,#9876,.T.);
#9874 = VERTEX_POINT('',#9875);
#9875 = CARTESIAN_POINT('',(-7.575,2.95,0.327707887907));
#9876 = LINE('',#9877,#9878);
#9877 = CARTESIAN_POINT('',(-7.575,2.95,-3.822292112093));
#9878 = VECTOR('',#9879,1.);
#9879 = DIRECTION('',(3.740088136605E-15,5.658638688837E-31,-1.));
#9880 = ORIENTED_EDGE('',*,*,#9881,.T.);
#9881 = EDGE_CURVE('',#9874,#9856,#9882,.T.);
#9882 = LINE('',#9883,#9884);
#9883 = CARTESIAN_POINT('',(-7.575,2.95,0.327707887907));
#9884 = VECTOR('',#9885,1.);
#9885 = DIRECTION('',(1.,1.249318835986E-16,3.740088136605E-15));
#9886 = PLANE('',#9887);
#9887 = AXIS2_PLACEMENT_3D('',#9888,#9889,#9890);
#9888 = CARTESIAN_POINT('',(-7.575,2.95,-3.822292112093));
#9889 = DIRECTION('',(1.249318835986E-16,-1.,-8.75811540203E-47));
#9890 = DIRECTION('',(1.,1.249318835986E-16,3.740088136605E-15));
#9891 = ADVANCED_FACE('',(#9892),#9917,.F.);
#9892 = FACE_BOUND('',#9893,.T.);
#9893 = EDGE_LOOP('',(#9894,#9902,#9903,#9911));
#9894 = ORIENTED_EDGE('',*,*,#9895,.T.);
#9895 = EDGE_CURVE('',#9896,#9856,#9898,.T.);
#9896 = VERTEX_POINT('',#9897);
#9897 = CARTESIAN_POINT('',(-7.425,3.25,0.327707887907));
#9898 = LINE('',#9899,#9900);
#9899 = CARTESIAN_POINT('',(-7.425,3.25,0.327707887907));
#9900 = VECTOR('',#9901,1.);
#9901 = DIRECTION('',(1.249318835986E-16,-1.,0.));
#9902 = ORIENTED_EDGE('',*,*,#9881,.F.);
#9903 = ORIENTED_EDGE('',*,*,#9904,.F.);
#9904 = EDGE_CURVE('',#9905,#9874,#9907,.T.);
#9905 = VERTEX_POINT('',#9906);
#9906 = CARTESIAN_POINT('',(-7.575,3.25,0.327707887907));
#9907 = LINE('',#9908,#9909);
#9908 = CARTESIAN_POINT('',(-7.575,3.25,0.327707887907));
#9909 = VECTOR('',#9910,1.);
#9910 = DIRECTION('',(1.249318835986E-16,-1.,0.));
#9911 = ORIENTED_EDGE('',*,*,#9912,.T.);
#9912 = EDGE_CURVE('',#9905,#9896,#9913,.T.);
#9913 = LINE('',#9914,#9915);
#9914 = CARTESIAN_POINT('',(-7.575,3.25,0.327707887907));
#9915 = VECTOR('',#9916,1.);
#9916 = DIRECTION('',(1.,1.249318835986E-16,3.740088136605E-15));
#9917 = PLANE('',#9918);
#9918 = AXIS2_PLACEMENT_3D('',#9919,#9920,#9921);
#9919 = CARTESIAN_POINT('',(-7.575,3.25,0.327707887907));
#9920 = DIRECTION('',(-3.740088136605E-15,-5.658638688837E-31,1.));
#9921 = DIRECTION('',(-1.,-1.249318835986E-16,-3.740088136605E-15));
#9922 = ADVANCED_FACE('',(#9923),#9948,.F.);
#9923 = FACE_BOUND('',#9924,.T.);
#9924 = EDGE_LOOP('',(#9925,#9934,#9940,#9941,#9947));
#9925 = ORIENTED_EDGE('',*,*,#9926,.T.);
#9926 = EDGE_CURVE('',#9812,#9927,#9929,.T.);
#9927 = VERTEX_POINT('',#9928);
#9928 = CARTESIAN_POINT('',(-7.575,2.8,-3.324764068712));
#9929 = ( BOUNDED_CURVE() B_SPLINE_CURVE(3,(#9930,#9931,#9932,#9933),
.UNSPECIFIED.,.F.,.F.) B_SPLINE_CURVE_WITH_KNOTS((4,4),(2.172060543474,
2.498091544796),.PIECEWISE_BEZIER_KNOTS.) CURVE() 
GEOMETRIC_REPRESENTATION_ITEM() RATIONAL_B_SPLINE_CURVE((1.,
0.991161580934,0.991161580934,1.)) REPRESENTATION_ITEM('') );
#9930 = CARTESIAN_POINT('',(-7.659232921921,2.712132034356,
    -3.412632034356));
#9931 = CARTESIAN_POINT('',(-7.636076351484,2.745888246424,
    -3.378875822288));
#9932 = CARTESIAN_POINT('',(-7.607748335971,2.775438748022,
    -3.34932532069));
#9933 = CARTESIAN_POINT('',(-7.575,2.8,-3.324764068712));
#9934 = ORIENTED_EDGE('',*,*,#9935,.T.);
#9935 = EDGE_CURVE('',#9927,#9866,#9936,.T.);
#9936 = LINE('',#9937,#9938);
#9937 = CARTESIAN_POINT('',(-7.575,4.65123597831,-1.473528090402));
#9938 = VECTOR('',#9939,1.);
#9939 = DIRECTION('',(-2.732981865708E-15,0.707106781187,0.707106781187)
  );
#9940 = ORIENTED_EDGE('',*,*,#9865,.T.);
#9941 = ORIENTED_EDGE('',*,*,#9942,.T.);
#9942 = EDGE_CURVE('',#9858,#9827,#9943,.T.);
#9943 = LINE('',#9944,#9945);
#9944 = CARTESIAN_POINT('',(-7.425,2.95,-3.174764068712));
#9945 = VECTOR('',#9946,1.);
#9946 = DIRECTION('',(2.842525866063E-15,-0.707106781187,-0.707106781187
    ));
#9947 = ORIENTED_EDGE('',*,*,#9826,.F.);
#9948 = PLANE('',#9949);
#9949 = AXIS2_PLACEMENT_3D('',#9950,#9951,#9952);
#9950 = CARTESIAN_POINT('',(-7.725025,2.95,-3.174764068712));
#9951 = DIRECTION('',(-2.556302931508E-15,-0.707106781187,0.707106781187
    ));
#9952 = DIRECTION('',(2.641317346258E-16,-0.707106781187,-0.707106781187
    ));
#9953 = ADVANCED_FACE('',(#9954),#9979,.F.);
#9954 = FACE_BOUND('',#9955,.T.);
#9955 = EDGE_LOOP('',(#9956,#9966,#9972,#9973));
#9956 = ORIENTED_EDGE('',*,*,#9957,.F.);
#9957 = EDGE_CURVE('',#9958,#9960,#9962,.T.);
#9958 = VERTEX_POINT('',#9959);
#9959 = CARTESIAN_POINT('',(-7.425,3.25,0.8495));
#9960 = VERTEX_POINT('',#9961);
#9961 = CARTESIAN_POINT('',(-7.575,3.25,0.8495));
#9962 = LINE('',#9963,#9964);
#9963 = CARTESIAN_POINT('',(-7.575,3.25,0.8495));
#9964 = VECTOR('',#9965,1.);
#9965 = DIRECTION('',(-1.,-1.249318835986E-16,-3.740088136605E-15));
#9966 = ORIENTED_EDGE('',*,*,#9967,.T.);
#9967 = EDGE_CURVE('',#9958,#9896,#9968,.T.);
#9968 = LINE('',#9969,#9970);
#9969 = CARTESIAN_POINT('',(-7.425,3.25,2.002707887907));
#9970 = VECTOR('',#9971,1.);
#9971 = DIRECTION('',(3.740088136605E-15,-1.812397661468E-15,-1.));
#9972 = ORIENTED_EDGE('',*,*,#9912,.F.);
#9973 = ORIENTED_EDGE('',*,*,#9974,.F.);
#9974 = EDGE_CURVE('',#9960,#9905,#9975,.T.);
#9975 = LINE('',#9976,#9977);
#9976 = CARTESIAN_POINT('',(-7.575,3.25,2.002707887907));
#9977 = VECTOR('',#9978,1.);
#9978 = DIRECTION('',(3.740088136605E-15,-1.812397661468E-15,-1.));
#9979 = PLANE('',#9980);
#9980 = AXIS2_PLACEMENT_3D('',#9981,#9982,#9983);
#9981 = CARTESIAN_POINT('',(-7.575,3.25,2.002707887907));
#9982 = DIRECTION('',(1.249318835986E-16,-1.,1.812397661468E-15));
#9983 = DIRECTION('',(-3.740088136605E-15,1.812397661468E-15,1.));
#9984 = ADVANCED_FACE('',(#9985),#10019,.F.);
#9985 = FACE_BOUND('',#9986,.T.);
#9986 = EDGE_LOOP('',(#9987,#9997,#10005,#10013));
#9987 = ORIENTED_EDGE('',*,*,#9988,.F.);
#9988 = EDGE_CURVE('',#9989,#9991,#9993,.T.);
#9989 = VERTEX_POINT('',#9990);
#9990 = CARTESIAN_POINT('',(-7.575,-3.25,0.8495));
#9991 = VERTEX_POINT('',#9992);
#9992 = CARTESIAN_POINT('',(-7.425,-3.25,0.8495));
#9993 = LINE('',#9994,#9995);
#9994 = CARTESIAN_POINT('',(-7.575,-3.25,0.8495));
#9995 = VECTOR('',#9996,1.);
#9996 = DIRECTION('',(1.,1.249318835986E-16,3.740088136605E-15));
#9997 = ORIENTED_EDGE('',*,*,#9998,.F.);
#9998 = EDGE_CURVE('',#9999,#9989,#10001,.T.);
#9999 = VERTEX_POINT('',#10000);
#10000 = CARTESIAN_POINT('',(-7.575,-3.25,0.327707887907));
#10001 = LINE('',#10002,#10003);
#10002 = CARTESIAN_POINT('',(-7.575,-3.25,0.327707887907));
#10003 = VECTOR('',#10004,1.);
#10004 = DIRECTION('',(-3.740088136605E-15,-2.589139516383E-15,1.));
#10005 = ORIENTED_EDGE('',*,*,#10006,.T.);
#10006 = EDGE_CURVE('',#9999,#10007,#10009,.T.);
#10007 = VERTEX_POINT('',#10008);
#10008 = CARTESIAN_POINT('',(-7.425,-3.25,0.327707887907));
#10009 = LINE('',#10010,#10011);
#10010 = CARTESIAN_POINT('',(-7.575,-3.25,0.327707887907));
#10011 = VECTOR('',#10012,1.);
#10012 = DIRECTION('',(1.,1.249318835986E-16,3.740088136605E-15));
#10013 = ORIENTED_EDGE('',*,*,#10014,.T.);
#10014 = EDGE_CURVE('',#10007,#9991,#10015,.T.);
#10015 = LINE('',#10016,#10017);
#10016 = CARTESIAN_POINT('',(-7.425,-3.25,0.327707887907));
#10017 = VECTOR('',#10018,1.);
#10018 = DIRECTION('',(-3.740088136605E-15,-2.589139516383E-15,1.));
#10019 = PLANE('',#10020);
#10020 = AXIS2_PLACEMENT_3D('',#10021,#10022,#10023);
#10021 = CARTESIAN_POINT('',(-7.575,-3.25,0.327707887907));
#10022 = DIRECTION('',(-1.249318835987E-16,1.,2.589139516383E-15));
#10023 = DIRECTION('',(3.740088136605E-15,2.589139516383E-15,-1.));
#10024 = ADVANCED_FACE('',(#10025),#10050,.F.);
#10025 = FACE_BOUND('',#10026,.T.);
#10026 = EDGE_LOOP('',(#10027,#10035,#10036,#10044));
#10027 = ORIENTED_EDGE('',*,*,#10028,.T.);
#10028 = EDGE_CURVE('',#10029,#10007,#10031,.T.);
#10029 = VERTEX_POINT('',#10030);
#10030 = CARTESIAN_POINT('',(-7.425,-2.95,0.327707887907));
#10031 = LINE('',#10032,#10033);
#10032 = CARTESIAN_POINT('',(-7.425,-2.95,0.327707887907));
#10033 = VECTOR('',#10034,1.);
#10034 = DIRECTION('',(1.249318835987E-16,-1.,-5.782411586589E-15));
#10035 = ORIENTED_EDGE('',*,*,#10006,.F.);
#10036 = ORIENTED_EDGE('',*,*,#10037,.F.);
#10037 = EDGE_CURVE('',#10038,#9999,#10040,.T.);
#10038 = VERTEX_POINT('',#10039);
#10039 = CARTESIAN_POINT('',(-7.575,-2.95,0.327707887907));
#10040 = LINE('',#10041,#10042);
#10041 = CARTESIAN_POINT('',(-7.575,-2.95,0.327707887907));
#10042 = VECTOR('',#10043,1.);
#10043 = DIRECTION('',(1.249318835987E-16,-1.,-5.782411586589E-15));
#10044 = ORIENTED_EDGE('',*,*,#10045,.T.);
#10045 = EDGE_CURVE('',#10038,#10029,#10046,.T.);
#10046 = LINE('',#10047,#10048);
#10047 = CARTESIAN_POINT('',(-7.575,-2.95,0.327707887907));
#10048 = VECTOR('',#10049,1.);
#10049 = DIRECTION('',(1.,1.249318835986E-16,3.740088136605E-15));
#10050 = PLANE('',#10051);
#10051 = AXIS2_PLACEMENT_3D('',#10052,#10053,#10054);
#10052 = CARTESIAN_POINT('',(-7.575,-2.95,0.327707887907));
#10053 = DIRECTION('',(-3.740088136605E-15,-5.782411586589E-15,1.));
#10054 = DIRECTION('',(-1.249318835987E-16,1.,5.782411586589E-15));
#10055 = ADVANCED_FACE('',(#10056),#10081,.F.);
#10056 = FACE_BOUND('',#10057,.T.);
#10057 = EDGE_LOOP('',(#10058,#10066,#10074,#10080));
#10058 = ORIENTED_EDGE('',*,*,#10059,.F.);
#10059 = EDGE_CURVE('',#10060,#10038,#10062,.T.);
#10060 = VERTEX_POINT('',#10061);
#10061 = CARTESIAN_POINT('',(-7.575,-2.95,-3.174764068712));
#10062 = LINE('',#10063,#10064);
#10063 = CARTESIAN_POINT('',(-7.575,-2.95,-3.822292112093));
#10064 = VECTOR('',#10065,1.);
#10065 = DIRECTION('',(-3.740088136605E-15,-5.658638688837E-31,1.));
#10066 = ORIENTED_EDGE('',*,*,#10067,.T.);
#10067 = EDGE_CURVE('',#10060,#10068,#10070,.T.);
#10068 = VERTEX_POINT('',#10069);
#10069 = CARTESIAN_POINT('',(-7.425,-2.95,-3.174764068712));
#10070 = LINE('',#10071,#10072);
#10071 = CARTESIAN_POINT('',(-7.725025,-2.95,-3.174764068712));
#10072 = VECTOR('',#10073,1.);
#10073 = DIRECTION('',(1.,1.249318835986E-16,3.740090158872E-15));
#10074 = ORIENTED_EDGE('',*,*,#10075,.T.);
#10075 = EDGE_CURVE('',#10068,#10029,#10076,.T.);
#10076 = LINE('',#10077,#10078);
#10077 = CARTESIAN_POINT('',(-7.425,-2.95,-3.822292112093));
#10078 = VECTOR('',#10079,1.);
#10079 = DIRECTION('',(-3.740088136605E-15,-5.658638688837E-31,1.));
#10080 = ORIENTED_EDGE('',*,*,#10045,.F.);
#10081 = PLANE('',#10082);
#10082 = AXIS2_PLACEMENT_3D('',#10083,#10084,#10085);
#10083 = CARTESIAN_POINT('',(-7.575,-2.95,-3.822292112093));
#10084 = DIRECTION('',(-1.249318835986E-16,1.,8.75811540203E-47));
#10085 = DIRECTION('',(-1.,-1.249318835986E-16,-3.740088136605E-15));
#10086 = ADVANCED_FACE('',(#10087),#10121,.F.);
#10087 = FACE_BOUND('',#10088,.T.);
#10088 = EDGE_LOOP('',(#10089,#10099,#10105,#10106,#10114));
#10089 = ORIENTED_EDGE('',*,*,#10090,.T.);
#10090 = EDGE_CURVE('',#10091,#10093,#10095,.T.);
#10091 = VERTEX_POINT('',#10092);
#10092 = CARTESIAN_POINT('',(-7.659232921921,-2.712132034356,
    -3.412632034356));
#10093 = VERTEX_POINT('',#10094);
#10094 = CARTESIAN_POINT('',(-7.425,-2.712132034356,-3.412632034356));
#10095 = LINE('',#10096,#10097);
#10096 = CARTESIAN_POINT('',(-7.725025,-2.712132034356,-3.412632034356)
  );
#10097 = VECTOR('',#10098,1.);
#10098 = DIRECTION('',(1.,1.249318835986E-16,3.740090158872E-15));
#10099 = ORIENTED_EDGE('',*,*,#10100,.T.);
#10100 = EDGE_CURVE('',#10093,#10068,#10101,.T.);
#10101 = LINE('',#10102,#10103);
#10102 = CARTESIAN_POINT('',(-7.425,-2.712132034356,-3.412632034356));
#10103 = VECTOR('',#10104,1.);
#10104 = DIRECTION('',(-2.665845501904E-15,-0.707106781187,
    0.707106781187));
#10105 = ORIENTED_EDGE('',*,*,#10067,.F.);
#10106 = ORIENTED_EDGE('',*,*,#10107,.T.);
#10107 = EDGE_CURVE('',#10060,#10108,#10110,.T.);
#10108 = VERTEX_POINT('',#10109);
#10109 = CARTESIAN_POINT('',(-7.575,-2.8,-3.324764068712));
#10110 = LINE('',#10111,#10112);
#10111 = CARTESIAN_POINT('',(-7.575,4.348764021691,-10.4735280904));
#10112 = VECTOR('',#10113,1.);
#10113 = DIRECTION('',(2.55630150155E-15,0.707106781187,-0.707106781187)
  );
#10114 = ORIENTED_EDGE('',*,*,#10115,.F.);
#10115 = EDGE_CURVE('',#10091,#10108,#10116,.T.);
#10116 = ( BOUNDED_CURVE() B_SPLINE_CURVE(3,(#10117,#10118,#10119,#10120
),.UNSPECIFIED.,.F.,.F.) B_SPLINE_CURVE_WITH_KNOTS((4,4),(2.172060543474
,2.498091544796),.PIECEWISE_BEZIER_KNOTS.) CURVE() 
GEOMETRIC_REPRESENTATION_ITEM() RATIONAL_B_SPLINE_CURVE((1.,
0.991161580934,0.991161580934,1.)) REPRESENTATION_ITEM('') );
#10117 = CARTESIAN_POINT('',(-7.659232921921,-2.712132034356,
    -3.412632034356));
#10118 = CARTESIAN_POINT('',(-7.636076351484,-2.745888246424,
    -3.378875822288));
#10119 = CARTESIAN_POINT('',(-7.607748335971,-2.775438748022,
    -3.34932532069));
#10120 = CARTESIAN_POINT('',(-7.575,-2.8,-3.324764068712));
#10121 = PLANE('',#10122);
#10122 = AXIS2_PLACEMENT_3D('',#10123,#10124,#10125);
#10123 = CARTESIAN_POINT('',(-7.725025,-2.712132034356,-3.412632034356)
  );
#10124 = DIRECTION('',(-2.732983295666E-15,0.707106781187,0.707106781187
    ));
#10125 = DIRECTION('',(-8.745137046782E-17,-0.707106781187,
    0.707106781187));
#10126 = ADVANCED_FACE('',(#10127),#10166,.T.);
#10127 = FACE_BOUND('',#10128,.T.);
#10128 = EDGE_LOOP('',(#10129,#10144,#10145,#10160));
#10129 = ORIENTED_EDGE('',*,*,#10130,.T.);
#10130 = EDGE_CURVE('',#10131,#10093,#10133,.T.);
#10131 = VERTEX_POINT('',#10132);
#10132 = CARTESIAN_POINT('',(-7.425,-2.287867965644,-3.412632034356));
#10133 = B_SPLINE_CURVE_WITH_KNOTS('',3,(#10134,#10135,#10136,#10137,
    #10138,#10139,#10140,#10141,#10142,#10143),.UNSPECIFIED.,.F.,.F.,(4,
    2,2,2,4),(1.161261003936E-17,1.453875650969E-04,2.907751301938E-04,
    4.361626952907E-04,5.815502603876E-04),.UNSPECIFIED.);
#10134 = CARTESIAN_POINT('',(-7.425,-2.287867965644,-3.412632034356));
#10135 = CARTESIAN_POINT('',(-7.469064944726,-2.303447276258,
    -3.42821134497));
#10136 = CARTESIAN_POINT('',(-7.50470161365,-2.330509152627,
    -3.451337682883));
#10137 = CARTESIAN_POINT('',(-7.558079719982,-2.40323964272,
    -3.487352093867));
#10138 = CARTESIAN_POINT('',(-7.574900161602,-2.450872733062,
    -3.500425121269));
#10139 = CARTESIAN_POINT('',(-7.5750989004,-2.548208464855,
    -3.500574175233));
#10140 = CARTESIAN_POINT('',(-7.558564976287,-2.595944275806,
    -3.487694051424));
#10141 = CARTESIAN_POINT('',(-7.504748074582,-2.669580915219,
    -3.451354620102));
#10142 = CARTESIAN_POINT('',(-7.469085576584,-2.696545429278,
    -3.428218639434));
#10143 = CARTESIAN_POINT('',(-7.425,-2.712132034356,-3.412632034356));
#10144 = ORIENTED_EDGE('',*,*,#10090,.F.);
#10145 = ORIENTED_EDGE('',*,*,#10146,.F.);
#10146 = EDGE_CURVE('',#10147,#10091,#10149,.T.);
#10147 = VERTEX_POINT('',#10148);
#10148 = CARTESIAN_POINT('',(-7.659232921921,-2.287867965644,
    -3.412632034356));
#10149 = B_SPLINE_CURVE_WITH_KNOTS('',3,(#10150,#10151,#10152,#10153,
    #10154,#10155,#10156,#10157,#10158,#10159),.UNSPECIFIED.,.F.,.F.,(4,
    2,2,2,4),(1.939479807224E-18,1.227093749406E-04,2.454187498812E-04,
    3.681281248218E-04,4.908374997624E-04),.UNSPECIFIED.);
#10150 = CARTESIAN_POINT('',(-7.659232921921,-2.287867965644,
    -3.412632034356));
#10151 = CARTESIAN_POINT('',(-7.677293886708,-2.314196119856,
    -3.438960188568));
#10152 = CARTESIAN_POINT('',(-7.693845804299,-2.345584766974,
    -3.46069410799));
#10153 = CARTESIAN_POINT('',(-7.717861336074,-2.417829209894,
    -3.491692375032));
#10154 = CARTESIAN_POINT('',(-7.724954313462,-2.458716940579,
    -3.500442891808));
#10155 = CARTESIAN_POINT('',(-7.725045222597,-2.540448846542,
    -3.500556528266));
#10156 = CARTESIAN_POINT('',(-7.718008828738,-2.581598369212,
    -3.491879112333));
#10157 = CARTESIAN_POINT('',(-7.693947723897,-2.654236037014,
    -3.460829264294));
#10158 = CARTESIAN_POINT('',(-7.677316781262,-2.685770505886,
    -3.438993562829));
#10159 = CARTESIAN_POINT('',(-7.659232921921,-2.712132034356,
    -3.412632034356));
#10160 = ORIENTED_EDGE('',*,*,#10161,.T.);
#10161 = EDGE_CURVE('',#10147,#10131,#10162,.T.);
#10162 = LINE('',#10163,#10164);
#10163 = CARTESIAN_POINT('',(-7.725025,-2.287867965644,-3.412632034356)
  );
#10164 = VECTOR('',#10165,1.);
#10165 = DIRECTION('',(1.,1.249318835986E-16,3.740090158872E-15));
#10166 = CYLINDRICAL_SURFACE('',#10167,0.3);
#10167 = AXIS2_PLACEMENT_3D('',#10168,#10169,#10170);
#10168 = CARTESIAN_POINT('',(-7.725025,-2.5,-3.2005));
#10169 = DIRECTION('',(1.,1.249318835986E-16,3.740090158872E-15));
#10170 = DIRECTION('',(-3.740090158872E-15,-9.843124427589E-31,1.));
#10171 = ADVANCED_FACE('',(#10172),#10206,.F.);
#10172 = FACE_BOUND('',#10173,.T.);
#10173 = EDGE_LOOP('',(#10174,#10184,#10192,#10200));
#10174 = ORIENTED_EDGE('',*,*,#10175,.T.);
#10175 = EDGE_CURVE('',#10176,#10178,#10180,.T.);
#10176 = VERTEX_POINT('',#10177);
#10177 = CARTESIAN_POINT('',(-7.425,-1.75,0.327707887907));
#10178 = VERTEX_POINT('',#10179);
#10179 = CARTESIAN_POINT('',(-7.425,-2.05,0.327707887907));
#10180 = LINE('',#10181,#10182);
#10181 = CARTESIAN_POINT('',(-7.425,-1.75,0.327707887907));
#10182 = VECTOR('',#10183,1.);
#10183 = DIRECTION('',(1.249318835986E-16,-1.,5.782411586589E-15));
#10184 = ORIENTED_EDGE('',*,*,#10185,.F.);
#10185 = EDGE_CURVE('',#10186,#10178,#10188,.T.);
#10186 = VERTEX_POINT('',#10187);
#10187 = CARTESIAN_POINT('',(-7.575,-2.05,0.327707887907));
#10188 = LINE('',#10189,#10190);
#10189 = CARTESIAN_POINT('',(-7.575,-2.05,0.327707887907));
#10190 = VECTOR('',#10191,1.);
#10191 = DIRECTION('',(1.,1.249318835986E-16,3.740088136605E-15));
#10192 = ORIENTED_EDGE('',*,*,#10193,.F.);
#10193 = EDGE_CURVE('',#10194,#10186,#10196,.T.);
#10194 = VERTEX_POINT('',#10195);
#10195 = CARTESIAN_POINT('',(-7.575,-1.75,0.327707887907));
#10196 = LINE('',#10197,#10198);
#10197 = CARTESIAN_POINT('',(-7.575,-1.75,0.327707887907));
#10198 = VECTOR('',#10199,1.);
#10199 = DIRECTION('',(1.249318835986E-16,-1.,5.782411586589E-15));
#10200 = ORIENTED_EDGE('',*,*,#10201,.T.);
#10201 = EDGE_CURVE('',#10194,#10176,#10202,.T.);
#10202 = LINE('',#10203,#10204);
#10203 = CARTESIAN_POINT('',(-7.575,-1.75,0.327707887907));
#10204 = VECTOR('',#10205,1.);
#10205 = DIRECTION('',(1.,1.249318835986E-16,3.740088136605E-15));
#10206 = PLANE('',#10207);
#10207 = AXIS2_PLACEMENT_3D('',#10208,#10209,#10210);
#10208 = CARTESIAN_POINT('',(-7.575,-1.75,0.327707887907));
#10209 = DIRECTION('',(-3.740088136605E-15,5.782411586589E-15,1.));
#10210 = DIRECTION('',(-1.249318835986E-16,1.,-5.782411586589E-15));
#10211 = ADVANCED_FACE('',(#10212),#10237,.F.);
#10212 = FACE_BOUND('',#10213,.T.);
#10213 = EDGE_LOOP('',(#10214,#10222,#10230,#10236));
#10214 = ORIENTED_EDGE('',*,*,#10215,.T.);
#10215 = EDGE_CURVE('',#10178,#10216,#10218,.T.);
#10216 = VERTEX_POINT('',#10217);
#10217 = CARTESIAN_POINT('',(-7.425,-2.05,-3.174764068712));
#10218 = LINE('',#10219,#10220);
#10219 = CARTESIAN_POINT('',(-7.425,-2.05,0.327707887907));
#10220 = VECTOR('',#10221,1.);
#10221 = DIRECTION('',(3.740088136605E-15,-5.225070710774E-16,-1.));
#10222 = ORIENTED_EDGE('',*,*,#10223,.F.);
#10223 = EDGE_CURVE('',#10224,#10216,#10226,.T.);
#10224 = VERTEX_POINT('',#10225);
#10225 = CARTESIAN_POINT('',(-7.575,-2.05,-3.174764068712));
#10226 = LINE('',#10227,#10228);
#10227 = CARTESIAN_POINT('',(-7.725025,-2.05,-3.174764068712));
#10228 = VECTOR('',#10229,1.);
#10229 = DIRECTION('',(1.,1.249318835986E-16,3.740090158872E-15));
#10230 = ORIENTED_EDGE('',*,*,#10231,.F.);
#10231 = EDGE_CURVE('',#10186,#10224,#10232,.T.);
#10232 = LINE('',#10233,#10234);
#10233 = CARTESIAN_POINT('',(-7.575,-2.05,0.327707887907));
#10234 = VECTOR('',#10235,1.);
#10235 = DIRECTION('',(3.740088136605E-15,-5.225070710774E-16,-1.));
#10236 = ORIENTED_EDGE('',*,*,#10185,.T.);
#10237 = PLANE('',#10238);
#10238 = AXIS2_PLACEMENT_3D('',#10239,#10240,#10241);
#10239 = CARTESIAN_POINT('',(-7.575,-2.05,0.327707887907));
#10240 = DIRECTION('',(1.249318835986E-16,-1.,5.225070710774E-16));
#10241 = DIRECTION('',(-3.740088136605E-15,5.225070710774E-16,1.));
#10242 = ADVANCED_FACE('',(#10243),#10268,.F.);
#10243 = FACE_BOUND('',#10244,.T.);
#10244 = EDGE_LOOP('',(#10245,#10253,#10254,#10260,#10261));
#10245 = ORIENTED_EDGE('',*,*,#10246,.T.);
#10246 = EDGE_CURVE('',#10247,#10224,#10249,.T.);
#10247 = VERTEX_POINT('',#10248);
#10248 = CARTESIAN_POINT('',(-7.575,-2.2,-3.324764068712));
#10249 = LINE('',#10250,#10251);
#10250 = CARTESIAN_POINT('',(-7.575,2.15123597831,1.026471909598));
#10251 = VECTOR('',#10252,1.);
#10252 = DIRECTION('',(-2.732981865708E-15,0.707106781187,0.707106781187
    ));
#10253 = ORIENTED_EDGE('',*,*,#10223,.T.);
#10254 = ORIENTED_EDGE('',*,*,#10255,.T.);
#10255 = EDGE_CURVE('',#10216,#10131,#10256,.T.);
#10256 = LINE('',#10257,#10258);
#10257 = CARTESIAN_POINT('',(-7.425,-2.05,-3.174764068712));
#10258 = VECTOR('',#10259,1.);
#10259 = DIRECTION('',(2.842525866062E-15,-0.707106781187,
    -0.707106781187));
#10260 = ORIENTED_EDGE('',*,*,#10161,.F.);
#10261 = ORIENTED_EDGE('',*,*,#10262,.F.);
#10262 = EDGE_CURVE('',#10247,#10147,#10263,.T.);
#10263 = ( BOUNDED_CURVE() B_SPLINE_CURVE(3,(#10264,#10265,#10266,#10267
),.UNSPECIFIED.,.F.,.F.) B_SPLINE_CURVE_WITH_KNOTS((4,4),(3.785093762383
,4.111124763706),.PIECEWISE_BEZIER_KNOTS.) CURVE() 
GEOMETRIC_REPRESENTATION_ITEM() RATIONAL_B_SPLINE_CURVE((1.,
0.991161580934,0.991161580934,1.)) REPRESENTATION_ITEM('') );
#10264 = CARTESIAN_POINT('',(-7.575,-2.2,-3.324764068712));
#10265 = CARTESIAN_POINT('',(-7.607748335971,-2.224561251978,
    -3.34932532069));
#10266 = CARTESIAN_POINT('',(-7.636076351484,-2.254111753576,
    -3.378875822288));
#10267 = CARTESIAN_POINT('',(-7.659232921921,-2.287867965644,
    -3.412632034356));
#10268 = PLANE('',#10269);
#10269 = AXIS2_PLACEMENT_3D('',#10270,#10271,#10272);
#10270 = CARTESIAN_POINT('',(-7.725025,-2.05,-3.174764068712));
#10271 = DIRECTION('',(-2.556302931508E-15,-0.707106781187,
    0.707106781187));
#10272 = DIRECTION('',(2.641317346258E-16,-0.707106781187,
    -0.707106781187));
#10273 = ADVANCED_FACE('',(#10274),#10299,.F.);
#10274 = FACE_BOUND('',#10275,.T.);
#10275 = EDGE_LOOP('',(#10276,#10284,#10292,#10298));
#10276 = ORIENTED_EDGE('',*,*,#10277,.T.);
#10277 = EDGE_CURVE('',#9198,#10278,#10280,.T.);
#10278 = VERTEX_POINT('',#10279);
#10279 = CARTESIAN_POINT('',(0.7,-3.7,0.1495));
#10280 = LINE('',#10281,#10282);
#10281 = CARTESIAN_POINT('',(0.7,-3.,0.1495));
#10282 = VECTOR('',#10283,1.);
#10283 = DIRECTION('',(-1.848401656829E-16,-1.,-1.224606353822E-16));
#10284 = ORIENTED_EDGE('',*,*,#10285,.F.);
#10285 = EDGE_CURVE('',#10286,#10278,#10288,.T.);
#10286 = VERTEX_POINT('',#10287);
#10287 = CARTESIAN_POINT('',(0.7,-3.7,0.3995));
#10288 = LINE('',#10289,#10290);
#10289 = CARTESIAN_POINT('',(0.7,-3.7,0.3995));
#10290 = VECTOR('',#10291,1.);
#10291 = DIRECTION('',(-1.529923784499E-32,1.224606353822E-16,-1.));
#10292 = ORIENTED_EDGE('',*,*,#10293,.F.);
#10293 = EDGE_CURVE('',#9189,#10286,#10294,.T.);
#10294 = LINE('',#10295,#10296);
#10295 = CARTESIAN_POINT('',(0.7,-3.,0.3995));
#10296 = VECTOR('',#10297,1.);
#10297 = DIRECTION('',(-1.848401656829E-16,-1.,-1.224606353822E-16));
#10298 = ORIENTED_EDGE('',*,*,#9197,.T.);
#10299 = PLANE('',#10300);
#10300 = AXIS2_PLACEMENT_3D('',#10301,#10302,#10303);
#10301 = CARTESIAN_POINT('',(0.7,-3.,0.3995));
#10302 = DIRECTION('',(1.,-1.848401656829E-16,-3.485339406766E-32));
#10303 = DIRECTION('',(-1.848401656829E-16,-1.,-1.224606353822E-16));
#10304 = ADVANCED_FACE('',(#10305),#10323,.T.);
#10305 = FACE_BOUND('',#10306,.T.);
#10306 = EDGE_LOOP('',(#10307,#10308,#10309,#10317));
#10307 = ORIENTED_EDGE('',*,*,#9188,.T.);
#10308 = ORIENTED_EDGE('',*,*,#10293,.T.);
#10309 = ORIENTED_EDGE('',*,*,#10310,.T.);
#10310 = EDGE_CURVE('',#10286,#10311,#10313,.T.);
#10311 = VERTEX_POINT('',#10312);
#10312 = CARTESIAN_POINT('',(-0.7,-3.7,0.3995));
#10313 = LINE('',#10314,#10315);
#10314 = CARTESIAN_POINT('',(0.7,-3.7,0.3995));
#10315 = VECTOR('',#10316,1.);
#10316 = DIRECTION('',(-1.,-1.249318835986E-16,-3.08148791102E-33));
#10317 = ORIENTED_EDGE('',*,*,#10318,.T.);
#10318 = EDGE_CURVE('',#10311,#9179,#10319,.T.);
#10319 = LINE('',#10320,#10321);
#10320 = CARTESIAN_POINT('',(-0.7,-3.,0.3995));
#10321 = VECTOR('',#10322,1.);
#10322 = DIRECTION('',(-1.249318835986E-16,1.,1.224606353822E-16));
#10323 = PLANE('',#10324);
#10324 = AXIS2_PLACEMENT_3D('',#10325,#10326,#10327);
#10325 = CARTESIAN_POINT('',(8.797657648064E-16,-3.,0.3995));
#10326 = DIRECTION('',(-1.529923784499E-32,1.224606353822E-16,-1.));
#10327 = DIRECTION('',(1.249318835986E-16,-1.,-1.224606353822E-16));
#10328 = ADVANCED_FACE('',(#10329),#10347,.F.);
#10329 = FACE_BOUND('',#10330,.T.);
#10330 = EDGE_LOOP('',(#10331,#10339,#10340,#10341));
#10331 = ORIENTED_EDGE('',*,*,#10332,.T.);
#10332 = EDGE_CURVE('',#10333,#9181,#10335,.T.);
#10333 = VERTEX_POINT('',#10334);
#10334 = CARTESIAN_POINT('',(-0.7,-3.7,0.1495));
#10335 = LINE('',#10336,#10337);
#10336 = CARTESIAN_POINT('',(-0.7,-3.,0.1495));
#10337 = VECTOR('',#10338,1.);
#10338 = DIRECTION('',(-1.249318835986E-16,1.,1.224606353822E-16));
#10339 = ORIENTED_EDGE('',*,*,#9178,.F.);
#10340 = ORIENTED_EDGE('',*,*,#10318,.F.);
#10341 = ORIENTED_EDGE('',*,*,#10342,.T.);
#10342 = EDGE_CURVE('',#10311,#10333,#10343,.T.);
#10343 = LINE('',#10344,#10345);
#10344 = CARTESIAN_POINT('',(-0.7,-3.7,0.3995));
#10345 = VECTOR('',#10346,1.);
#10346 = DIRECTION('',(-1.529923784499E-32,1.224606353822E-16,-1.));
#10347 = PLANE('',#10348);
#10348 = AXIS2_PLACEMENT_3D('',#10349,#10350,#10351);
#10349 = CARTESIAN_POINT('',(-0.7,-3.,0.3995));
#10350 = DIRECTION('',(-1.,-1.249318835986E-16,0.));
#10351 = DIRECTION('',(-1.529923784499E-32,1.224606353822E-16,-1.));
#10352 = ADVANCED_FACE('',(#10353),#10378,.F.);
#10353 = FACE_BOUND('',#10354,.T.);
#10354 = EDGE_LOOP('',(#10355,#10363,#10364,#10372));
#10355 = ORIENTED_EDGE('',*,*,#10356,.T.);
#10356 = EDGE_CURVE('',#10357,#9221,#10359,.T.);
#10357 = VERTEX_POINT('',#10358);
#10358 = CARTESIAN_POINT('',(0.7,3.7,0.1495));
#10359 = LINE('',#10360,#10361);
#10360 = CARTESIAN_POINT('',(0.7,3.7,0.1495));
#10361 = VECTOR('',#10362,1.);
#10362 = DIRECTION('',(1.249318835986E-16,-1.,-1.224606353822E-16));
#10363 = ORIENTED_EDGE('',*,*,#9229,.F.);
#10364 = ORIENTED_EDGE('',*,*,#10365,.F.);
#10365 = EDGE_CURVE('',#10366,#9230,#10368,.T.);
#10366 = VERTEX_POINT('',#10367);
#10367 = CARTESIAN_POINT('',(0.7,3.7,0.3995));
#10368 = LINE('',#10369,#10370);
#10369 = CARTESIAN_POINT('',(0.7,3.7,0.3995));
#10370 = VECTOR('',#10371,1.);
#10371 = DIRECTION('',(1.249318835986E-16,-1.,-1.224606353822E-16));
#10372 = ORIENTED_EDGE('',*,*,#10373,.T.);
#10373 = EDGE_CURVE('',#10366,#10357,#10374,.T.);
#10374 = LINE('',#10375,#10376);
#10375 = CARTESIAN_POINT('',(0.7,3.7,0.3995));
#10376 = VECTOR('',#10377,1.);
#10377 = DIRECTION('',(-1.529923784499E-32,1.224606353822E-16,-1.));
#10378 = PLANE('',#10379);
#10379 = AXIS2_PLACEMENT_3D('',#10380,#10381,#10382);
#10380 = CARTESIAN_POINT('',(0.7,3.7,0.3995));
#10381 = DIRECTION('',(1.,1.249318835986E-16,0.));
#10382 = DIRECTION('',(1.529923784499E-32,-1.224606353822E-16,1.));
#10383 = ADVANCED_FACE('',(#10384,#10446),#10450,.T.);
#10384 = FACE_BOUND('',#10385,.T.);
#10385 = EDGE_LOOP('',(#10386,#10387,#10395,#10404,#10412,#10418,#10419,
    #10420,#10421,#10429,#10438,#10444,#10445));
#10386 = ORIENTED_EDGE('',*,*,#10332,.F.);
#10387 = ORIENTED_EDGE('',*,*,#10388,.T.);
#10388 = EDGE_CURVE('',#10333,#10389,#10391,.T.);
#10389 = VERTEX_POINT('',#10390);
#10390 = CARTESIAN_POINT('',(-2.190890230021,-3.7,0.1495));
#10391 = LINE('',#10392,#10393);
#10392 = CARTESIAN_POINT('',(2.190890230021,-3.7,0.1495));
#10393 = VECTOR('',#10394,1.);
#10394 = DIRECTION('',(-1.,2.709627742456E-16,4.540002343302E-32));
#10395 = ORIENTED_EDGE('',*,*,#10396,.T.);
#10396 = EDGE_CURVE('',#10389,#10397,#10399,.T.);
#10397 = VERTEX_POINT('',#10398);
#10398 = CARTESIAN_POINT('',(-2.190890230021,3.7,0.1495));
#10399 = CIRCLE('',#10400,4.3);
#10400 = AXIS2_PLACEMENT_3D('',#10401,#10402,#10403);
#10401 = CARTESIAN_POINT('',(5.049701140105E-16,-2.494258624511E-15,
    0.1495));
#10402 = DIRECTION('',(-1.529923784499E-32,1.224606353822E-16,-1.));
#10403 = DIRECTION('',(1.249318835986E-16,-1.,-1.224606353822E-16));
#10404 = ORIENTED_EDGE('',*,*,#10405,.T.);
#10405 = EDGE_CURVE('',#10397,#10406,#10408,.T.);
#10406 = VERTEX_POINT('',#10407);
#10407 = CARTESIAN_POINT('',(-0.7,3.7,0.1495));
#10408 = LINE('',#10409,#10410);
#10409 = CARTESIAN_POINT('',(-2.190890230021,3.7,0.1495));
#10410 = VECTOR('',#10411,1.);
#10411 = DIRECTION('',(1.,1.249318835986E-16,3.08148791102E-33));
#10412 = ORIENTED_EDGE('',*,*,#10413,.F.);
#10413 = EDGE_CURVE('',#534,#10406,#10414,.T.);
#10414 = LINE('',#10415,#10416);
#10415 = CARTESIAN_POINT('',(-0.7,3.7,0.1495));
#10416 = VECTOR('',#10417,1.);
#10417 = DIRECTION('',(4.946122149645E-16,1.,1.224606353822E-16));
#10418 = ORIENTED_EDGE('',*,*,#541,.F.);
#10419 = ORIENTED_EDGE('',*,*,#9220,.F.);
#10420 = ORIENTED_EDGE('',*,*,#10356,.F.);
#10421 = ORIENTED_EDGE('',*,*,#10422,.T.);
#10422 = EDGE_CURVE('',#10357,#10423,#10425,.T.);
#10423 = VERTEX_POINT('',#10424);
#10424 = CARTESIAN_POINT('',(2.190890230021,3.7,0.1495));
#10425 = LINE('',#10426,#10427);
#10426 = CARTESIAN_POINT('',(-2.190890230021,3.7,0.1495));
#10427 = VECTOR('',#10428,1.);
#10428 = DIRECTION('',(1.,1.249318835986E-16,3.08148791102E-33));
#10429 = ORIENTED_EDGE('',*,*,#10430,.T.);
#10430 = EDGE_CURVE('',#10423,#10431,#10433,.T.);
#10431 = VERTEX_POINT('',#10432);
#10432 = CARTESIAN_POINT('',(2.190890230021,-3.7,0.1495));
#10433 = CIRCLE('',#10434,4.3);
#10434 = AXIS2_PLACEMENT_3D('',#10435,#10436,#10437);
#10435 = CARTESIAN_POINT('',(5.049701140105E-16,-2.494258624511E-15,
    0.1495));
#10436 = DIRECTION('',(-1.529923784499E-32,1.224606353822E-16,-1.));
#10437 = DIRECTION('',(1.249318835986E-16,-1.,-1.224606353822E-16));
#10438 = ORIENTED_EDGE('',*,*,#10439,.T.);
#10439 = EDGE_CURVE('',#10431,#10278,#10440,.T.);
#10440 = LINE('',#10441,#10442);
#10441 = CARTESIAN_POINT('',(2.190890230021,-3.7,0.1495));
#10442 = VECTOR('',#10443,1.);
#10443 = DIRECTION('',(-1.,2.709627742456E-16,4.540002343302E-32));
#10444 = ORIENTED_EDGE('',*,*,#10277,.F.);
#10445 = ORIENTED_EDGE('',*,*,#9205,.F.);
#10446 = FACE_BOUND('',#10447,.T.);
#10447 = EDGE_LOOP('',(#10448,#10449));
#10448 = ORIENTED_EDGE('',*,*,#592,.T.);
#10449 = ORIENTED_EDGE('',*,*,#9163,.T.);
#10450 = PLANE('',#10451);
#10451 = AXIS2_PLACEMENT_3D('',#10452,#10453,#10454);
#10452 = CARTESIAN_POINT('',(5.049701140105E-16,-2.494258624511E-15,
    0.1495));
#10453 = DIRECTION('',(-1.529923784499E-32,1.224606353822E-16,-1.));
#10454 = DIRECTION('',(1.249318835986E-16,-1.,-1.224606353822E-16));
#10455 = ADVANCED_FACE('',(#10456),#10474,.F.);
#10456 = FACE_BOUND('',#10457,.T.);
#10457 = EDGE_LOOP('',(#10458,#10459,#10467,#10473));
#10458 = ORIENTED_EDGE('',*,*,#10413,.T.);
#10459 = ORIENTED_EDGE('',*,*,#10460,.F.);
#10460 = EDGE_CURVE('',#10461,#10406,#10463,.T.);
#10461 = VERTEX_POINT('',#10462);
#10462 = CARTESIAN_POINT('',(-0.7,3.7,0.3995));
#10463 = LINE('',#10464,#10465);
#10464 = CARTESIAN_POINT('',(-0.7,3.7,0.3995));
#10465 = VECTOR('',#10466,1.);
#10466 = DIRECTION('',(-1.529923784499E-32,1.224606353822E-16,-1.));
#10467 = ORIENTED_EDGE('',*,*,#10468,.F.);
#10468 = EDGE_CURVE('',#532,#10461,#10469,.T.);
#10469 = LINE('',#10470,#10471);
#10470 = CARTESIAN_POINT('',(-0.7,3.7,0.3995));
#10471 = VECTOR('',#10472,1.);
#10472 = DIRECTION('',(4.946122149645E-16,1.,1.224606353822E-16));
#10473 = ORIENTED_EDGE('',*,*,#531,.T.);
#10474 = PLANE('',#10475);
#10475 = AXIS2_PLACEMENT_3D('',#10476,#10477,#10478);
#10476 = CARTESIAN_POINT('',(-0.7,3.7,0.3995));
#10477 = DIRECTION('',(-1.,4.946122149645E-16,7.278827604634E-32));
#10478 = DIRECTION('',(4.946122149645E-16,1.,1.224606353822E-16));
#10479 = ADVANCED_FACE('',(#10480),#10492,.F.);
#10480 = FACE_BOUND('',#10481,.T.);
#10481 = EDGE_LOOP('',(#10482,#10488,#10489,#10490,#10491));
#10482 = ORIENTED_EDGE('',*,*,#10483,.T.);
#10483 = EDGE_CURVE('',#10461,#10366,#10484,.T.);
#10484 = LINE('',#10485,#10486);
#10485 = CARTESIAN_POINT('',(-0.7,3.7,0.3995));
#10486 = VECTOR('',#10487,1.);
#10487 = DIRECTION('',(1.,1.249318835986E-16,3.08148791102E-33));
#10488 = ORIENTED_EDGE('',*,*,#10365,.T.);
#10489 = ORIENTED_EDGE('',*,*,#9237,.T.);
#10490 = ORIENTED_EDGE('',*,*,#558,.T.);
#10491 = ORIENTED_EDGE('',*,*,#10468,.T.);
#10492 = PLANE('',#10493);
#10493 = AXIS2_PLACEMENT_3D('',#10494,#10495,#10496);
#10494 = CARTESIAN_POINT('',(1.301744632146E-16,3.,0.3995));
#10495 = DIRECTION('',(1.529923784499E-32,-1.224606353822E-16,1.));
#10496 = DIRECTION('',(-1.249318835986E-16,1.,1.224606353822E-16));
#10497 = ADVANCED_FACE('',(#10498),#10523,.F.);
#10498 = FACE_BOUND('',#10499,.T.);
#10499 = EDGE_LOOP('',(#10500,#10510,#10516,#10517));
#10500 = ORIENTED_EDGE('',*,*,#10501,.F.);
#10501 = EDGE_CURVE('',#10502,#10504,#10506,.T.);
#10502 = VERTEX_POINT('',#10503);
#10503 = CARTESIAN_POINT('',(6.925,-3.25,0.8495));
#10504 = VERTEX_POINT('',#10505);
#10505 = CARTESIAN_POINT('',(7.075,-3.25,0.8495));
#10506 = LINE('',#10507,#10508);
#10507 = CARTESIAN_POINT('',(7.075,-3.25,0.8495));
#10508 = VECTOR('',#10509,1.);
#10509 = DIRECTION('',(1.,-6.781516928767E-17,-3.242874541081E-15));
#10510 = ORIENTED_EDGE('',*,*,#10511,.T.);
#10511 = EDGE_CURVE('',#10502,#9415,#10512,.T.);
#10512 = LINE('',#10513,#10514);
#10513 = CARTESIAN_POINT('',(6.925,-3.25,4.277707887907));
#10514 = VECTOR('',#10515,1.);
#10515 = DIRECTION('',(-3.242874541081E-15,1.927470528863E-16,-1.));
#10516 = ORIENTED_EDGE('',*,*,#9431,.F.);
#10517 = ORIENTED_EDGE('',*,*,#10518,.F.);
#10518 = EDGE_CURVE('',#10504,#9424,#10519,.T.);
#10519 = LINE('',#10520,#10521);
#10520 = CARTESIAN_POINT('',(7.075,-3.25,4.277707887907));
#10521 = VECTOR('',#10522,1.);
#10522 = DIRECTION('',(-3.242874541081E-15,1.927470528863E-16,-1.));
#10523 = PLANE('',#10524);
#10524 = AXIS2_PLACEMENT_3D('',#10525,#10526,#10527);
#10525 = CARTESIAN_POINT('',(7.075,-3.25,4.277707887907));
#10526 = DIRECTION('',(6.781516928767E-17,1.,1.927470528863E-16));
#10527 = DIRECTION('',(1.,-6.781516928767E-17,-3.242874541081E-15));
#10528 = ADVANCED_FACE('',(#10529),#10542,.F.);
#10529 = FACE_BOUND('',#10530,.T.);
#10530 = EDGE_LOOP('',(#10531,#10532,#10533,#10534,#10535,#10536));
#10531 = ORIENTED_EDGE('',*,*,#423,.T.);
#10532 = ORIENTED_EDGE('',*,*,#9454,.F.);
#10533 = ORIENTED_EDGE('',*,*,#9374,.F.);
#10534 = ORIENTED_EDGE('',*,*,#9414,.F.);
#10535 = ORIENTED_EDGE('',*,*,#10511,.F.);
#10536 = ORIENTED_EDGE('',*,*,#10537,.F.);
#10537 = EDGE_CURVE('',#424,#10502,#10538,.T.);
#10538 = LINE('',#10539,#10540);
#10539 = CARTESIAN_POINT('',(6.925,9.,0.8495));
#10540 = VECTOR('',#10541,1.);
#10541 = DIRECTION('',(-6.781516928767E-17,-1.,-4.79182275962E-32));
#10542 = PLANE('',#10543);
#10543 = AXIS2_PLACEMENT_3D('',#10544,#10545,#10546);
#10544 = CARTESIAN_POINT('',(6.925,9.,22.677707887907));
#10545 = DIRECTION('',(1.,-6.781516928767E-17,-3.242874541081E-15));
#10546 = DIRECTION('',(-6.781516928767E-17,-1.,-1.927470528863E-16));
#10547 = ADVANCED_FACE('',(#10548),#10567,.F.);
#10548 = FACE_BOUND('',#10549,.F.);
#10549 = EDGE_LOOP('',(#10550,#10551,#10559,#10566));
#10550 = ORIENTED_EDGE('',*,*,#506,.T.);
#10551 = ORIENTED_EDGE('',*,*,#10552,.F.);
#10552 = EDGE_CURVE('',#10553,#507,#10555,.T.);
#10553 = VERTEX_POINT('',#10554);
#10554 = CARTESIAN_POINT('',(6.925,-2.287867965644,0.8495));
#10555 = LINE('',#10556,#10557);
#10556 = CARTESIAN_POINT('',(6.925,-2.287867965644,0.8495));
#10557 = VECTOR('',#10558,1.);
#10558 = DIRECTION('',(-4.236669533516E-17,9.331466210256E-32,-1.));
#10559 = ORIENTED_EDGE('',*,*,#10560,.F.);
#10560 = EDGE_CURVE('',#445,#10553,#10561,.T.);
#10561 = CIRCLE('',#10562,0.225);
#10562 = AXIS2_PLACEMENT_3D('',#10563,#10564,#10565);
#10563 = CARTESIAN_POINT('',(6.85,-2.5,0.8495));
#10564 = DIRECTION('',(-2.486067977623E-16,-1.296665286725E-31,1.));
#10565 = DIRECTION('',(3.037693553488E-16,-1.,-5.41474019809E-32));
#10566 = ORIENTED_EDGE('',*,*,#444,.T.);
#10567 = CYLINDRICAL_SURFACE('',#10568,0.225);
#10568 = AXIS2_PLACEMENT_3D('',#10569,#10570,#10571);
#10569 = CARTESIAN_POINT('',(6.85,-2.5,0.8495));
#10570 = DIRECTION('',(-4.236669533516E-17,9.331466210256E-32,-1.));
#10571 = DIRECTION('',(1.,3.037693553488E-16,-4.236669533516E-17));
#10572 = ADVANCED_FACE('',(#10573),#10593,.F.);
#10573 = FACE_BOUND('',#10574,.T.);
#10574 = EDGE_LOOP('',(#10575,#10576,#10577,#10578,#10586,#10592));
#10575 = ORIENTED_EDGE('',*,*,#9303,.F.);
#10576 = ORIENTED_EDGE('',*,*,#9332,.F.);
#10577 = ORIENTED_EDGE('',*,*,#10552,.F.);
#10578 = ORIENTED_EDGE('',*,*,#10579,.F.);
#10579 = EDGE_CURVE('',#10580,#10553,#10582,.T.);
#10580 = VERTEX_POINT('',#10581);
#10581 = CARTESIAN_POINT('',(6.925,-1.75,0.8495));
#10582 = LINE('',#10583,#10584);
#10583 = CARTESIAN_POINT('',(6.925,9.,0.8495));
#10584 = VECTOR('',#10585,1.);
#10585 = DIRECTION('',(-6.781516928767E-17,-1.,-4.79182275962E-32));
#10586 = ORIENTED_EDGE('',*,*,#10587,.F.);
#10587 = EDGE_CURVE('',#9256,#10580,#10588,.T.);
#10588 = LINE('',#10589,#10590);
#10589 = CARTESIAN_POINT('',(6.925,-1.75,2.677707887907));
#10590 = VECTOR('',#10591,1.);
#10591 = DIRECTION('',(3.242874541081E-15,-1.927470528863E-16,1.));
#10592 = ORIENTED_EDGE('',*,*,#9253,.F.);
#10593 = PLANE('',#10594);
#10594 = AXIS2_PLACEMENT_3D('',#10595,#10596,#10597);
#10595 = CARTESIAN_POINT('',(6.925,9.,22.677707887907));
#10596 = DIRECTION('',(1.,-6.781516928767E-17,-3.242874541081E-15));
#10597 = DIRECTION('',(-6.781516928767E-17,-1.,-1.927470528863E-16));
#10598 = ADVANCED_FACE('',(#10599),#10617,.T.);
#10599 = FACE_BOUND('',#10600,.T.);
#10600 = EDGE_LOOP('',(#10601,#10602,#10610,#10616));
#10601 = ORIENTED_EDGE('',*,*,#10587,.T.);
#10602 = ORIENTED_EDGE('',*,*,#10603,.T.);
#10603 = EDGE_CURVE('',#10580,#10604,#10606,.T.);
#10604 = VERTEX_POINT('',#10605);
#10605 = CARTESIAN_POINT('',(7.075,-1.75,0.8495));
#10606 = LINE('',#10607,#10608);
#10607 = CARTESIAN_POINT('',(-61.1891926635,-1.75,0.8495));
#10608 = VECTOR('',#10609,1.);
#10609 = DIRECTION('',(1.,-6.781516928767E-17,-3.242874541081E-15));
#10610 = ORIENTED_EDGE('',*,*,#10611,.F.);
#10611 = EDGE_CURVE('',#9264,#10604,#10612,.T.);
#10612 = LINE('',#10613,#10614);
#10613 = CARTESIAN_POINT('',(7.075,-1.75,2.677707887907));
#10614 = VECTOR('',#10615,1.);
#10615 = DIRECTION('',(3.242874541081E-15,-1.927470528863E-16,1.));
#10616 = ORIENTED_EDGE('',*,*,#9263,.F.);
#10617 = PLANE('',#10618);
#10618 = AXIS2_PLACEMENT_3D('',#10619,#10620,#10621);
#10619 = CARTESIAN_POINT('',(-61.1891926635,-1.75,2.677707887907));
#10620 = DIRECTION('',(6.781516928767E-17,1.,1.927470528863E-16));
#10621 = DIRECTION('',(1.,-6.781516928767E-17,-3.242874541081E-15));
#10622 = ADVANCED_FACE('',(#10623),#10636,.T.);
#10623 = FACE_BOUND('',#10624,.T.);
#10624 = EDGE_LOOP('',(#10625,#10626,#10627,#10628,#10629,#10635));
#10625 = ORIENTED_EDGE('',*,*,#9324,.F.);
#10626 = ORIENTED_EDGE('',*,*,#9310,.T.);
#10627 = ORIENTED_EDGE('',*,*,#9271,.T.);
#10628 = ORIENTED_EDGE('',*,*,#10611,.T.);
#10629 = ORIENTED_EDGE('',*,*,#10630,.T.);
#10630 = EDGE_CURVE('',#10604,#373,#10631,.T.);
#10631 = LINE('',#10632,#10633);
#10632 = CARTESIAN_POINT('',(7.075,9.,0.8495));
#10633 = VECTOR('',#10634,1.);
#10634 = DIRECTION('',(-6.781516928767E-17,-1.,-4.79182275962E-32));
#10635 = ORIENTED_EDGE('',*,*,#409,.T.);
#10636 = PLANE('',#10637);
#10637 = AXIS2_PLACEMENT_3D('',#10638,#10639,#10640);
#10638 = CARTESIAN_POINT('',(7.075,9.,22.677707887907));
#10639 = DIRECTION('',(1.,-6.781516928767E-17,-3.242874541081E-15));
#10640 = DIRECTION('',(-6.781516928767E-17,-1.,-1.927470528863E-16));
#10641 = ADVANCED_FACE('',(#10642),#10662,.T.);
#10642 = FACE_BOUND('',#10643,.T.);
#10643 = EDGE_LOOP('',(#10644,#10645,#10654,#10660,#10661));
#10644 = ORIENTED_EDGE('',*,*,#381,.F.);
#10645 = ORIENTED_EDGE('',*,*,#10646,.F.);
#10646 = EDGE_CURVE('',#10647,#371,#10649,.T.);
#10647 = VERTEX_POINT('',#10648);
#10648 = CARTESIAN_POINT('',(7.075,-2.8,0.8495));
#10649 = CIRCLE('',#10650,0.375);
#10650 = AXIS2_PLACEMENT_3D('',#10651,#10652,#10653);
#10651 = CARTESIAN_POINT('',(6.85,-2.5,0.8495));
#10652 = DIRECTION('',(-2.486067977623E-16,-1.296665286725E-31,1.));
#10653 = DIRECTION('',(-3.037693553488E-16,1.,5.41474019809E-32));
#10654 = ORIENTED_EDGE('',*,*,#10655,.T.);
#10655 = EDGE_CURVE('',#10647,#9446,#10656,.T.);
#10656 = LINE('',#10657,#10658);
#10657 = CARTESIAN_POINT('',(7.075,-2.8,0.8495));
#10658 = VECTOR('',#10659,1.);
#10659 = DIRECTION('',(-3.382471284443E-15,-3.239708956312E-31,-1.));
#10660 = ORIENTED_EDGE('',*,*,#9461,.T.);
#10661 = ORIENTED_EDGE('',*,*,#9348,.T.);
#10662 = CYLINDRICAL_SURFACE('',#10663,0.375);
#10663 = AXIS2_PLACEMENT_3D('',#10664,#10665,#10666);
#10664 = CARTESIAN_POINT('',(6.85,-2.5,0.8495));
#10665 = DIRECTION('',(-3.382471284443E-15,-3.239708956312E-31,-1.));
#10666 = DIRECTION('',(1.,3.037693553488E-16,-3.382471284443E-15));
#10667 = ADVANCED_FACE('',(#10668),#10681,.T.);
#10668 = FACE_BOUND('',#10669,.T.);
#10669 = EDGE_LOOP('',(#10670,#10671,#10672,#10678,#10679,#10680));
#10670 = ORIENTED_EDGE('',*,*,#9445,.F.);
#10671 = ORIENTED_EDGE('',*,*,#10655,.F.);
#10672 = ORIENTED_EDGE('',*,*,#10673,.T.);
#10673 = EDGE_CURVE('',#10647,#10504,#10674,.T.);
#10674 = LINE('',#10675,#10676);
#10675 = CARTESIAN_POINT('',(7.075,9.,0.8495));
#10676 = VECTOR('',#10677,1.);
#10677 = DIRECTION('',(-6.781516928767E-17,-1.,-4.79182275962E-32));
#10678 = ORIENTED_EDGE('',*,*,#10518,.T.);
#10679 = ORIENTED_EDGE('',*,*,#9423,.T.);
#10680 = ORIENTED_EDGE('',*,*,#9392,.T.);
#10681 = PLANE('',#10682);
#10682 = AXIS2_PLACEMENT_3D('',#10683,#10684,#10685);
#10683 = CARTESIAN_POINT('',(7.075,9.,22.677707887907));
#10684 = DIRECTION('',(1.,-6.781516928767E-17,-3.242874541081E-15));
#10685 = DIRECTION('',(-6.781516928767E-17,-1.,-1.927470528863E-16));
#10686 = ADVANCED_FACE('',(#10687),#10714,.T.);
#10687 = FACE_BOUND('',#10688,.T.);
#10688 = EDGE_LOOP('',(#10689,#10690,#10698,#10706,#10712,#10713));
#10689 = ORIENTED_EDGE('',*,*,#9645,.F.);
#10690 = ORIENTED_EDGE('',*,*,#10691,.F.);
#10691 = EDGE_CURVE('',#10692,#9646,#10694,.T.);
#10692 = VERTEX_POINT('',#10693);
#10693 = CARTESIAN_POINT('',(7.075,2.2,0.8495));
#10694 = LINE('',#10695,#10696);
#10695 = CARTESIAN_POINT('',(7.075,2.2,0.8495));
#10696 = VECTOR('',#10697,1.);
#10697 = DIRECTION('',(-3.382471284443E-15,-3.239708956312E-31,-1.));
#10698 = ORIENTED_EDGE('',*,*,#10699,.T.);
#10699 = EDGE_CURVE('',#10692,#10700,#10702,.T.);
#10700 = VERTEX_POINT('',#10701);
#10701 = CARTESIAN_POINT('',(7.075,1.75,0.8495));
#10702 = LINE('',#10703,#10704);
#10703 = CARTESIAN_POINT('',(7.075,9.,0.8495));
#10704 = VECTOR('',#10705,1.);
#10705 = DIRECTION('',(-6.781516928767E-17,-1.,-4.79182275962E-32));
#10706 = ORIENTED_EDGE('',*,*,#10707,.T.);
#10707 = EDGE_CURVE('',#10700,#9495,#10708,.T.);
#10708 = LINE('',#10709,#10710);
#10709 = CARTESIAN_POINT('',(7.075,1.75,2.677707887907));
#10710 = VECTOR('',#10711,1.);
#10711 = DIRECTION('',(-3.242874541081E-15,1.927470528863E-16,-1.));
#10712 = ORIENTED_EDGE('',*,*,#9494,.T.);
#10713 = ORIENTED_EDGE('',*,*,#9526,.T.);
#10714 = PLANE('',#10715);
#10715 = AXIS2_PLACEMENT_3D('',#10716,#10717,#10718);
#10716 = CARTESIAN_POINT('',(7.075,9.,22.677707887907));
#10717 = DIRECTION('',(1.,-6.781516928767E-17,-3.242874541081E-15));
#10718 = DIRECTION('',(-6.781516928767E-17,-1.,-1.927470528863E-16));
#10719 = ADVANCED_FACE('',(#10720),#10738,.T.);
#10720 = FACE_BOUND('',#10721,.T.);
#10721 = EDGE_LOOP('',(#10722,#10723,#10731,#10737));
#10722 = ORIENTED_EDGE('',*,*,#10707,.F.);
#10723 = ORIENTED_EDGE('',*,*,#10724,.T.);
#10724 = EDGE_CURVE('',#10700,#10725,#10727,.T.);
#10725 = VERTEX_POINT('',#10726);
#10726 = CARTESIAN_POINT('',(6.925,1.75,0.8495));
#10727 = LINE('',#10728,#10729);
#10728 = CARTESIAN_POINT('',(-61.1891926635,1.75,0.8495));
#10729 = VECTOR('',#10730,1.);
#10730 = DIRECTION('',(-1.,6.781516928767E-17,3.242874541081E-15));
#10731 = ORIENTED_EDGE('',*,*,#10732,.T.);
#10732 = EDGE_CURVE('',#10725,#9477,#10733,.T.);
#10733 = LINE('',#10734,#10735);
#10734 = CARTESIAN_POINT('',(6.925,1.75,2.677707887907));
#10735 = VECTOR('',#10736,1.);
#10736 = DIRECTION('',(-3.242874541081E-15,1.927470528863E-16,-1.));
#10737 = ORIENTED_EDGE('',*,*,#9502,.T.);
#10738 = PLANE('',#10739);
#10739 = AXIS2_PLACEMENT_3D('',#10740,#10741,#10742);
#10740 = CARTESIAN_POINT('',(-61.1891926635,1.75,2.677707887907));
#10741 = DIRECTION('',(-6.781516928767E-17,-1.,-1.927470528863E-16));
#10742 = DIRECTION('',(-1.,6.781516928767E-17,3.242874541081E-15));
#10743 = ADVANCED_FACE('',(#10744),#10757,.F.);
#10744 = FACE_BOUND('',#10745,.T.);
#10745 = EDGE_LOOP('',(#10746,#10747,#10748,#10749,#10750,#10751));
#10746 = ORIENTED_EDGE('',*,*,#326,.T.);
#10747 = ORIENTED_EDGE('',*,*,#9654,.F.);
#10748 = ORIENTED_EDGE('',*,*,#9533,.F.);
#10749 = ORIENTED_EDGE('',*,*,#9476,.F.);
#10750 = ORIENTED_EDGE('',*,*,#10732,.F.);
#10751 = ORIENTED_EDGE('',*,*,#10752,.F.);
#10752 = EDGE_CURVE('',#327,#10725,#10753,.T.);
#10753 = LINE('',#10754,#10755);
#10754 = CARTESIAN_POINT('',(6.925,9.,0.8495));
#10755 = VECTOR('',#10756,1.);
#10756 = DIRECTION('',(-6.781516928767E-17,-1.,-4.79182275962E-32));
#10757 = PLANE('',#10758);
#10758 = AXIS2_PLACEMENT_3D('',#10759,#10760,#10761);
#10759 = CARTESIAN_POINT('',(6.925,9.,22.677707887907));
#10760 = DIRECTION('',(1.,-6.781516928767E-17,-3.242874541081E-15));
#10761 = DIRECTION('',(-6.781516928767E-17,-1.,-1.927470528863E-16));
#10762 = ADVANCED_FACE('',(#10763),#10782,.F.);
#10763 = FACE_BOUND('',#10764,.F.);
#10764 = EDGE_LOOP('',(#10765,#10766,#10774,#10781));
#10765 = ORIENTED_EDGE('',*,*,#474,.F.);
#10766 = ORIENTED_EDGE('',*,*,#10767,.F.);
#10767 = EDGE_CURVE('',#10768,#475,#10770,.T.);
#10768 = VERTEX_POINT('',#10769);
#10769 = CARTESIAN_POINT('',(6.925,2.712132034356,0.8495));
#10770 = LINE('',#10771,#10772);
#10771 = CARTESIAN_POINT('',(6.925,2.712132034356,0.8495));
#10772 = VECTOR('',#10773,1.);
#10773 = DIRECTION('',(-4.236669533516E-17,9.331466210256E-32,-1.));
#10774 = ORIENTED_EDGE('',*,*,#10775,.T.);
#10775 = EDGE_CURVE('',#10768,#348,#10776,.T.);
#10776 = CIRCLE('',#10777,0.225);
#10777 = AXIS2_PLACEMENT_3D('',#10778,#10779,#10780);
#10778 = CARTESIAN_POINT('',(6.85,2.5,0.8495));
#10779 = DIRECTION('',(2.486067977623E-16,1.296665286725E-31,-1.));
#10780 = DIRECTION('',(-3.037693553488E-16,1.,5.41474019809E-32));
#10781 = ORIENTED_EDGE('',*,*,#347,.T.);
#10782 = CYLINDRICAL_SURFACE('',#10783,0.225);
#10783 = AXIS2_PLACEMENT_3D('',#10784,#10785,#10786);
#10784 = CARTESIAN_POINT('',(6.85,2.5,0.8495));
#10785 = DIRECTION('',(-4.236669533516E-17,9.331466210256E-32,-1.));
#10786 = DIRECTION('',(1.,3.037693553488E-16,-4.236669533516E-17));
#10787 = ADVANCED_FACE('',(#10788),#10808,.F.);
#10788 = FACE_BOUND('',#10789,.T.);
#10789 = EDGE_LOOP('',(#10790,#10791,#10792,#10793,#10801,#10807));
#10790 = ORIENTED_EDGE('',*,*,#9603,.F.);
#10791 = ORIENTED_EDGE('',*,*,#9684,.F.);
#10792 = ORIENTED_EDGE('',*,*,#10767,.F.);
#10793 = ORIENTED_EDGE('',*,*,#10794,.F.);
#10794 = EDGE_CURVE('',#10795,#10768,#10797,.T.);
#10795 = VERTEX_POINT('',#10796);
#10796 = CARTESIAN_POINT('',(6.925,3.25,0.8495));
#10797 = LINE('',#10798,#10799);
#10798 = CARTESIAN_POINT('',(6.925,9.,0.8495));
#10799 = VECTOR('',#10800,1.);
#10800 = DIRECTION('',(-6.781516928767E-17,-1.,-4.79182275962E-32));
#10801 = ORIENTED_EDGE('',*,*,#10802,.F.);
#10802 = EDGE_CURVE('',#9550,#10795,#10803,.T.);
#10803 = LINE('',#10804,#10805);
#10804 = CARTESIAN_POINT('',(6.925,3.25,4.277707887907));
#10805 = VECTOR('',#10806,1.);
#10806 = DIRECTION('',(3.242874541081E-15,-1.927470528863E-16,1.));
#10807 = ORIENTED_EDGE('',*,*,#9547,.F.);
#10808 = PLANE('',#10809);
#10809 = AXIS2_PLACEMENT_3D('',#10810,#10811,#10812);
#10810 = CARTESIAN_POINT('',(6.925,9.,22.677707887907));
#10811 = DIRECTION('',(1.,-6.781516928767E-17,-3.242874541081E-15));
#10812 = DIRECTION('',(-6.781516928767E-17,-1.,-1.927470528863E-16));
#10813 = ADVANCED_FACE('',(#10814),#10832,.F.);
#10814 = FACE_BOUND('',#10815,.T.);
#10815 = EDGE_LOOP('',(#10816,#10824,#10830,#10831));
#10816 = ORIENTED_EDGE('',*,*,#10817,.F.);
#10817 = EDGE_CURVE('',#10818,#10795,#10820,.T.);
#10818 = VERTEX_POINT('',#10819);
#10819 = CARTESIAN_POINT('',(7.075,3.25,0.8495));
#10820 = LINE('',#10821,#10822);
#10821 = CARTESIAN_POINT('',(7.075,3.25,0.8495));
#10822 = VECTOR('',#10823,1.);
#10823 = DIRECTION('',(-1.,6.781516928767E-17,3.242874541081E-15));
#10824 = ORIENTED_EDGE('',*,*,#10825,.F.);
#10825 = EDGE_CURVE('',#9558,#10818,#10826,.T.);
#10826 = LINE('',#10827,#10828);
#10827 = CARTESIAN_POINT('',(7.075,3.25,4.277707887907));
#10828 = VECTOR('',#10829,1.);
#10829 = DIRECTION('',(3.242874541081E-15,-1.927470528863E-16,1.));
#10830 = ORIENTED_EDGE('',*,*,#9557,.T.);
#10831 = ORIENTED_EDGE('',*,*,#10802,.T.);
#10832 = PLANE('',#10833);
#10833 = AXIS2_PLACEMENT_3D('',#10834,#10835,#10836);
#10834 = CARTESIAN_POINT('',(7.075,3.25,4.277707887907));
#10835 = DIRECTION('',(-6.781516928767E-17,-1.,-1.927470528863E-16));
#10836 = DIRECTION('',(-1.,6.781516928767E-17,3.242874541081E-15));
#10837 = ADVANCED_FACE('',(#10838),#10851,.T.);
#10838 = FACE_BOUND('',#10839,.T.);
#10839 = EDGE_LOOP('',(#10840,#10841,#10842,#10843,#10844,#10850));
#10840 = ORIENTED_EDGE('',*,*,#9676,.F.);
#10841 = ORIENTED_EDGE('',*,*,#9587,.T.);
#10842 = ORIENTED_EDGE('',*,*,#9565,.T.);
#10843 = ORIENTED_EDGE('',*,*,#10825,.T.);
#10844 = ORIENTED_EDGE('',*,*,#10845,.T.);
#10845 = EDGE_CURVE('',#10818,#274,#10846,.T.);
#10846 = LINE('',#10847,#10848);
#10847 = CARTESIAN_POINT('',(7.075,9.,0.8495));
#10848 = VECTOR('',#10849,1.);
#10849 = DIRECTION('',(-6.781516928767E-17,-1.,-4.79182275962E-32));
#10850 = ORIENTED_EDGE('',*,*,#312,.T.);
#10851 = PLANE('',#10852);
#10852 = AXIS2_PLACEMENT_3D('',#10853,#10854,#10855);
#10853 = CARTESIAN_POINT('',(7.075,9.,22.677707887907));
#10854 = DIRECTION('',(1.,-6.781516928767E-17,-3.242874541081E-15));
#10855 = DIRECTION('',(-6.781516928767E-17,-1.,-1.927470528863E-16));
#10856 = ADVANCED_FACE('',(#10857),#10870,.T.);
#10857 = FACE_BOUND('',#10858,.T.);
#10858 = EDGE_LOOP('',(#10859,#10860,#10867,#10868,#10869));
#10859 = ORIENTED_EDGE('',*,*,#284,.F.);
#10860 = ORIENTED_EDGE('',*,*,#10861,.T.);
#10861 = EDGE_CURVE('',#276,#10692,#10862,.T.);
#10862 = CIRCLE('',#10863,0.375);
#10863 = AXIS2_PLACEMENT_3D('',#10864,#10865,#10866);
#10864 = CARTESIAN_POINT('',(6.85,2.5,0.8495));
#10865 = DIRECTION('',(2.486067977623E-16,1.296665286725E-31,-1.));
#10866 = DIRECTION('',(3.037693553488E-16,-1.,-5.41474019809E-32));
#10867 = ORIENTED_EDGE('',*,*,#10691,.T.);
#10868 = ORIENTED_EDGE('',*,*,#9661,.F.);
#10869 = ORIENTED_EDGE('',*,*,#9619,.F.);
#10870 = CYLINDRICAL_SURFACE('',#10871,0.375);
#10871 = AXIS2_PLACEMENT_3D('',#10872,#10873,#10874);
#10872 = CARTESIAN_POINT('',(6.85,2.5,0.8495));
#10873 = DIRECTION('',(-3.382471284443E-15,-3.239708956312E-31,-1.));
#10874 = DIRECTION('',(1.,3.037693553488E-16,-3.382471284443E-15));
#10875 = ADVANCED_FACE('',(#10876),#10896,.F.);
#10876 = FACE_BOUND('',#10877,.T.);
#10877 = EDGE_LOOP('',(#10878,#10886,#10887,#10888,#10889,#10890));
#10878 = ORIENTED_EDGE('',*,*,#10879,.T.);
#10879 = EDGE_CURVE('',#10880,#9827,#10882,.T.);
#10880 = VERTEX_POINT('',#10881);
#10881 = CARTESIAN_POINT('',(-7.425,2.712132034356,0.8495));
#10882 = LINE('',#10883,#10884);
#10883 = CARTESIAN_POINT('',(-7.425,2.712132034356,0.8495));
#10884 = VECTOR('',#10885,1.);
#10885 = DIRECTION('',(4.527931034891E-15,6.642905661463E-31,-1.));
#10886 = ORIENTED_EDGE('',*,*,#9942,.F.);
#10887 = ORIENTED_EDGE('',*,*,#9855,.F.);
#10888 = ORIENTED_EDGE('',*,*,#9895,.F.);
#10889 = ORIENTED_EDGE('',*,*,#9967,.F.);
#10890 = ORIENTED_EDGE('',*,*,#10891,.F.);
#10891 = EDGE_CURVE('',#10880,#9958,#10892,.T.);
#10892 = LINE('',#10893,#10894);
#10893 = CARTESIAN_POINT('',(-7.425,9.,0.8495));
#10894 = VECTOR('',#10895,1.);
#10895 = DIRECTION('',(-1.249318835986E-16,1.,0.));
#10896 = PLANE('',#10897);
#10897 = AXIS2_PLACEMENT_3D('',#10898,#10899,#10900);
#10898 = CARTESIAN_POINT('',(-7.425,9.,-5.822292112093));
#10899 = DIRECTION('',(-1.,-1.249318835986E-16,-3.740088136605E-15));
#10900 = DIRECTION('',(1.249318835986E-16,-1.,0.));
#10901 = ADVANCED_FACE('',(#10902),#10921,.F.);
#10902 = FACE_BOUND('',#10903,.F.);
#10903 = EDGE_LOOP('',(#10904,#10913,#10914,#10915));
#10904 = ORIENTED_EDGE('',*,*,#10905,.T.);
#10905 = EDGE_CURVE('',#10906,#10880,#10908,.T.);
#10906 = VERTEX_POINT('',#10907);
#10907 = CARTESIAN_POINT('',(-7.425,2.287867965644,0.8495));
#10908 = CIRCLE('',#10909,0.225);
#10909 = AXIS2_PLACEMENT_3D('',#10910,#10911,#10912);
#10910 = CARTESIAN_POINT('',(-7.35,2.5,0.8495));
#10911 = DIRECTION('',(2.486067977623E-16,1.296665286725E-31,-1.));
#10912 = DIRECTION('',(-3.037693553488E-16,1.,5.41474019809E-32));
#10913 = ORIENTED_EDGE('',*,*,#10879,.T.);
#10914 = ORIENTED_EDGE('',*,*,#9834,.F.);
#10915 = ORIENTED_EDGE('',*,*,#10916,.F.);
#10916 = EDGE_CURVE('',#10906,#9782,#10917,.T.);
#10917 = LINE('',#10918,#10919);
#10918 = CARTESIAN_POINT('',(-7.425,2.287867965644,0.8495));
#10919 = VECTOR('',#10920,1.);
#10920 = DIRECTION('',(4.527931034891E-15,6.642905661463E-31,-1.));
#10921 = CYLINDRICAL_SURFACE('',#10922,0.225);
#10922 = AXIS2_PLACEMENT_3D('',#10923,#10924,#10925);
#10923 = CARTESIAN_POINT('',(-7.35,2.5,0.8495));
#10924 = DIRECTION('',(4.527931034891E-15,6.642905661463E-31,-1.));
#10925 = DIRECTION('',(1.,3.037693553488E-16,4.527931034891E-15));
#10926 = ADVANCED_FACE('',(#10927),#10947,.F.);
#10927 = FACE_BOUND('',#10928,.T.);
#10928 = EDGE_LOOP('',(#10929,#10930,#10931,#10932,#10940,#10946));
#10929 = ORIENTED_EDGE('',*,*,#9755,.F.);
#10930 = ORIENTED_EDGE('',*,*,#9789,.F.);
#10931 = ORIENTED_EDGE('',*,*,#10916,.F.);
#10932 = ORIENTED_EDGE('',*,*,#10933,.F.);
#10933 = EDGE_CURVE('',#10934,#10906,#10936,.T.);
#10934 = VERTEX_POINT('',#10935);
#10935 = CARTESIAN_POINT('',(-7.425,1.75,0.8495));
#10936 = LINE('',#10937,#10938);
#10937 = CARTESIAN_POINT('',(-7.425,9.,0.8495));
#10938 = VECTOR('',#10939,1.);
#10939 = DIRECTION('',(-1.249318835986E-16,1.,0.));
#10940 = ORIENTED_EDGE('',*,*,#10941,.F.);
#10941 = EDGE_CURVE('',#9702,#10934,#10942,.T.);
#10942 = LINE('',#10943,#10944);
#10943 = CARTESIAN_POINT('',(-7.425,1.75,0.327707887907));
#10944 = VECTOR('',#10945,1.);
#10945 = DIRECTION('',(-3.740088136605E-15,-5.658638688837E-31,1.));
#10946 = ORIENTED_EDGE('',*,*,#9699,.F.);
#10947 = PLANE('',#10948);
#10948 = AXIS2_PLACEMENT_3D('',#10949,#10950,#10951);
#10949 = CARTESIAN_POINT('',(-7.425,9.,-5.822292112093));
#10950 = DIRECTION('',(-1.,-1.249318835986E-16,-3.740088136605E-15));
#10951 = DIRECTION('',(1.249318835986E-16,-1.,0.));
#10952 = ADVANCED_FACE('',(#10953),#10971,.F.);
#10953 = FACE_BOUND('',#10954,.T.);
#10954 = EDGE_LOOP('',(#10955,#10963,#10969,#10970));
#10955 = ORIENTED_EDGE('',*,*,#10956,.F.);
#10956 = EDGE_CURVE('',#10957,#10934,#10959,.T.);
#10957 = VERTEX_POINT('',#10958);
#10958 = CARTESIAN_POINT('',(-7.575,1.75,0.8495));
#10959 = LINE('',#10960,#10961);
#10960 = CARTESIAN_POINT('',(-7.575,1.75,0.8495));
#10961 = VECTOR('',#10962,1.);
#10962 = DIRECTION('',(1.,1.249318835986E-16,3.740088136605E-15));
#10963 = ORIENTED_EDGE('',*,*,#10964,.F.);
#10964 = EDGE_CURVE('',#9710,#10957,#10965,.T.);
#10965 = LINE('',#10966,#10967);
#10966 = CARTESIAN_POINT('',(-7.575,1.75,0.327707887907));
#10967 = VECTOR('',#10968,1.);
#10968 = DIRECTION('',(-3.740088136605E-15,-5.658638688837E-31,1.));
#10969 = ORIENTED_EDGE('',*,*,#9709,.T.);
#10970 = ORIENTED_EDGE('',*,*,#10941,.T.);
#10971 = PLANE('',#10972);
#10972 = AXIS2_PLACEMENT_3D('',#10973,#10974,#10975);
#10973 = CARTESIAN_POINT('',(-7.575,1.75,0.327707887907));
#10974 = DIRECTION('',(-1.249318835986E-16,1.,8.75811540203E-47));
#10975 = DIRECTION('',(-1.,-1.249318835986E-16,-3.740088136605E-15));
#10976 = ADVANCED_FACE('',(#10977),#10997,.T.);
#10977 = FACE_BOUND('',#10978,.T.);
#10978 = EDGE_LOOP('',(#10979,#10980,#10981,#10982,#10983,#10991));
#10979 = ORIENTED_EDGE('',*,*,#9796,.F.);
#10980 = ORIENTED_EDGE('',*,*,#9739,.T.);
#10981 = ORIENTED_EDGE('',*,*,#9717,.T.);
#10982 = ORIENTED_EDGE('',*,*,#10964,.T.);
#10983 = ORIENTED_EDGE('',*,*,#10984,.T.);
#10984 = EDGE_CURVE('',#10957,#10985,#10987,.T.);
#10985 = VERTEX_POINT('',#10986);
#10986 = CARTESIAN_POINT('',(-7.575,2.2,0.8495));
#10987 = LINE('',#10988,#10989);
#10988 = CARTESIAN_POINT('',(-7.575,9.,0.8495));
#10989 = VECTOR('',#10990,1.);
#10990 = DIRECTION('',(-1.249318835986E-16,1.,0.));
#10991 = ORIENTED_EDGE('',*,*,#10992,.T.);
#10992 = EDGE_CURVE('',#10985,#9771,#10993,.T.);
#10993 = LINE('',#10994,#10995);
#10994 = CARTESIAN_POINT('',(-7.575,2.2,0.8495));
#10995 = VECTOR('',#10996,1.);
#10996 = DIRECTION('',(3.776133842282E-15,5.703671267894E-31,-1.));
#10997 = PLANE('',#10998);
#10998 = AXIS2_PLACEMENT_3D('',#10999,#11000,#11001);
#10999 = CARTESIAN_POINT('',(-7.575,9.,-5.822292112093));
#11000 = DIRECTION('',(-1.,-1.249318835986E-16,-3.740088136605E-15));
#11001 = DIRECTION('',(1.249318835986E-16,-1.,0.));
#11002 = ADVANCED_FACE('',(#11003),#11024,.T.);
#11003 = FACE_BOUND('',#11004,.T.);
#11004 = EDGE_LOOP('',(#11005,#11006,#11007,#11008,#11009,#11018));
#11005 = ORIENTED_EDGE('',*,*,#9926,.F.);
#11006 = ORIENTED_EDGE('',*,*,#9811,.F.);
#11007 = ORIENTED_EDGE('',*,*,#9770,.F.);
#11008 = ORIENTED_EDGE('',*,*,#10992,.F.);
#11009 = ORIENTED_EDGE('',*,*,#11010,.T.);
#11010 = EDGE_CURVE('',#10985,#11011,#11013,.T.);
#11011 = VERTEX_POINT('',#11012);
#11012 = CARTESIAN_POINT('',(-7.575,2.8,0.8495));
#11013 = CIRCLE('',#11014,0.375);
#11014 = AXIS2_PLACEMENT_3D('',#11015,#11016,#11017);
#11015 = CARTESIAN_POINT('',(-7.35,2.5,0.8495));
#11016 = DIRECTION('',(2.486067977623E-16,1.296665286725E-31,-1.));
#11017 = DIRECTION('',(-3.037693553488E-16,1.,5.41474019809E-32));
#11018 = ORIENTED_EDGE('',*,*,#11019,.T.);
#11019 = EDGE_CURVE('',#11011,#9927,#11020,.T.);
#11020 = LINE('',#11021,#11022);
#11021 = CARTESIAN_POINT('',(-7.575,2.8,0.8495));
#11022 = VECTOR('',#11023,1.);
#11023 = DIRECTION('',(3.776133842282E-15,5.703671267894E-31,-1.));
#11024 = CYLINDRICAL_SURFACE('',#11025,0.375);
#11025 = AXIS2_PLACEMENT_3D('',#11026,#11027,#11028);
#11026 = CARTESIAN_POINT('',(-7.35,2.5,0.8495));
#11027 = DIRECTION('',(3.776133842282E-15,5.703671267894E-31,-1.));
#11028 = DIRECTION('',(1.,3.037693553488E-16,3.776133842282E-15));
#11029 = ADVANCED_FACE('',(#11030),#11043,.T.);
#11030 = FACE_BOUND('',#11031,.T.);
#11031 = EDGE_LOOP('',(#11032,#11033,#11034,#11040,#11041,#11042));
#11032 = ORIENTED_EDGE('',*,*,#9935,.F.);
#11033 = ORIENTED_EDGE('',*,*,#11019,.F.);
#11034 = ORIENTED_EDGE('',*,*,#11035,.T.);
#11035 = EDGE_CURVE('',#11011,#9960,#11036,.T.);
#11036 = LINE('',#11037,#11038);
#11037 = CARTESIAN_POINT('',(-7.575,9.,0.8495));
#11038 = VECTOR('',#11039,1.);
#11039 = DIRECTION('',(-1.249318835986E-16,1.,0.));
#11040 = ORIENTED_EDGE('',*,*,#9974,.T.);
#11041 = ORIENTED_EDGE('',*,*,#9904,.T.);
#11042 = ORIENTED_EDGE('',*,*,#9873,.T.);
#11043 = PLANE('',#11044);
#11044 = AXIS2_PLACEMENT_3D('',#11045,#11046,#11047);
#11045 = CARTESIAN_POINT('',(-7.575,9.,-5.822292112093));
#11046 = DIRECTION('',(-1.,-1.249318835986E-16,-3.740088136605E-15));
#11047 = DIRECTION('',(1.249318835986E-16,-1.,0.));
#11048 = ADVANCED_FACE('',(#11049),#11076,.T.);
#11049 = FACE_BOUND('',#11050,.T.);
#11050 = EDGE_LOOP('',(#11051,#11060,#11061,#11070));
#11051 = ORIENTED_EDGE('',*,*,#11052,.T.);
#11052 = EDGE_CURVE('',#11053,#9958,#11055,.T.);
#11053 = VERTEX_POINT('',#11054);
#11054 = CARTESIAN_POINT('',(-6.925,3.25,1.3495));
#11055 = CIRCLE('',#11056,0.5);
#11056 = AXIS2_PLACEMENT_3D('',#11057,#11058,#11059);
#11057 = CARTESIAN_POINT('',(-6.925,3.25,0.8495));
#11058 = DIRECTION('',(1.249318835986E-16,-1.,0.));
#11059 = DIRECTION('',(0.,-0.,-1.));
#11060 = ORIENTED_EDGE('',*,*,#9957,.T.);
#11061 = ORIENTED_EDGE('',*,*,#11062,.F.);
#11062 = EDGE_CURVE('',#11063,#9960,#11065,.T.);
#11063 = VERTEX_POINT('',#11064);
#11064 = CARTESIAN_POINT('',(-6.925,3.25,1.4995));
#11065 = CIRCLE('',#11066,0.65);
#11066 = AXIS2_PLACEMENT_3D('',#11067,#11068,#11069);
#11067 = CARTESIAN_POINT('',(-6.925,3.25,0.8495));
#11068 = DIRECTION('',(1.249318835986E-16,-1.,0.));
#11069 = DIRECTION('',(0.,-0.,-1.));
#11070 = ORIENTED_EDGE('',*,*,#11071,.F.);
#11071 = EDGE_CURVE('',#11053,#11063,#11072,.T.);
#11072 = LINE('',#11073,#11074);
#11073 = CARTESIAN_POINT('',(-6.925,3.25,1.4995));
#11074 = VECTOR('',#11075,1.);
#11075 = DIRECTION('',(-2.486067977623E-16,-1.296665286725E-31,1.));
#11076 = PLANE('',#11077);
#11077 = AXIS2_PLACEMENT_3D('',#11078,#11079,#11080);
#11078 = CARTESIAN_POINT('',(-6.925,3.25,0.8495));
#11079 = DIRECTION('',(-1.249318835986E-16,1.,9.860761315263E-32));
#11080 = DIRECTION('',(-2.486067977623E-16,-1.296665286725E-31,1.));
#11081 = ADVANCED_FACE('',(#11082),#11108,.F.);
#11082 = FACE_BOUND('',#11083,.F.);
#11083 = EDGE_LOOP('',(#11084,#11092,#11101,#11107));
#11084 = ORIENTED_EDGE('',*,*,#11085,.F.);
#11085 = EDGE_CURVE('',#11086,#10093,#11088,.T.);
#11086 = VERTEX_POINT('',#11087);
#11087 = CARTESIAN_POINT('',(-7.425,-2.712132034356,0.8495));
#11088 = LINE('',#11089,#11090);
#11089 = CARTESIAN_POINT('',(-7.425,-2.712132034356,0.8495));
#11090 = VECTOR('',#11091,1.);
#11091 = DIRECTION('',(4.527931034891E-15,6.642905661463E-31,-1.));
#11092 = ORIENTED_EDGE('',*,*,#11093,.F.);
#11093 = EDGE_CURVE('',#11094,#11086,#11096,.T.);
#11094 = VERTEX_POINT('',#11095);
#11095 = CARTESIAN_POINT('',(-7.425,-2.287867965644,0.8495));
#11096 = CIRCLE('',#11097,0.225);
#11097 = AXIS2_PLACEMENT_3D('',#11098,#11099,#11100);
#11098 = CARTESIAN_POINT('',(-7.35,-2.5,0.8495));
#11099 = DIRECTION('',(-2.486067977623E-16,-1.296665286725E-31,1.));
#11100 = DIRECTION('',(3.037693553488E-16,-1.,-5.41474019809E-32));
#11101 = ORIENTED_EDGE('',*,*,#11102,.T.);
#11102 = EDGE_CURVE('',#11094,#10131,#11103,.T.);
#11103 = LINE('',#11104,#11105);
#11104 = CARTESIAN_POINT('',(-7.425,-2.287867965644,0.8495));
#11105 = VECTOR('',#11106,1.);
#11106 = DIRECTION('',(4.527931034891E-15,6.642905661463E-31,-1.));
#11107 = ORIENTED_EDGE('',*,*,#10130,.T.);
#11108 = CYLINDRICAL_SURFACE('',#11109,0.225);
#11109 = AXIS2_PLACEMENT_3D('',#11110,#11111,#11112);
#11110 = CARTESIAN_POINT('',(-7.35,-2.5,0.8495));
#11111 = DIRECTION('',(4.527931034891E-15,6.642905661463E-31,-1.));
#11112 = DIRECTION('',(1.,3.037693553488E-16,4.527931034891E-15));
#11113 = ADVANCED_FACE('',(#11114),#11127,.F.);
#11114 = FACE_BOUND('',#11115,.T.);
#11115 = EDGE_LOOP('',(#11116,#11117,#11118,#11119,#11125,#11126));
#11116 = ORIENTED_EDGE('',*,*,#10075,.F.);
#11117 = ORIENTED_EDGE('',*,*,#10100,.F.);
#11118 = ORIENTED_EDGE('',*,*,#11085,.F.);
#11119 = ORIENTED_EDGE('',*,*,#11120,.F.);
#11120 = EDGE_CURVE('',#9991,#11086,#11121,.T.);
#11121 = LINE('',#11122,#11123);
#11122 = CARTESIAN_POINT('',(-7.425,9.,0.8495));
#11123 = VECTOR('',#11124,1.);
#11124 = DIRECTION('',(-1.249318835986E-16,1.,0.));
#11125 = ORIENTED_EDGE('',*,*,#10014,.F.);
#11126 = ORIENTED_EDGE('',*,*,#10028,.F.);
#11127 = PLANE('',#11128);
#11128 = AXIS2_PLACEMENT_3D('',#11129,#11130,#11131);
#11129 = CARTESIAN_POINT('',(-7.425,9.,-5.822292112093));
#11130 = DIRECTION('',(-1.,-1.249318835986E-16,-3.740088136605E-15));
#11131 = DIRECTION('',(1.249318835986E-16,-1.,0.));
#11132 = ADVANCED_FACE('',(#11133),#11160,.T.);
#11133 = FACE_BOUND('',#11134,.T.);
#11134 = EDGE_LOOP('',(#11135,#11136,#11145,#11153));
#11135 = ORIENTED_EDGE('',*,*,#9988,.T.);
#11136 = ORIENTED_EDGE('',*,*,#11137,.T.);
#11137 = EDGE_CURVE('',#9991,#11138,#11140,.T.);
#11138 = VERTEX_POINT('',#11139);
#11139 = CARTESIAN_POINT('',(-6.925,-3.25,1.3495));
#11140 = CIRCLE('',#11141,0.5);
#11141 = AXIS2_PLACEMENT_3D('',#11142,#11143,#11144);
#11142 = CARTESIAN_POINT('',(-6.925,-3.25,0.8495));
#11143 = DIRECTION('',(-1.249318835986E-16,1.,-0.));
#11144 = DIRECTION('',(0.,-0.,-1.));
#11145 = ORIENTED_EDGE('',*,*,#11146,.F.);
#11146 = EDGE_CURVE('',#11147,#11138,#11149,.T.);
#11147 = VERTEX_POINT('',#11148);
#11148 = CARTESIAN_POINT('',(-6.925,-3.25,1.4995));
#11149 = LINE('',#11150,#11151);
#11150 = CARTESIAN_POINT('',(-6.925,-3.25,1.4995));
#11151 = VECTOR('',#11152,1.);
#11152 = DIRECTION('',(2.486067977623E-16,1.296665286725E-31,-1.));
#11153 = ORIENTED_EDGE('',*,*,#11154,.F.);
#11154 = EDGE_CURVE('',#9989,#11147,#11155,.T.);
#11155 = CIRCLE('',#11156,0.65);
#11156 = AXIS2_PLACEMENT_3D('',#11157,#11158,#11159);
#11157 = CARTESIAN_POINT('',(-6.925,-3.25,0.8495));
#11158 = DIRECTION('',(-1.249318835986E-16,1.,0.));
#11159 = DIRECTION('',(0.,0.,1.));
#11160 = PLANE('',#11161);
#11161 = AXIS2_PLACEMENT_3D('',#11162,#11163,#11164);
#11162 = CARTESIAN_POINT('',(-6.925,-3.25,0.8495));
#11163 = DIRECTION('',(1.249318835986E-16,-1.,-9.860761315263E-32));
#11164 = DIRECTION('',(2.486067977623E-16,1.296665286725E-31,-1.));
#11165 = ADVANCED_FACE('',(#11166),#11186,.T.);
#11166 = FACE_BOUND('',#11167,.T.);
#11167 = EDGE_LOOP('',(#11168,#11169,#11170,#11171,#11172,#11180));
#11168 = ORIENTED_EDGE('',*,*,#10107,.F.);
#11169 = ORIENTED_EDGE('',*,*,#10059,.T.);
#11170 = ORIENTED_EDGE('',*,*,#10037,.T.);
#11171 = ORIENTED_EDGE('',*,*,#9998,.T.);
#11172 = ORIENTED_EDGE('',*,*,#11173,.T.);
#11173 = EDGE_CURVE('',#9989,#11174,#11176,.T.);
#11174 = VERTEX_POINT('',#11175);
#11175 = CARTESIAN_POINT('',(-7.575,-2.8,0.8495));
#11176 = LINE('',#11177,#11178);
#11177 = CARTESIAN_POINT('',(-7.575,9.,0.8495));
#11178 = VECTOR('',#11179,1.);
#11179 = DIRECTION('',(-1.249318835986E-16,1.,0.));
#11180 = ORIENTED_EDGE('',*,*,#11181,.T.);
#11181 = EDGE_CURVE('',#11174,#10108,#11182,.T.);
#11182 = LINE('',#11183,#11184);
#11183 = CARTESIAN_POINT('',(-7.575,-2.8,0.8495));
#11184 = VECTOR('',#11185,1.);
#11185 = DIRECTION('',(3.776133842282E-15,5.703671267894E-31,-1.));
#11186 = PLANE('',#11187);
#11187 = AXIS2_PLACEMENT_3D('',#11188,#11189,#11190);
#11188 = CARTESIAN_POINT('',(-7.575,9.,-5.822292112093));
#11189 = DIRECTION('',(-1.,-1.249318835986E-16,-3.740088136605E-15));
#11190 = DIRECTION('',(1.249318835986E-16,-1.,0.));
#11191 = ADVANCED_FACE('',(#11192),#11213,.T.);
#11192 = FACE_BOUND('',#11193,.T.);
#11193 = EDGE_LOOP('',(#11194,#11195,#11196,#11197,#11206,#11212));
#11194 = ORIENTED_EDGE('',*,*,#10146,.T.);
#11195 = ORIENTED_EDGE('',*,*,#10115,.T.);
#11196 = ORIENTED_EDGE('',*,*,#11181,.F.);
#11197 = ORIENTED_EDGE('',*,*,#11198,.F.);
#11198 = EDGE_CURVE('',#11199,#11174,#11201,.T.);
#11199 = VERTEX_POINT('',#11200);
#11200 = CARTESIAN_POINT('',(-7.575,-2.2,0.8495));
#11201 = CIRCLE('',#11202,0.375);
#11202 = AXIS2_PLACEMENT_3D('',#11203,#11204,#11205);
#11203 = CARTESIAN_POINT('',(-7.35,-2.5,0.8495));
#11204 = DIRECTION('',(-2.486067977623E-16,-1.296665286725E-31,1.));
#11205 = DIRECTION('',(3.037693553488E-16,-1.,-5.41474019809E-32));
#11206 = ORIENTED_EDGE('',*,*,#11207,.T.);
#11207 = EDGE_CURVE('',#11199,#10247,#11208,.T.);
#11208 = LINE('',#11209,#11210);
#11209 = CARTESIAN_POINT('',(-7.575,-2.2,0.8495));
#11210 = VECTOR('',#11211,1.);
#11211 = DIRECTION('',(3.776133842282E-15,5.703671267894E-31,-1.));
#11212 = ORIENTED_EDGE('',*,*,#10262,.T.);
#11213 = CYLINDRICAL_SURFACE('',#11214,0.375);
#11214 = AXIS2_PLACEMENT_3D('',#11215,#11216,#11217);
#11215 = CARTESIAN_POINT('',(-7.35,-2.5,0.8495));
#11216 = DIRECTION('',(3.776133842282E-15,5.703671267894E-31,-1.));
#11217 = DIRECTION('',(1.,3.037693553488E-16,3.776133842282E-15));
#11218 = ADVANCED_FACE('',(#11219),#11239,.T.);
#11219 = FACE_BOUND('',#11220,.T.);
#11220 = EDGE_LOOP('',(#11221,#11222,#11223,#11231,#11237,#11238));
#11221 = ORIENTED_EDGE('',*,*,#10246,.F.);
#11222 = ORIENTED_EDGE('',*,*,#11207,.F.);
#11223 = ORIENTED_EDGE('',*,*,#11224,.T.);
#11224 = EDGE_CURVE('',#11199,#11225,#11227,.T.);
#11225 = VERTEX_POINT('',#11226);
#11226 = CARTESIAN_POINT('',(-7.575,-1.75,0.8495));
#11227 = LINE('',#11228,#11229);
#11228 = CARTESIAN_POINT('',(-7.575,9.,0.8495));
#11229 = VECTOR('',#11230,1.);
#11230 = DIRECTION('',(-1.249318835986E-16,1.,0.));
#11231 = ORIENTED_EDGE('',*,*,#11232,.T.);
#11232 = EDGE_CURVE('',#11225,#10194,#11233,.T.);
#11233 = LINE('',#11234,#11235);
#11234 = CARTESIAN_POINT('',(-7.575,-1.75,0.327707887907));
#11235 = VECTOR('',#11236,1.);
#11236 = DIRECTION('',(3.740088136605E-15,-9.130123557773E-16,-1.));
#11237 = ORIENTED_EDGE('',*,*,#10193,.T.);
#11238 = ORIENTED_EDGE('',*,*,#10231,.T.);
#11239 = PLANE('',#11240);
#11240 = AXIS2_PLACEMENT_3D('',#11241,#11242,#11243);
#11241 = CARTESIAN_POINT('',(-7.575,9.,-5.822292112093));
#11242 = DIRECTION('',(-1.,-1.249318835986E-16,-3.740088136605E-15));
#11243 = DIRECTION('',(1.249318835986E-16,-1.,0.));
#11244 = ADVANCED_FACE('',(#11245),#11263,.F.);
#11245 = FACE_BOUND('',#11246,.T.);
#11246 = EDGE_LOOP('',(#11247,#11255,#11261,#11262));
#11247 = ORIENTED_EDGE('',*,*,#11248,.F.);
#11248 = EDGE_CURVE('',#11249,#11225,#11251,.T.);
#11249 = VERTEX_POINT('',#11250);
#11250 = CARTESIAN_POINT('',(-7.425,-1.75,0.8495));
#11251 = LINE('',#11252,#11253);
#11252 = CARTESIAN_POINT('',(-7.575,-1.75,0.8495));
#11253 = VECTOR('',#11254,1.);
#11254 = DIRECTION('',(-1.,-1.249318835986E-16,-3.740088136605E-15));
#11255 = ORIENTED_EDGE('',*,*,#11256,.T.);
#11256 = EDGE_CURVE('',#11249,#10176,#11257,.T.);
#11257 = LINE('',#11258,#11259);
#11258 = CARTESIAN_POINT('',(-7.425,-1.75,0.327707887907));
#11259 = VECTOR('',#11260,1.);
#11260 = DIRECTION('',(3.740088136605E-15,-9.130123557773E-16,-1.));
#11261 = ORIENTED_EDGE('',*,*,#10201,.F.);
#11262 = ORIENTED_EDGE('',*,*,#11232,.F.);
#11263 = PLANE('',#11264);
#11264 = AXIS2_PLACEMENT_3D('',#11265,#11266,#11267);
#11265 = CARTESIAN_POINT('',(-7.575,-1.75,0.327707887907));
#11266 = DIRECTION('',(1.249318835986E-16,-1.,9.130123557773E-16));
#11267 = DIRECTION('',(-3.740088136605E-15,9.130123557773E-16,1.));
#11268 = ADVANCED_FACE('',(#11269),#11282,.F.);
#11269 = FACE_BOUND('',#11270,.T.);
#11270 = EDGE_LOOP('',(#11271,#11272,#11273,#11274,#11275,#11276));
#11271 = ORIENTED_EDGE('',*,*,#11102,.T.);
#11272 = ORIENTED_EDGE('',*,*,#10255,.F.);
#11273 = ORIENTED_EDGE('',*,*,#10215,.F.);
#11274 = ORIENTED_EDGE('',*,*,#10175,.F.);
#11275 = ORIENTED_EDGE('',*,*,#11256,.F.);
#11276 = ORIENTED_EDGE('',*,*,#11277,.F.);
#11277 = EDGE_CURVE('',#11094,#11249,#11278,.T.);
#11278 = LINE('',#11279,#11280);
#11279 = CARTESIAN_POINT('',(-7.425,9.,0.8495));
#11280 = VECTOR('',#11281,1.);
#11281 = DIRECTION('',(-1.249318835986E-16,1.,0.));
#11282 = PLANE('',#11283);
#11283 = AXIS2_PLACEMENT_3D('',#11284,#11285,#11286);
#11284 = CARTESIAN_POINT('',(-7.425,9.,-5.822292112093));
#11285 = DIRECTION('',(-1.,-1.249318835986E-16,-3.740088136605E-15));
#11286 = DIRECTION('',(1.249318835986E-16,-1.,0.));
#11287 = ADVANCED_FACE('',(#11288),#11314,.T.);
#11288 = FACE_BOUND('',#11289,.T.);
#11289 = EDGE_LOOP('',(#11290,#11301,#11307,#11308));
#11290 = ORIENTED_EDGE('',*,*,#11291,.F.);
#11291 = EDGE_CURVE('',#11292,#11294,#11296,.T.);
#11292 = VERTEX_POINT('',#11293);
#11293 = CARTESIAN_POINT('',(2.190890230021,-3.7,0.5495));
#11294 = VERTEX_POINT('',#11295);
#11295 = CARTESIAN_POINT('',(2.190890230021,3.7,0.5495));
#11296 = CIRCLE('',#11297,4.3);
#11297 = AXIS2_PLACEMENT_3D('',#11298,#11299,#11300);
#11298 = CARTESIAN_POINT('',(5.049701140105E-16,-2.543242878664E-15,
    0.5495));
#11299 = DIRECTION('',(1.529923784499E-32,-1.224606353822E-16,1.));
#11300 = DIRECTION('',(1.249318835986E-16,-1.,-1.224606353822E-16));
#11301 = ORIENTED_EDGE('',*,*,#11302,.F.);
#11302 = EDGE_CURVE('',#10431,#11292,#11303,.T.);
#11303 = LINE('',#11304,#11305);
#11304 = CARTESIAN_POINT('',(2.190890230021,-3.7,0.1495));
#11305 = VECTOR('',#11306,1.);
#11306 = DIRECTION('',(1.529923784499E-32,-1.224606353822E-16,1.));
#11307 = ORIENTED_EDGE('',*,*,#10430,.F.);
#11308 = ORIENTED_EDGE('',*,*,#11309,.T.);
#11309 = EDGE_CURVE('',#10423,#11294,#11310,.T.);
#11310 = LINE('',#11311,#11312);
#11311 = CARTESIAN_POINT('',(2.190890230021,3.7,0.1495));
#11312 = VECTOR('',#11313,1.);
#11313 = DIRECTION('',(1.529923784499E-32,-1.224606353822E-16,1.));
#11314 = CYLINDRICAL_SURFACE('',#11315,4.3);
#11315 = AXIS2_PLACEMENT_3D('',#11316,#11317,#11318);
#11316 = CARTESIAN_POINT('',(5.049701140105E-16,-2.494258624511E-15,
    0.1495));
#11317 = DIRECTION('',(1.529923784499E-32,-1.224606353822E-16,1.));
#11318 = DIRECTION('',(-1.249318835986E-16,1.,1.224606353822E-16));
#11319 = ADVANCED_FACE('',(#11320),#11342,.F.);
#11320 = FACE_BOUND('',#11321,.T.);
#11321 = EDGE_LOOP('',(#11322,#11323,#11324,#11325,#11326,#11327,#11328,
    #11336));
#11322 = ORIENTED_EDGE('',*,*,#10388,.F.);
#11323 = ORIENTED_EDGE('',*,*,#10342,.F.);
#11324 = ORIENTED_EDGE('',*,*,#10310,.F.);
#11325 = ORIENTED_EDGE('',*,*,#10285,.T.);
#11326 = ORIENTED_EDGE('',*,*,#10439,.F.);
#11327 = ORIENTED_EDGE('',*,*,#11302,.T.);
#11328 = ORIENTED_EDGE('',*,*,#11329,.F.);
#11329 = EDGE_CURVE('',#11330,#11292,#11332,.T.);
#11330 = VERTEX_POINT('',#11331);
#11331 = CARTESIAN_POINT('',(-2.190890230021,-3.7,0.5495));
#11332 = LINE('',#11333,#11334);
#11333 = CARTESIAN_POINT('',(5.,-3.7,0.5495));
#11334 = VECTOR('',#11335,1.);
#11335 = DIRECTION('',(1.,-2.709627742456E-16,-4.540002343302E-32));
#11336 = ORIENTED_EDGE('',*,*,#11337,.F.);
#11337 = EDGE_CURVE('',#10389,#11330,#11338,.T.);
#11338 = LINE('',#11339,#11340);
#11339 = CARTESIAN_POINT('',(-2.190890230021,-3.7,0.1495));
#11340 = VECTOR('',#11341,1.);
#11341 = DIRECTION('',(1.529923784499E-32,-1.224606353822E-16,1.));
#11342 = PLANE('',#11343);
#11343 = AXIS2_PLACEMENT_3D('',#11344,#11345,#11346);
#11344 = CARTESIAN_POINT('',(2.190890230021,-3.7,0.1495));
#11345 = DIRECTION('',(2.709627742456E-16,1.,1.224606353822E-16));
#11346 = DIRECTION('',(1.,-2.709627742456E-16,-4.540002343302E-32));
#11347 = ADVANCED_FACE('',(#11348),#11367,.T.);
#11348 = FACE_BOUND('',#11349,.T.);
#11349 = EDGE_LOOP('',(#11350,#11359,#11365,#11366));
#11350 = ORIENTED_EDGE('',*,*,#11351,.F.);
#11351 = EDGE_CURVE('',#11352,#11330,#11354,.T.);
#11352 = VERTEX_POINT('',#11353);
#11353 = CARTESIAN_POINT('',(-2.190890230021,3.7,0.5495));
#11354 = CIRCLE('',#11355,4.3);
#11355 = AXIS2_PLACEMENT_3D('',#11356,#11357,#11358);
#11356 = CARTESIAN_POINT('',(5.049701140105E-16,-2.543242878664E-15,
    0.5495));
#11357 = DIRECTION('',(1.529923784499E-32,-1.224606353822E-16,1.));
#11358 = DIRECTION('',(1.249318835986E-16,-1.,-1.224606353822E-16));
#11359 = ORIENTED_EDGE('',*,*,#11360,.F.);
#11360 = EDGE_CURVE('',#10397,#11352,#11361,.T.);
#11361 = LINE('',#11362,#11363);
#11362 = CARTESIAN_POINT('',(-2.190890230021,3.7,0.1495));
#11363 = VECTOR('',#11364,1.);
#11364 = DIRECTION('',(1.529923784499E-32,-1.224606353822E-16,1.));
#11365 = ORIENTED_EDGE('',*,*,#10396,.F.);
#11366 = ORIENTED_EDGE('',*,*,#11337,.T.);
#11367 = CYLINDRICAL_SURFACE('',#11368,4.3);
#11368 = AXIS2_PLACEMENT_3D('',#11369,#11370,#11371);
#11369 = CARTESIAN_POINT('',(5.049701140105E-16,-2.494258624511E-15,
    0.1495));
#11370 = DIRECTION('',(1.529923784499E-32,-1.224606353822E-16,1.));
#11371 = DIRECTION('',(-1.249318835986E-16,1.,1.224606353822E-16));
#11372 = ADVANCED_FACE('',(#11373),#11388,.F.);
#11373 = FACE_BOUND('',#11374,.T.);
#11374 = EDGE_LOOP('',(#11375,#11376,#11377,#11378,#11379,#11385,#11386,
    #11387));
#11375 = ORIENTED_EDGE('',*,*,#10483,.F.);
#11376 = ORIENTED_EDGE('',*,*,#10460,.T.);
#11377 = ORIENTED_EDGE('',*,*,#10405,.F.);
#11378 = ORIENTED_EDGE('',*,*,#11360,.T.);
#11379 = ORIENTED_EDGE('',*,*,#11380,.F.);
#11380 = EDGE_CURVE('',#11294,#11352,#11381,.T.);
#11381 = LINE('',#11382,#11383);
#11382 = CARTESIAN_POINT('',(5.,3.7,0.5495));
#11383 = VECTOR('',#11384,1.);
#11384 = DIRECTION('',(-1.,-1.249318835986E-16,-3.08148791102E-33));
#11385 = ORIENTED_EDGE('',*,*,#11309,.F.);
#11386 = ORIENTED_EDGE('',*,*,#10422,.F.);
#11387 = ORIENTED_EDGE('',*,*,#10373,.F.);
#11388 = PLANE('',#11389);
#11389 = AXIS2_PLACEMENT_3D('',#11390,#11391,#11392);
#11390 = CARTESIAN_POINT('',(-2.190890230021,3.7,0.1495));
#11391 = DIRECTION('',(1.249318835986E-16,-1.,-1.224606353822E-16));
#11392 = DIRECTION('',(1.529923784499E-32,-1.224606353822E-16,1.));
#11393 = ADVANCED_FACE('',(#11394),#11430,.F.);
#11394 = FACE_BOUND('',#11395,.F.);
#11395 = EDGE_LOOP('',(#11396,#11406,#11415,#11423));
#11396 = ORIENTED_EDGE('',*,*,#11397,.F.);
#11397 = EDGE_CURVE('',#11398,#11400,#11402,.T.);
#11398 = VERTEX_POINT('',#11399);
#11399 = CARTESIAN_POINT('',(5.,1.4,0.7995));
#11400 = VERTEX_POINT('',#11401);
#11401 = CARTESIAN_POINT('',(5.,1.4,0.5495));
#11402 = LINE('',#11403,#11404);
#11403 = CARTESIAN_POINT('',(5.,1.4,0.7995));
#11404 = VECTOR('',#11405,1.);
#11405 = DIRECTION('',(-1.529923784499E-32,1.224606353822E-16,-1.));
#11406 = ORIENTED_EDGE('',*,*,#11407,.T.);
#11407 = EDGE_CURVE('',#11398,#11408,#11410,.T.);
#11408 = VERTEX_POINT('',#11409);
#11409 = CARTESIAN_POINT('',(5.,2.8,0.7995));
#11410 = CIRCLE('',#11411,0.7);
#11411 = AXIS2_PLACEMENT_3D('',#11412,#11413,#11414);
#11412 = CARTESIAN_POINT('',(5.,2.1,0.7995));
#11413 = DIRECTION('',(-1.529923784499E-32,1.224606353822E-16,-1.));
#11414 = DIRECTION('',(-3.037693553488E-16,1.,1.224606353822E-16));
#11415 = ORIENTED_EDGE('',*,*,#11416,.T.);
#11416 = EDGE_CURVE('',#11408,#11417,#11419,.T.);
#11417 = VERTEX_POINT('',#11418);
#11418 = CARTESIAN_POINT('',(5.,2.8,0.5495));
#11419 = LINE('',#11420,#11421);
#11420 = CARTESIAN_POINT('',(5.,2.8,0.7995));
#11421 = VECTOR('',#11422,1.);
#11422 = DIRECTION('',(-1.529923784499E-32,1.224606353822E-16,-1.));
#11423 = ORIENTED_EDGE('',*,*,#11424,.F.);
#11424 = EDGE_CURVE('',#11400,#11417,#11425,.T.);
#11425 = CIRCLE('',#11426,0.7);
#11426 = AXIS2_PLACEMENT_3D('',#11427,#11428,#11429);
#11427 = CARTESIAN_POINT('',(5.,2.1,0.5495));
#11428 = DIRECTION('',(-1.529923784499E-32,1.224606353822E-16,-1.));
#11429 = DIRECTION('',(-3.037693553488E-16,1.,1.224606353822E-16));
#11430 = CYLINDRICAL_SURFACE('',#11431,0.7);
#11431 = AXIS2_PLACEMENT_3D('',#11432,#11433,#11434);
#11432 = CARTESIAN_POINT('',(5.,2.1,0.7995));
#11433 = DIRECTION('',(-1.529923784499E-32,1.224606353822E-16,-1.));
#11434 = DIRECTION('',(3.037693553488E-16,-1.,-1.224606353822E-16));
#11435 = ADVANCED_FACE('',(#11436),#11472,.F.);
#11436 = FACE_BOUND('',#11437,.F.);
#11437 = EDGE_LOOP('',(#11438,#11448,#11457,#11465));
#11438 = ORIENTED_EDGE('',*,*,#11439,.F.);
#11439 = EDGE_CURVE('',#11440,#11442,#11444,.T.);
#11440 = VERTEX_POINT('',#11441);
#11441 = CARTESIAN_POINT('',(-5.,2.8,0.7995));
#11442 = VERTEX_POINT('',#11443);
#11443 = CARTESIAN_POINT('',(-5.,2.8,0.5495));
#11444 = LINE('',#11445,#11446);
#11445 = CARTESIAN_POINT('',(-5.,2.8,0.7995));
#11446 = VECTOR('',#11447,1.);
#11447 = DIRECTION('',(-1.529923784499E-32,1.224606353822E-16,-1.));
#11448 = ORIENTED_EDGE('',*,*,#11449,.T.);
#11449 = EDGE_CURVE('',#11440,#11450,#11452,.T.);
#11450 = VERTEX_POINT('',#11451);
#11451 = CARTESIAN_POINT('',(-5.,1.4,0.7995));
#11452 = CIRCLE('',#11453,0.7);
#11453 = AXIS2_PLACEMENT_3D('',#11454,#11455,#11456);
#11454 = CARTESIAN_POINT('',(-5.,2.1,0.7995));
#11455 = DIRECTION('',(-1.529923784499E-32,1.224606353822E-16,-1.));
#11456 = DIRECTION('',(-3.037693553488E-16,1.,1.224606353822E-16));
#11457 = ORIENTED_EDGE('',*,*,#11458,.T.);
#11458 = EDGE_CURVE('',#11450,#11459,#11461,.T.);
#11459 = VERTEX_POINT('',#11460);
#11460 = CARTESIAN_POINT('',(-5.,1.4,0.5495));
#11461 = LINE('',#11462,#11463);
#11462 = CARTESIAN_POINT('',(-5.,1.4,0.7995));
#11463 = VECTOR('',#11464,1.);
#11464 = DIRECTION('',(-1.529923784499E-32,1.224606353822E-16,-1.));
#11465 = ORIENTED_EDGE('',*,*,#11466,.F.);
#11466 = EDGE_CURVE('',#11442,#11459,#11467,.T.);
#11467 = CIRCLE('',#11468,0.7);
#11468 = AXIS2_PLACEMENT_3D('',#11469,#11470,#11471);
#11469 = CARTESIAN_POINT('',(-5.,2.1,0.5495));
#11470 = DIRECTION('',(-1.529923784499E-32,1.224606353822E-16,-1.));
#11471 = DIRECTION('',(-3.037693553488E-16,1.,1.224606353822E-16));
#11472 = CYLINDRICAL_SURFACE('',#11473,0.7);
#11473 = AXIS2_PLACEMENT_3D('',#11474,#11475,#11476);
#11474 = CARTESIAN_POINT('',(-5.,2.1,0.7995));
#11475 = DIRECTION('',(-1.529923784499E-32,1.224606353822E-16,-1.));
#11476 = DIRECTION('',(3.037693553488E-16,-1.,-1.224606353822E-16));
#11477 = ADVANCED_FACE('',(#11478),#11514,.F.);
#11478 = FACE_BOUND('',#11479,.F.);
#11479 = EDGE_LOOP('',(#11480,#11490,#11499,#11507));
#11480 = ORIENTED_EDGE('',*,*,#11481,.F.);
#11481 = EDGE_CURVE('',#11482,#11484,#11486,.T.);
#11482 = VERTEX_POINT('',#11483);
#11483 = CARTESIAN_POINT('',(-5.,-1.4,0.7995));
#11484 = VERTEX_POINT('',#11485);
#11485 = CARTESIAN_POINT('',(-5.,-1.4,0.5495));
#11486 = LINE('',#11487,#11488);
#11487 = CARTESIAN_POINT('',(-5.,-1.4,0.7995));
#11488 = VECTOR('',#11489,1.);
#11489 = DIRECTION('',(-1.529923784499E-32,1.224606353822E-16,-1.));
#11490 = ORIENTED_EDGE('',*,*,#11491,.T.);
#11491 = EDGE_CURVE('',#11482,#11492,#11494,.T.);
#11492 = VERTEX_POINT('',#11493);
#11493 = CARTESIAN_POINT('',(-5.,-2.8,0.7995));
#11494 = CIRCLE('',#11495,0.7);
#11495 = AXIS2_PLACEMENT_3D('',#11496,#11497,#11498);
#11496 = CARTESIAN_POINT('',(-5.,-2.1,0.7995));
#11497 = DIRECTION('',(-1.529923784499E-32,1.224606353822E-16,-1.));
#11498 = DIRECTION('',(-3.037693553488E-16,1.,1.224606353822E-16));
#11499 = ORIENTED_EDGE('',*,*,#11500,.T.);
#11500 = EDGE_CURVE('',#11492,#11501,#11503,.T.);
#11501 = VERTEX_POINT('',#11502);
#11502 = CARTESIAN_POINT('',(-5.,-2.8,0.5495));
#11503 = LINE('',#11504,#11505);
#11504 = CARTESIAN_POINT('',(-5.,-2.8,0.7995));
#11505 = VECTOR('',#11506,1.);
#11506 = DIRECTION('',(-1.529923784499E-32,1.224606353822E-16,-1.));
#11507 = ORIENTED_EDGE('',*,*,#11508,.F.);
#11508 = EDGE_CURVE('',#11484,#11501,#11509,.T.);
#11509 = CIRCLE('',#11510,0.7);
#11510 = AXIS2_PLACEMENT_3D('',#11511,#11512,#11513);
#11511 = CARTESIAN_POINT('',(-5.,-2.1,0.5495));
#11512 = DIRECTION('',(-1.529923784499E-32,1.224606353822E-16,-1.));
#11513 = DIRECTION('',(-3.037693553488E-16,1.,1.224606353822E-16));
#11514 = CYLINDRICAL_SURFACE('',#11515,0.7);
#11515 = AXIS2_PLACEMENT_3D('',#11516,#11517,#11518);
#11516 = CARTESIAN_POINT('',(-5.,-2.1,0.7995));
#11517 = DIRECTION('',(-1.529923784499E-32,1.224606353822E-16,-1.));
#11518 = DIRECTION('',(3.037693553488E-16,-1.,-1.224606353822E-16));
#11519 = ADVANCED_FACE('',(#11520),#11556,.F.);
#11520 = FACE_BOUND('',#11521,.F.);
#11521 = EDGE_LOOP('',(#11522,#11532,#11541,#11549));
#11522 = ORIENTED_EDGE('',*,*,#11523,.F.);
#11523 = EDGE_CURVE('',#11524,#11526,#11528,.T.);
#11524 = VERTEX_POINT('',#11525);
#11525 = CARTESIAN_POINT('',(5.,-2.8,0.7995));
#11526 = VERTEX_POINT('',#11527);
#11527 = CARTESIAN_POINT('',(5.,-2.8,0.5495));
#11528 = LINE('',#11529,#11530);
#11529 = CARTESIAN_POINT('',(5.,-2.8,0.7995));
#11530 = VECTOR('',#11531,1.);
#11531 = DIRECTION('',(-1.529923784499E-32,1.224606353822E-16,-1.));
#11532 = ORIENTED_EDGE('',*,*,#11533,.T.);
#11533 = EDGE_CURVE('',#11524,#11534,#11536,.T.);
#11534 = VERTEX_POINT('',#11535);
#11535 = CARTESIAN_POINT('',(5.,-1.4,0.7995));
#11536 = CIRCLE('',#11537,0.7);
#11537 = AXIS2_PLACEMENT_3D('',#11538,#11539,#11540);
#11538 = CARTESIAN_POINT('',(5.,-2.1,0.7995));
#11539 = DIRECTION('',(-1.529923784499E-32,1.224606353822E-16,-1.));
#11540 = DIRECTION('',(-3.037693553488E-16,1.,1.224606353822E-16));
#11541 = ORIENTED_EDGE('',*,*,#11542,.T.);
#11542 = EDGE_CURVE('',#11534,#11543,#11545,.T.);
#11543 = VERTEX_POINT('',#11544);
#11544 = CARTESIAN_POINT('',(5.,-1.4,0.5495));
#11545 = LINE('',#11546,#11547);
#11546 = CARTESIAN_POINT('',(5.,-1.4,0.7995));
#11547 = VECTOR('',#11548,1.);
#11548 = DIRECTION('',(-1.529923784499E-32,1.224606353822E-16,-1.));
#11549 = ORIENTED_EDGE('',*,*,#11550,.F.);
#11550 = EDGE_CURVE('',#11526,#11543,#11551,.T.);
#11551 = CIRCLE('',#11552,0.7);
#11552 = AXIS2_PLACEMENT_3D('',#11553,#11554,#11555);
#11553 = CARTESIAN_POINT('',(5.,-2.1,0.5495));
#11554 = DIRECTION('',(-1.529923784499E-32,1.224606353822E-16,-1.));
#11555 = DIRECTION('',(-3.037693553488E-16,1.,1.224606353822E-16));
#11556 = CYLINDRICAL_SURFACE('',#11557,0.7);
#11557 = AXIS2_PLACEMENT_3D('',#11558,#11559,#11560);
#11558 = CARTESIAN_POINT('',(5.,-2.1,0.7995));
#11559 = DIRECTION('',(-1.529923784499E-32,1.224606353822E-16,-1.));
#11560 = DIRECTION('',(3.037693553488E-16,-1.,-1.224606353822E-16));
#11561 = ADVANCED_FACE('',(#11562),#11589,.T.);
#11562 = FACE_BOUND('',#11563,.T.);
#11563 = EDGE_LOOP('',(#11564,#11573,#11574,#11583));
#11564 = ORIENTED_EDGE('',*,*,#11565,.T.);
#11565 = EDGE_CURVE('',#11566,#10502,#11568,.T.);
#11566 = VERTEX_POINT('',#11567);
#11567 = CARTESIAN_POINT('',(6.425,-3.25,1.3495));
#11568 = CIRCLE('',#11569,0.5);
#11569 = AXIS2_PLACEMENT_3D('',#11570,#11571,#11572);
#11570 = CARTESIAN_POINT('',(6.425,-3.25,0.8495));
#11571 = DIRECTION('',(6.781516928767E-17,1.,4.79182275962E-32));
#11572 = DIRECTION('',(-1.,6.781516928767E-17,1.780567182276E-47));
#11573 = ORIENTED_EDGE('',*,*,#10501,.T.);
#11574 = ORIENTED_EDGE('',*,*,#11575,.F.);
#11575 = EDGE_CURVE('',#11576,#10504,#11578,.T.);
#11576 = VERTEX_POINT('',#11577);
#11577 = CARTESIAN_POINT('',(6.425,-3.25,1.4995));
#11578 = CIRCLE('',#11579,0.65);
#11579 = AXIS2_PLACEMENT_3D('',#11580,#11581,#11582);
#11580 = CARTESIAN_POINT('',(6.425,-3.25,0.8495));
#11581 = DIRECTION('',(-1.249318835986E-16,1.,0.));
#11582 = DIRECTION('',(0.,0.,1.));
#11583 = ORIENTED_EDGE('',*,*,#11584,.F.);
#11584 = EDGE_CURVE('',#11566,#11576,#11585,.T.);
#11585 = LINE('',#11586,#11587);
#11586 = CARTESIAN_POINT('',(6.425,-3.25,1.4995));
#11587 = VECTOR('',#11588,1.);
#11588 = DIRECTION('',(-2.486067977623E-16,-1.296665286725E-31,1.));
#11589 = PLANE('',#11590);
#11590 = AXIS2_PLACEMENT_3D('',#11591,#11592,#11593);
#11591 = CARTESIAN_POINT('',(6.425,-3.25,0.8495));
#11592 = DIRECTION('',(1.249318835986E-16,-1.,-9.860761315263E-32));
#11593 = DIRECTION('',(2.486067977623E-16,1.296665286725E-31,-1.));
#11594 = ADVANCED_FACE('',(#11595),#11614,.F.);
#11595 = FACE_BOUND('',#11596,.F.);
#11596 = EDGE_LOOP('',(#11597,#11598,#11599,#11608));
#11597 = ORIENTED_EDGE('',*,*,#11565,.T.);
#11598 = ORIENTED_EDGE('',*,*,#10537,.F.);
#11599 = ORIENTED_EDGE('',*,*,#11600,.T.);
#11600 = EDGE_CURVE('',#424,#11601,#11603,.T.);
#11601 = VERTEX_POINT('',#11602);
#11602 = CARTESIAN_POINT('',(6.425,-2.712132034356,1.3495));
#11603 = CIRCLE('',#11604,0.5);
#11604 = AXIS2_PLACEMENT_3D('',#11605,#11606,#11607);
#11605 = CARTESIAN_POINT('',(6.425,-2.712132034356,0.8495));
#11606 = DIRECTION('',(1.249318835986E-16,-1.,0.));
#11607 = DIRECTION('',(0.,-0.,-1.));
#11608 = ORIENTED_EDGE('',*,*,#11609,.T.);
#11609 = EDGE_CURVE('',#11601,#11566,#11610,.T.);
#11610 = LINE('',#11611,#11612);
#11611 = CARTESIAN_POINT('',(6.425,9.,1.3495));
#11612 = VECTOR('',#11613,1.);
#11613 = DIRECTION('',(-6.781516928767E-17,-1.,-4.79182275962E-32));
#11614 = CYLINDRICAL_SURFACE('',#11615,0.5);
#11615 = AXIS2_PLACEMENT_3D('',#11616,#11617,#11618);
#11616 = CARTESIAN_POINT('',(6.425,-4.257351555261,0.8495));
#11617 = DIRECTION('',(6.781516928767E-17,1.,4.79182275962E-32));
#11618 = DIRECTION('',(-1.,6.781516928767E-17,1.780567182276E-47));
#11619 = ADVANCED_FACE('',(#11620),#11641,.F.);
#11620 = FACE_BOUND('',#11621,.F.);
#11621 = EDGE_LOOP('',(#11622,#11623,#11632,#11639,#11640));
#11622 = ORIENTED_EDGE('',*,*,#10560,.T.);
#11623 = ORIENTED_EDGE('',*,*,#11624,.T.);
#11624 = EDGE_CURVE('',#10553,#11625,#11627,.T.);
#11625 = VERTEX_POINT('',#11626);
#11626 = CARTESIAN_POINT('',(6.425,-2.287867965644,1.3495));
#11627 = CIRCLE('',#11628,0.5);
#11628 = AXIS2_PLACEMENT_3D('',#11629,#11630,#11631);
#11629 = CARTESIAN_POINT('',(6.425,-2.287867965644,0.8495));
#11630 = DIRECTION('',(1.249318835986E-16,-1.,0.));
#11631 = DIRECTION('',(0.,-0.,-1.));
#11632 = ORIENTED_EDGE('',*,*,#11633,.F.);
#11633 = EDGE_CURVE('',#11601,#11625,#11634,.T.);
#11634 = CIRCLE('',#11635,0.225);
#11635 = AXIS2_PLACEMENT_3D('',#11636,#11637,#11638);
#11636 = CARTESIAN_POINT('',(6.425,-2.5,1.2745));
#11637 = DIRECTION('',(-1.,-1.249318835986E-16,3.365339220996E-15));
#11638 = DIRECTION('',(1.249318835986E-16,-1.,6.018487578646E-31));
#11639 = ORIENTED_EDGE('',*,*,#11600,.F.);
#11640 = ORIENTED_EDGE('',*,*,#452,.T.);
#11641 = TOROIDAL_SURFACE('',#11642,0.425,0.225);
#11642 = AXIS2_PLACEMENT_3D('',#11643,#11644,#11645);
#11643 = CARTESIAN_POINT('',(6.425,-2.5,0.8495));
#11644 = DIRECTION('',(1.249318835986E-16,-1.,0.));
#11645 = DIRECTION('',(0.,-0.,-1.));
#11646 = ADVANCED_FACE('',(#11647),#11666,.F.);
#11647 = FACE_BOUND('',#11648,.F.);
#11648 = EDGE_LOOP('',(#11649,#11658,#11664,#11665));
#11649 = ORIENTED_EDGE('',*,*,#11650,.T.);
#11650 = EDGE_CURVE('',#10580,#11651,#11653,.T.);
#11651 = VERTEX_POINT('',#11652);
#11652 = CARTESIAN_POINT('',(6.425,-1.75,1.3495));
#11653 = CIRCLE('',#11654,0.5);
#11654 = AXIS2_PLACEMENT_3D('',#11655,#11656,#11657);
#11655 = CARTESIAN_POINT('',(6.425,-1.75,0.8495));
#11656 = DIRECTION('',(-6.781516928767E-17,-1.,-4.79182275962E-32));
#11657 = DIRECTION('',(-1.,6.781516928767E-17,-2.975546761824E-48));
#11658 = ORIENTED_EDGE('',*,*,#11659,.T.);
#11659 = EDGE_CURVE('',#11651,#11625,#11660,.T.);
#11660 = LINE('',#11661,#11662);
#11661 = CARTESIAN_POINT('',(6.425,9.,1.3495));
#11662 = VECTOR('',#11663,1.);
#11663 = DIRECTION('',(-6.781516928767E-17,-1.,-4.79182275962E-32));
#11664 = ORIENTED_EDGE('',*,*,#11624,.F.);
#11665 = ORIENTED_EDGE('',*,*,#10579,.F.);
#11666 = CYLINDRICAL_SURFACE('',#11667,0.5);
#11667 = AXIS2_PLACEMENT_3D('',#11668,#11669,#11670);
#11668 = CARTESIAN_POINT('',(6.425,-4.257351555261,0.8495));
#11669 = DIRECTION('',(6.781516928767E-17,1.,4.79182275962E-32));
#11670 = DIRECTION('',(-1.,6.781516928767E-17,1.780567182276E-47));
#11671 = ADVANCED_FACE('',(#11672),#11691,.T.);
#11672 = FACE_BOUND('',#11673,.T.);
#11673 = EDGE_LOOP('',(#11674,#11675,#11676,#11684));
#11674 = ORIENTED_EDGE('',*,*,#10603,.F.);
#11675 = ORIENTED_EDGE('',*,*,#11650,.T.);
#11676 = ORIENTED_EDGE('',*,*,#11677,.T.);
#11677 = EDGE_CURVE('',#11651,#11678,#11680,.T.);
#11678 = VERTEX_POINT('',#11679);
#11679 = CARTESIAN_POINT('',(6.425,-1.75,1.4995));
#11680 = LINE('',#11681,#11682);
#11681 = CARTESIAN_POINT('',(6.425,-1.75,-66.7646926635));
#11682 = VECTOR('',#11683,1.);
#11683 = DIRECTION('',(-2.486067977623E-16,-1.296665286725E-31,1.));
#11684 = ORIENTED_EDGE('',*,*,#11685,.F.);
#11685 = EDGE_CURVE('',#10604,#11678,#11686,.T.);
#11686 = CIRCLE('',#11687,0.65);
#11687 = AXIS2_PLACEMENT_3D('',#11688,#11689,#11690);
#11688 = CARTESIAN_POINT('',(6.425,-1.75,0.8495));
#11689 = DIRECTION('',(-2.086687848584E-16,-1.,-2.625494200541E-17));
#11690 = DIRECTION('',(1.,-2.086687848584E-16,4.063298754111E-33));
#11691 = PLANE('',#11692);
#11692 = AXIS2_PLACEMENT_3D('',#11693,#11694,#11695);
#11693 = CARTESIAN_POINT('',(6.425,-1.75,0.8495));
#11694 = DIRECTION('',(2.086687848584E-16,1.,2.625494200541E-17));
#11695 = DIRECTION('',(-1.,2.086687848584E-16,-2.486067977623E-16));
#11696 = ADVANCED_FACE('',(#11697),#11716,.T.);
#11697 = FACE_BOUND('',#11698,.T.);
#11698 = EDGE_LOOP('',(#11699,#11708,#11709,#11710));
#11699 = ORIENTED_EDGE('',*,*,#11700,.F.);
#11700 = EDGE_CURVE('',#373,#11701,#11703,.T.);
#11701 = VERTEX_POINT('',#11702);
#11702 = CARTESIAN_POINT('',(6.425,-2.2,1.4995));
#11703 = CIRCLE('',#11704,0.65);
#11704 = AXIS2_PLACEMENT_3D('',#11705,#11706,#11707);
#11705 = CARTESIAN_POINT('',(6.425,-2.2,0.8495));
#11706 = DIRECTION('',(1.249318835986E-16,-1.,0.));
#11707 = DIRECTION('',(0.,-0.,-1.));
#11708 = ORIENTED_EDGE('',*,*,#10630,.F.);
#11709 = ORIENTED_EDGE('',*,*,#11685,.T.);
#11710 = ORIENTED_EDGE('',*,*,#11711,.T.);
#11711 = EDGE_CURVE('',#11678,#11701,#11712,.T.);
#11712 = LINE('',#11713,#11714);
#11713 = CARTESIAN_POINT('',(6.425,9.,1.4995));
#11714 = VECTOR('',#11715,1.);
#11715 = DIRECTION('',(-6.781516928767E-17,-1.,-4.79182275962E-32));
#11716 = CYLINDRICAL_SURFACE('',#11717,0.65);
#11717 = AXIS2_PLACEMENT_3D('',#11718,#11719,#11720);
#11718 = CARTESIAN_POINT('',(6.425,-4.257351555261,0.8495));
#11719 = DIRECTION('',(6.781516928767E-17,1.,4.79182275962E-32));
#11720 = DIRECTION('',(-1.,6.781516928767E-17,1.780567182276E-47));
#11721 = ADVANCED_FACE('',(#11722),#11743,.T.);
#11722 = FACE_BOUND('',#11723,.T.);
#11723 = EDGE_LOOP('',(#11724,#11725,#11726,#11727,#11736));
#11724 = ORIENTED_EDGE('',*,*,#10646,.T.);
#11725 = ORIENTED_EDGE('',*,*,#370,.T.);
#11726 = ORIENTED_EDGE('',*,*,#11700,.T.);
#11727 = ORIENTED_EDGE('',*,*,#11728,.F.);
#11728 = EDGE_CURVE('',#11729,#11701,#11731,.T.);
#11729 = VERTEX_POINT('',#11730);
#11730 = CARTESIAN_POINT('',(6.425,-2.8,1.4995));
#11731 = CIRCLE('',#11732,0.375);
#11732 = AXIS2_PLACEMENT_3D('',#11733,#11734,#11735);
#11733 = CARTESIAN_POINT('',(6.425,-2.5,1.2745));
#11734 = DIRECTION('',(-1.,-1.249318835986E-16,3.365339220996E-15));
#11735 = DIRECTION('',(-1.249318835986E-16,1.,-6.018487578646E-31));
#11736 = ORIENTED_EDGE('',*,*,#11737,.F.);
#11737 = EDGE_CURVE('',#10647,#11729,#11738,.T.);
#11738 = CIRCLE('',#11739,0.65);
#11739 = AXIS2_PLACEMENT_3D('',#11740,#11741,#11742);
#11740 = CARTESIAN_POINT('',(6.425,-2.8,0.8495));
#11741 = DIRECTION('',(1.249318835986E-16,-1.,0.));
#11742 = DIRECTION('',(0.,-0.,-1.));
#11743 = TOROIDAL_SURFACE('',#11744,0.425,0.375);
#11744 = AXIS2_PLACEMENT_3D('',#11745,#11746,#11747);
#11745 = CARTESIAN_POINT('',(6.425,-2.5,0.8495));
#11746 = DIRECTION('',(1.249318835986E-16,-1.,0.));
#11747 = DIRECTION('',(0.,-0.,-1.));
#11748 = ADVANCED_FACE('',(#11749),#11760,.T.);
#11749 = FACE_BOUND('',#11750,.T.);
#11750 = EDGE_LOOP('',(#11751,#11752,#11758,#11759));
#11751 = ORIENTED_EDGE('',*,*,#11737,.T.);
#11752 = ORIENTED_EDGE('',*,*,#11753,.T.);
#11753 = EDGE_CURVE('',#11729,#11576,#11754,.T.);
#11754 = LINE('',#11755,#11756);
#11755 = CARTESIAN_POINT('',(6.425,9.,1.4995));
#11756 = VECTOR('',#11757,1.);
#11757 = DIRECTION('',(-6.781516928767E-17,-1.,-4.79182275962E-32));
#11758 = ORIENTED_EDGE('',*,*,#11575,.T.);
#11759 = ORIENTED_EDGE('',*,*,#10673,.F.);
#11760 = CYLINDRICAL_SURFACE('',#11761,0.65);
#11761 = AXIS2_PLACEMENT_3D('',#11762,#11763,#11764);
#11762 = CARTESIAN_POINT('',(6.425,-4.257351555261,0.8495));
#11763 = DIRECTION('',(6.781516928767E-17,1.,4.79182275962E-32));
#11764 = DIRECTION('',(-1.,6.781516928767E-17,1.780567182276E-47));
#11765 = ADVANCED_FACE('',(#11766),#11791,.F.);
#11766 = FACE_BOUND('',#11767,.T.);
#11767 = EDGE_LOOP('',(#11768,#11776,#11784,#11790));
#11768 = ORIENTED_EDGE('',*,*,#11769,.T.);
#11769 = EDGE_CURVE('',#11417,#11770,#11772,.T.);
#11770 = VERTEX_POINT('',#11771);
#11771 = CARTESIAN_POINT('',(6.,2.8,0.5495));
#11772 = LINE('',#11773,#11774);
#11773 = CARTESIAN_POINT('',(6.,2.8,0.5495));
#11774 = VECTOR('',#11775,1.);
#11775 = DIRECTION('',(1.,-7.424298543898E-16,-1.031361816293E-31));
#11776 = ORIENTED_EDGE('',*,*,#11777,.F.);
#11777 = EDGE_CURVE('',#11778,#11770,#11780,.T.);
#11778 = VERTEX_POINT('',#11779);
#11779 = CARTESIAN_POINT('',(6.,2.8,0.7995));
#11780 = LINE('',#11781,#11782);
#11781 = CARTESIAN_POINT('',(6.,2.8,0.7995));
#11782 = VECTOR('',#11783,1.);
#11783 = DIRECTION('',(-1.529923784499E-32,1.224606353822E-16,-1.));
#11784 = ORIENTED_EDGE('',*,*,#11785,.F.);
#11785 = EDGE_CURVE('',#11408,#11778,#11786,.T.);
#11786 = LINE('',#11787,#11788);
#11787 = CARTESIAN_POINT('',(6.,2.8,0.7995));
#11788 = VECTOR('',#11789,1.);
#11789 = DIRECTION('',(1.,-7.424298543898E-16,-1.031361816293E-31));
#11790 = ORIENTED_EDGE('',*,*,#11416,.T.);
#11791 = PLANE('',#11792);
#11792 = AXIS2_PLACEMENT_3D('',#11793,#11794,#11795);
#11793 = CARTESIAN_POINT('',(6.,2.8,0.7995));
#11794 = DIRECTION('',(7.424298543898E-16,1.,1.224606353822E-16));
#11795 = DIRECTION('',(1.,-7.424298543898E-16,-1.031361816293E-31));
#11796 = ADVANCED_FACE('',(#11797),#11815,.F.);
#11797 = FACE_BOUND('',#11798,.T.);
#11798 = EDGE_LOOP('',(#11799,#11800,#11808,#11814));
#11799 = ORIENTED_EDGE('',*,*,#11785,.T.);
#11800 = ORIENTED_EDGE('',*,*,#11801,.T.);
#11801 = EDGE_CURVE('',#11778,#11802,#11804,.T.);
#11802 = VERTEX_POINT('',#11803);
#11803 = CARTESIAN_POINT('',(6.,1.4,0.7995));
#11804 = LINE('',#11805,#11806);
#11805 = CARTESIAN_POINT('',(6.,2.8,0.7995));
#11806 = VECTOR('',#11807,1.);
#11807 = DIRECTION('',(1.249318835986E-16,-1.,-1.224606353822E-16));
#11808 = ORIENTED_EDGE('',*,*,#11809,.T.);
#11809 = EDGE_CURVE('',#11802,#11398,#11810,.T.);
#11810 = LINE('',#11811,#11812);
#11811 = CARTESIAN_POINT('',(6.,1.4,0.7995));
#11812 = VECTOR('',#11813,1.);
#11813 = DIRECTION('',(-1.,-3.160697966558E-15,-3.748433313021E-31));
#11814 = ORIENTED_EDGE('',*,*,#11407,.T.);
#11815 = PLANE('',#11816);
#11816 = AXIS2_PLACEMENT_3D('',#11817,#11818,#11819);
#11817 = CARTESIAN_POINT('',(5.,2.1,0.7995));
#11818 = DIRECTION('',(1.529923784499E-32,-1.224606353822E-16,1.));
#11819 = DIRECTION('',(-1.249318835986E-16,1.,1.224606353822E-16));
#11820 = ADVANCED_FACE('',(#11821),#11839,.F.);
#11821 = FACE_BOUND('',#11822,.T.);
#11822 = EDGE_LOOP('',(#11823,#11831,#11832,#11833));
#11823 = ORIENTED_EDGE('',*,*,#11824,.T.);
#11824 = EDGE_CURVE('',#11825,#11400,#11827,.T.);
#11825 = VERTEX_POINT('',#11826);
#11826 = CARTESIAN_POINT('',(6.,1.4,0.5495));
#11827 = LINE('',#11828,#11829);
#11828 = CARTESIAN_POINT('',(6.,1.4,0.5495));
#11829 = VECTOR('',#11830,1.);
#11830 = DIRECTION('',(-1.,-3.160697966558E-15,-3.748433313021E-31));
#11831 = ORIENTED_EDGE('',*,*,#11397,.F.);
#11832 = ORIENTED_EDGE('',*,*,#11809,.F.);
#11833 = ORIENTED_EDGE('',*,*,#11834,.T.);
#11834 = EDGE_CURVE('',#11802,#11825,#11835,.T.);
#11835 = LINE('',#11836,#11837);
#11836 = CARTESIAN_POINT('',(6.,1.4,0.7995));
#11837 = VECTOR('',#11838,1.);
#11838 = DIRECTION('',(-1.529923784499E-32,1.224606353822E-16,-1.));
#11839 = PLANE('',#11840);
#11840 = AXIS2_PLACEMENT_3D('',#11841,#11842,#11843);
#11841 = CARTESIAN_POINT('',(6.,1.4,0.7995));
#11842 = DIRECTION('',(3.160697966558E-15,-1.,-1.224606353822E-16));
#11843 = DIRECTION('',(-1.,-3.160697966558E-15,-3.748433313021E-31));
#11844 = ADVANCED_FACE('',(#11845),#11870,.F.);
#11845 = FACE_BOUND('',#11846,.T.);
#11846 = EDGE_LOOP('',(#11847,#11855,#11863,#11869));
#11847 = ORIENTED_EDGE('',*,*,#11848,.T.);
#11848 = EDGE_CURVE('',#11543,#11849,#11851,.T.);
#11849 = VERTEX_POINT('',#11850);
#11850 = CARTESIAN_POINT('',(6.,-1.4,0.5495));
#11851 = LINE('',#11852,#11853);
#11852 = CARTESIAN_POINT('',(6.,-1.4,0.5495));
#11853 = VECTOR('',#11854,1.);
#11854 = DIRECTION('',(1.,1.249318835986E-16,3.08148791102E-33));
#11855 = ORIENTED_EDGE('',*,*,#11856,.F.);
#11856 = EDGE_CURVE('',#11857,#11849,#11859,.T.);
#11857 = VERTEX_POINT('',#11858);
#11858 = CARTESIAN_POINT('',(6.,-1.4,0.7995));
#11859 = LINE('',#11860,#11861);
#11860 = CARTESIAN_POINT('',(6.,-1.4,0.7995));
#11861 = VECTOR('',#11862,1.);
#11862 = DIRECTION('',(-1.529923784499E-32,1.224606353822E-16,-1.));
#11863 = ORIENTED_EDGE('',*,*,#11864,.F.);
#11864 = EDGE_CURVE('',#11534,#11857,#11865,.T.);
#11865 = LINE('',#11866,#11867);
#11866 = CARTESIAN_POINT('',(6.,-1.4,0.7995));
#11867 = VECTOR('',#11868,1.);
#11868 = DIRECTION('',(1.,1.249318835986E-16,3.08148791102E-33));
#11869 = ORIENTED_EDGE('',*,*,#11542,.T.);
#11870 = PLANE('',#11871);
#11871 = AXIS2_PLACEMENT_3D('',#11872,#11873,#11874);
#11872 = CARTESIAN_POINT('',(6.,-1.4,0.7995));
#11873 = DIRECTION('',(-1.249318835986E-16,1.,1.224606353822E-16));
#11874 = DIRECTION('',(-1.529923784499E-32,1.224606353822E-16,-1.));
#11875 = ADVANCED_FACE('',(#11876),#11894,.F.);
#11876 = FACE_BOUND('',#11877,.T.);
#11877 = EDGE_LOOP('',(#11878,#11886,#11892,#11893));
#11878 = ORIENTED_EDGE('',*,*,#11879,.T.);
#11879 = EDGE_CURVE('',#11857,#11880,#11882,.T.);
#11880 = VERTEX_POINT('',#11881);
#11881 = CARTESIAN_POINT('',(6.,-2.8,0.7995));
#11882 = LINE('',#11883,#11884);
#11883 = CARTESIAN_POINT('',(6.,-1.4,0.7995));
#11884 = VECTOR('',#11885,1.);
#11885 = DIRECTION('',(1.249318835986E-16,-1.,-1.224606353822E-16));
#11886 = ORIENTED_EDGE('',*,*,#11887,.T.);
#11887 = EDGE_CURVE('',#11880,#11524,#11888,.T.);
#11888 = LINE('',#11889,#11890);
#11889 = CARTESIAN_POINT('',(6.,-2.8,0.7995));
#11890 = VECTOR('',#11891,1.);
#11891 = DIRECTION('',(-1.,-3.160697966558E-15,-3.748433313021E-31));
#11892 = ORIENTED_EDGE('',*,*,#11533,.T.);
#11893 = ORIENTED_EDGE('',*,*,#11864,.T.);
#11894 = PLANE('',#11895);
#11895 = AXIS2_PLACEMENT_3D('',#11896,#11897,#11898);
#11896 = CARTESIAN_POINT('',(5.,-2.1,0.7995));
#11897 = DIRECTION('',(1.529923784499E-32,-1.224606353822E-16,1.));
#11898 = DIRECTION('',(-1.249318835986E-16,1.,1.224606353822E-16));
#11899 = ADVANCED_FACE('',(#11900),#11918,.F.);
#11900 = FACE_BOUND('',#11901,.T.);
#11901 = EDGE_LOOP('',(#11902,#11910,#11911,#11912));
#11902 = ORIENTED_EDGE('',*,*,#11903,.T.);
#11903 = EDGE_CURVE('',#11904,#11526,#11906,.T.);
#11904 = VERTEX_POINT('',#11905);
#11905 = CARTESIAN_POINT('',(6.,-2.8,0.5495));
#11906 = LINE('',#11907,#11908);
#11907 = CARTESIAN_POINT('',(6.,-2.8,0.5495));
#11908 = VECTOR('',#11909,1.);
#11909 = DIRECTION('',(-1.,-3.160697966558E-15,-3.748433313021E-31));
#11910 = ORIENTED_EDGE('',*,*,#11523,.F.);
#11911 = ORIENTED_EDGE('',*,*,#11887,.F.);
#11912 = ORIENTED_EDGE('',*,*,#11913,.T.);
#11913 = EDGE_CURVE('',#11880,#11904,#11914,.T.);
#11914 = LINE('',#11915,#11916);
#11915 = CARTESIAN_POINT('',(6.,-2.8,0.7995));
#11916 = VECTOR('',#11917,1.);
#11917 = DIRECTION('',(-1.529923784499E-32,1.224606353822E-16,-1.));
#11918 = PLANE('',#11919);
#11919 = AXIS2_PLACEMENT_3D('',#11920,#11921,#11922);
#11920 = CARTESIAN_POINT('',(6.,-2.8,0.7995));
#11921 = DIRECTION('',(3.160697966558E-15,-1.,-1.224606353822E-16));
#11922 = DIRECTION('',(-1.,-3.160697966558E-15,-3.748433313021E-31));
#11923 = ADVANCED_FACE('',(#11924),#11951,.T.);
#11924 = FACE_BOUND('',#11925,.T.);
#11925 = EDGE_LOOP('',(#11926,#11927,#11936,#11944));
#11926 = ORIENTED_EDGE('',*,*,#10699,.F.);
#11927 = ORIENTED_EDGE('',*,*,#11928,.T.);
#11928 = EDGE_CURVE('',#10692,#11929,#11931,.T.);
#11929 = VERTEX_POINT('',#11930);
#11930 = CARTESIAN_POINT('',(6.425,2.2,1.4995));
#11931 = CIRCLE('',#11932,0.65);
#11932 = AXIS2_PLACEMENT_3D('',#11933,#11934,#11935);
#11933 = CARTESIAN_POINT('',(6.425,2.2,0.8495));
#11934 = DIRECTION('',(1.249318835986E-16,-1.,0.));
#11935 = DIRECTION('',(0.,-0.,-1.));
#11936 = ORIENTED_EDGE('',*,*,#11937,.T.);
#11937 = EDGE_CURVE('',#11929,#11938,#11940,.T.);
#11938 = VERTEX_POINT('',#11939);
#11939 = CARTESIAN_POINT('',(6.425,1.75,1.4995));
#11940 = LINE('',#11941,#11942);
#11941 = CARTESIAN_POINT('',(6.425,9.,1.4995));
#11942 = VECTOR('',#11943,1.);
#11943 = DIRECTION('',(-6.781516928767E-17,-1.,-4.79182275962E-32));
#11944 = ORIENTED_EDGE('',*,*,#11945,.T.);
#11945 = EDGE_CURVE('',#11938,#10700,#11946,.T.);
#11946 = CIRCLE('',#11947,0.65);
#11947 = AXIS2_PLACEMENT_3D('',#11948,#11949,#11950);
#11948 = CARTESIAN_POINT('',(6.425,1.75,0.8495));
#11949 = DIRECTION('',(-1.249318835986E-16,1.,0.));
#11950 = DIRECTION('',(0.,0.,1.));
#11951 = CYLINDRICAL_SURFACE('',#11952,0.65);
#11952 = AXIS2_PLACEMENT_3D('',#11953,#11954,#11955);
#11953 = CARTESIAN_POINT('',(6.425,0.742648444739,0.8495));
#11954 = DIRECTION('',(6.781516928767E-17,1.,4.79182275962E-32));
#11955 = DIRECTION('',(-1.,6.781516928767E-17,1.820119065387E-48));
#11956 = ADVANCED_FACE('',(#11957),#11976,.T.);
#11957 = FACE_BOUND('',#11958,.T.);
#11958 = EDGE_LOOP('',(#11959,#11968,#11969,#11970));
#11959 = ORIENTED_EDGE('',*,*,#11960,.T.);
#11960 = EDGE_CURVE('',#11961,#10725,#11963,.T.);
#11961 = VERTEX_POINT('',#11962);
#11962 = CARTESIAN_POINT('',(6.425,1.75,1.3495));
#11963 = CIRCLE('',#11964,0.5);
#11964 = AXIS2_PLACEMENT_3D('',#11965,#11966,#11967);
#11965 = CARTESIAN_POINT('',(6.425,1.75,0.8495));
#11966 = DIRECTION('',(6.781516928767E-17,1.,4.79182275962E-32));
#11967 = DIRECTION('',(-1.,6.781516928767E-17,-2.975546761824E-48));
#11968 = ORIENTED_EDGE('',*,*,#10724,.F.);
#11969 = ORIENTED_EDGE('',*,*,#11945,.F.);
#11970 = ORIENTED_EDGE('',*,*,#11971,.T.);
#11971 = EDGE_CURVE('',#11938,#11961,#11972,.T.);
#11972 = LINE('',#11973,#11974);
#11973 = CARTESIAN_POINT('',(6.425,1.75,-66.7646926635));
#11974 = VECTOR('',#11975,1.);
#11975 = DIRECTION('',(2.486067977623E-16,1.296665286725E-31,-1.));
#11976 = PLANE('',#11977);
#11977 = AXIS2_PLACEMENT_3D('',#11978,#11979,#11980);
#11978 = CARTESIAN_POINT('',(6.425,1.75,0.8495));
#11979 = DIRECTION('',(1.249318835986E-16,-1.,-9.860761315263E-32));
#11980 = DIRECTION('',(2.486067977623E-16,1.296665286725E-31,-1.));
#11981 = ADVANCED_FACE('',(#11982),#12001,.F.);
#11982 = FACE_BOUND('',#11983,.F.);
#11983 = EDGE_LOOP('',(#11984,#11992,#11993,#11994));
#11984 = ORIENTED_EDGE('',*,*,#11985,.T.);
#11985 = EDGE_CURVE('',#11986,#11961,#11988,.T.);
#11986 = VERTEX_POINT('',#11987);
#11987 = CARTESIAN_POINT('',(6.425,2.287867965644,1.3495));
#11988 = LINE('',#11989,#11990);
#11989 = CARTESIAN_POINT('',(6.425,9.,1.3495));
#11990 = VECTOR('',#11991,1.);
#11991 = DIRECTION('',(-6.781516928767E-17,-1.,-4.79182275962E-32));
#11992 = ORIENTED_EDGE('',*,*,#11960,.T.);
#11993 = ORIENTED_EDGE('',*,*,#10752,.F.);
#11994 = ORIENTED_EDGE('',*,*,#11995,.T.);
#11995 = EDGE_CURVE('',#327,#11986,#11996,.T.);
#11996 = CIRCLE('',#11997,0.5);
#11997 = AXIS2_PLACEMENT_3D('',#11998,#11999,#12000);
#11998 = CARTESIAN_POINT('',(6.425,2.287867965644,0.8495));
#11999 = DIRECTION('',(1.249318835986E-16,-1.,0.));
#12000 = DIRECTION('',(0.,-0.,-1.));
#12001 = CYLINDRICAL_SURFACE('',#12002,0.5);
#12002 = AXIS2_PLACEMENT_3D('',#12003,#12004,#12005);
#12003 = CARTESIAN_POINT('',(6.425,0.742648444739,0.8495));
#12004 = DIRECTION('',(6.781516928767E-17,1.,4.79182275962E-32));
#12005 = DIRECTION('',(-1.,6.781516928767E-17,-2.975546761824E-48));
#12006 = ADVANCED_FACE('',(#12007),#12028,.F.);
#12007 = FACE_BOUND('',#12008,.F.);
#12008 = EDGE_LOOP('',(#12009,#12018,#12025,#12026,#12027));
#12009 = ORIENTED_EDGE('',*,*,#12010,.T.);
#12010 = EDGE_CURVE('',#10768,#12011,#12013,.T.);
#12011 = VERTEX_POINT('',#12012);
#12012 = CARTESIAN_POINT('',(6.425,2.712132034356,1.3495));
#12013 = CIRCLE('',#12014,0.5);
#12014 = AXIS2_PLACEMENT_3D('',#12015,#12016,#12017);
#12015 = CARTESIAN_POINT('',(6.425,2.712132034356,0.8495));
#12016 = DIRECTION('',(1.249318835986E-16,-1.,0.));
#12017 = DIRECTION('',(0.,-0.,-1.));
#12018 = ORIENTED_EDGE('',*,*,#12019,.T.);
#12019 = EDGE_CURVE('',#12011,#11986,#12020,.T.);
#12020 = CIRCLE('',#12021,0.225);
#12021 = AXIS2_PLACEMENT_3D('',#12022,#12023,#12024);
#12022 = CARTESIAN_POINT('',(6.425,2.5,1.2745));
#12023 = DIRECTION('',(1.,1.249318835986E-16,-3.365339220996E-15));
#12024 = DIRECTION('',(-1.249318835986E-16,1.,-6.018487578646E-31));
#12025 = ORIENTED_EDGE('',*,*,#11995,.F.);
#12026 = ORIENTED_EDGE('',*,*,#355,.F.);
#12027 = ORIENTED_EDGE('',*,*,#10775,.F.);
#12028 = TOROIDAL_SURFACE('',#12029,0.425,0.225);
#12029 = AXIS2_PLACEMENT_3D('',#12030,#12031,#12032);
#12030 = CARTESIAN_POINT('',(6.425,2.5,0.8495));
#12031 = DIRECTION('',(1.249318835986E-16,-1.,0.));
#12032 = DIRECTION('',(0.,-0.,-1.));
#12033 = ADVANCED_FACE('',(#12034),#12053,.F.);
#12034 = FACE_BOUND('',#12035,.F.);
#12035 = EDGE_LOOP('',(#12036,#12037,#12046,#12052));
#12036 = ORIENTED_EDGE('',*,*,#10794,.F.);
#12037 = ORIENTED_EDGE('',*,*,#12038,.T.);
#12038 = EDGE_CURVE('',#10795,#12039,#12041,.T.);
#12039 = VERTEX_POINT('',#12040);
#12040 = CARTESIAN_POINT('',(6.425,3.25,1.3495));
#12041 = CIRCLE('',#12042,0.5);
#12042 = AXIS2_PLACEMENT_3D('',#12043,#12044,#12045);
#12043 = CARTESIAN_POINT('',(6.425,3.25,0.8495));
#12044 = DIRECTION('',(-6.781516928767E-17,-1.,-4.79182275962E-32));
#12045 = DIRECTION('',(-1.,6.781516928767E-17,1.780567182276E-47));
#12046 = ORIENTED_EDGE('',*,*,#12047,.T.);
#12047 = EDGE_CURVE('',#12039,#12011,#12048,.T.);
#12048 = LINE('',#12049,#12050);
#12049 = CARTESIAN_POINT('',(6.425,9.,1.3495));
#12050 = VECTOR('',#12051,1.);
#12051 = DIRECTION('',(-6.781516928767E-17,-1.,-4.79182275962E-32));
#12052 = ORIENTED_EDGE('',*,*,#12010,.F.);
#12053 = CYLINDRICAL_SURFACE('',#12054,0.5);
#12054 = AXIS2_PLACEMENT_3D('',#12055,#12056,#12057);
#12055 = CARTESIAN_POINT('',(6.425,0.742648444739,0.8495));
#12056 = DIRECTION('',(6.781516928767E-17,1.,4.79182275962E-32));
#12057 = DIRECTION('',(-1.,6.781516928767E-17,-2.975546761824E-48));
#12058 = ADVANCED_FACE('',(#12059),#12078,.T.);
#12059 = FACE_BOUND('',#12060,.T.);
#12060 = EDGE_LOOP('',(#12061,#12062,#12063,#12071));
#12061 = ORIENTED_EDGE('',*,*,#10817,.T.);
#12062 = ORIENTED_EDGE('',*,*,#12038,.T.);
#12063 = ORIENTED_EDGE('',*,*,#12064,.F.);
#12064 = EDGE_CURVE('',#12065,#12039,#12067,.T.);
#12065 = VERTEX_POINT('',#12066);
#12066 = CARTESIAN_POINT('',(6.425,3.25,1.4995));
#12067 = LINE('',#12068,#12069);
#12068 = CARTESIAN_POINT('',(6.425,3.25,1.4995));
#12069 = VECTOR('',#12070,1.);
#12070 = DIRECTION('',(2.486067977623E-16,1.296665286725E-31,-1.));
#12071 = ORIENTED_EDGE('',*,*,#12072,.F.);
#12072 = EDGE_CURVE('',#10818,#12065,#12073,.T.);
#12073 = CIRCLE('',#12074,0.65);
#12074 = AXIS2_PLACEMENT_3D('',#12075,#12076,#12077);
#12075 = CARTESIAN_POINT('',(6.425,3.25,0.8495));
#12076 = DIRECTION('',(1.249318835986E-16,-1.,0.));
#12077 = DIRECTION('',(0.,-0.,-1.));
#12078 = PLANE('',#12079);
#12079 = AXIS2_PLACEMENT_3D('',#12080,#12081,#12082);
#12080 = CARTESIAN_POINT('',(6.425,3.25,0.8495));
#12081 = DIRECTION('',(-1.249318835986E-16,1.,9.860761315263E-32));
#12082 = DIRECTION('',(-2.486067977623E-16,-1.296665286725E-31,1.));
#12083 = ADVANCED_FACE('',(#12084),#12103,.T.);
#12084 = FACE_BOUND('',#12085,.T.);
#12085 = EDGE_LOOP('',(#12086,#12094,#12101,#12102));
#12086 = ORIENTED_EDGE('',*,*,#12087,.T.);
#12087 = EDGE_CURVE('',#12065,#12088,#12090,.T.);
#12088 = VERTEX_POINT('',#12089);
#12089 = CARTESIAN_POINT('',(6.425,2.8,1.4995));
#12090 = LINE('',#12091,#12092);
#12091 = CARTESIAN_POINT('',(6.425,9.,1.4995));
#12092 = VECTOR('',#12093,1.);
#12093 = DIRECTION('',(-6.781516928767E-17,-1.,-4.79182275962E-32));
#12094 = ORIENTED_EDGE('',*,*,#12095,.F.);
#12095 = EDGE_CURVE('',#274,#12088,#12096,.T.);
#12096 = CIRCLE('',#12097,0.65);
#12097 = AXIS2_PLACEMENT_3D('',#12098,#12099,#12100);
#12098 = CARTESIAN_POINT('',(6.425,2.8,0.8495));
#12099 = DIRECTION('',(1.249318835986E-16,-1.,0.));
#12100 = DIRECTION('',(0.,-0.,-1.));
#12101 = ORIENTED_EDGE('',*,*,#10845,.F.);
#12102 = ORIENTED_EDGE('',*,*,#12072,.T.);
#12103 = CYLINDRICAL_SURFACE('',#12104,0.65);
#12104 = AXIS2_PLACEMENT_3D('',#12105,#12106,#12107);
#12105 = CARTESIAN_POINT('',(6.425,0.742648444739,0.8495));
#12106 = DIRECTION('',(6.781516928767E-17,1.,4.79182275962E-32));
#12107 = DIRECTION('',(-1.,6.781516928767E-17,1.820119065387E-48));
#12108 = ADVANCED_FACE('',(#12109),#12122,.T.);
#12109 = FACE_BOUND('',#12110,.T.);
#12110 = EDGE_LOOP('',(#12111,#12112,#12113,#12120,#12121));
#12111 = ORIENTED_EDGE('',*,*,#273,.F.);
#12112 = ORIENTED_EDGE('',*,*,#12095,.T.);
#12113 = ORIENTED_EDGE('',*,*,#12114,.T.);
#12114 = EDGE_CURVE('',#12088,#11929,#12115,.T.);
#12115 = CIRCLE('',#12116,0.375);
#12116 = AXIS2_PLACEMENT_3D('',#12117,#12118,#12119);
#12117 = CARTESIAN_POINT('',(6.425,2.5,1.2745));
#12118 = DIRECTION('',(1.,1.249318835986E-16,-3.365339220996E-15));
#12119 = DIRECTION('',(1.249318835986E-16,-1.,6.018487578646E-31));
#12120 = ORIENTED_EDGE('',*,*,#11928,.F.);
#12121 = ORIENTED_EDGE('',*,*,#10861,.F.);
#12122 = TOROIDAL_SURFACE('',#12123,0.425,0.375);
#12123 = AXIS2_PLACEMENT_3D('',#12124,#12125,#12126);
#12124 = CARTESIAN_POINT('',(6.425,2.5,0.8495));
#12125 = DIRECTION('',(1.249318835986E-16,-1.,0.));
#12126 = DIRECTION('',(0.,-0.,-1.));
#12127 = ADVANCED_FACE('',(#12128),#12147,.F.);
#12128 = FACE_BOUND('',#12129,.F.);
#12129 = EDGE_LOOP('',(#12130,#12138,#12139,#12140));
#12130 = ORIENTED_EDGE('',*,*,#12131,.T.);
#12131 = EDGE_CURVE('',#12132,#11053,#12134,.T.);
#12132 = VERTEX_POINT('',#12133);
#12133 = CARTESIAN_POINT('',(-6.925,2.712132034356,1.3495));
#12134 = LINE('',#12135,#12136);
#12135 = CARTESIAN_POINT('',(-6.925,9.,1.3495));
#12136 = VECTOR('',#12137,1.);
#12137 = DIRECTION('',(-1.249318835986E-16,1.,0.));
#12138 = ORIENTED_EDGE('',*,*,#11052,.T.);
#12139 = ORIENTED_EDGE('',*,*,#10891,.F.);
#12140 = ORIENTED_EDGE('',*,*,#12141,.T.);
#12141 = EDGE_CURVE('',#10880,#12132,#12142,.T.);
#12142 = CIRCLE('',#12143,0.5);
#12143 = AXIS2_PLACEMENT_3D('',#12144,#12145,#12146);
#12144 = CARTESIAN_POINT('',(-6.925,2.712132034356,0.8495));
#12145 = DIRECTION('',(-1.249318835986E-16,1.,0.));
#12146 = DIRECTION('',(0.,0.,1.));
#12147 = CYLINDRICAL_SURFACE('',#12148,0.5);
#12148 = AXIS2_PLACEMENT_3D('',#12149,#12150,#12151);
#12149 = CARTESIAN_POINT('',(-6.925,4.257351555261,0.8495));
#12150 = DIRECTION('',(1.249318835986E-16,-1.,0.));
#12151 = DIRECTION('',(0.,-0.,-1.));
#12152 = ADVANCED_FACE('',(#12153),#12172,.F.);
#12153 = FACE_BOUND('',#12154,.F.);
#12154 = EDGE_LOOP('',(#12155,#12162,#12163,#12170,#12171));
#12155 = ORIENTED_EDGE('',*,*,#12156,.T.);
#12156 = EDGE_CURVE('',#10906,#232,#12157,.T.);
#12157 = CIRCLE('',#12158,0.5);
#12158 = AXIS2_PLACEMENT_3D('',#12159,#12160,#12161);
#12159 = CARTESIAN_POINT('',(-6.925,2.287867965644,0.8495));
#12160 = DIRECTION('',(-1.249318835986E-16,1.,0.));
#12161 = DIRECTION('',(0.,0.,1.));
#12162 = ORIENTED_EDGE('',*,*,#258,.T.);
#12163 = ORIENTED_EDGE('',*,*,#12164,.T.);
#12164 = EDGE_CURVE('',#251,#12132,#12165,.T.);
#12165 = CIRCLE('',#12166,0.225);
#12166 = AXIS2_PLACEMENT_3D('',#12167,#12168,#12169);
#12167 = CARTESIAN_POINT('',(-6.925,2.5,1.2745));
#12168 = DIRECTION('',(-1.,-1.249318835986E-16,1.723168465136E-14));
#12169 = DIRECTION('',(-1.249318835986E-16,1.,-3.081670917045E-30));
#12170 = ORIENTED_EDGE('',*,*,#12141,.F.);
#12171 = ORIENTED_EDGE('',*,*,#10905,.F.);
#12172 = TOROIDAL_SURFACE('',#12173,0.425,0.225);
#12173 = AXIS2_PLACEMENT_3D('',#12174,#12175,#12176);
#12174 = CARTESIAN_POINT('',(-6.925,2.5,0.8495));
#12175 = DIRECTION('',(-1.249318835986E-16,1.,0.));
#12176 = DIRECTION('',(0.,0.,1.));
#12177 = ADVANCED_FACE('',(#12178),#12197,.F.);
#12178 = FACE_BOUND('',#12179,.F.);
#12179 = EDGE_LOOP('',(#12180,#12181,#12190,#12196));
#12180 = ORIENTED_EDGE('',*,*,#10933,.F.);
#12181 = ORIENTED_EDGE('',*,*,#12182,.T.);
#12182 = EDGE_CURVE('',#10934,#12183,#12185,.T.);
#12183 = VERTEX_POINT('',#12184);
#12184 = CARTESIAN_POINT('',(-6.925,1.75,1.3495));
#12185 = CIRCLE('',#12186,0.5);
#12186 = AXIS2_PLACEMENT_3D('',#12187,#12188,#12189);
#12187 = CARTESIAN_POINT('',(-6.925,1.75,0.8495));
#12188 = DIRECTION('',(-1.249318835986E-16,1.,-0.));
#12189 = DIRECTION('',(0.,-0.,-1.));
#12190 = ORIENTED_EDGE('',*,*,#12191,.T.);
#12191 = EDGE_CURVE('',#12183,#232,#12192,.T.);
#12192 = LINE('',#12193,#12194);
#12193 = CARTESIAN_POINT('',(-6.925,9.,1.3495));
#12194 = VECTOR('',#12195,1.);
#12195 = DIRECTION('',(-1.249318835986E-16,1.,0.));
#12196 = ORIENTED_EDGE('',*,*,#12156,.F.);
#12197 = CYLINDRICAL_SURFACE('',#12198,0.5);
#12198 = AXIS2_PLACEMENT_3D('',#12199,#12200,#12201);
#12199 = CARTESIAN_POINT('',(-6.925,4.257351555261,0.8495));
#12200 = DIRECTION('',(1.249318835986E-16,-1.,0.));
#12201 = DIRECTION('',(0.,-0.,-1.));
#12202 = ADVANCED_FACE('',(#12203),#12222,.T.);
#12203 = FACE_BOUND('',#12204,.T.);
#12204 = EDGE_LOOP('',(#12205,#12206,#12207,#12215));
#12205 = ORIENTED_EDGE('',*,*,#10956,.T.);
#12206 = ORIENTED_EDGE('',*,*,#12182,.T.);
#12207 = ORIENTED_EDGE('',*,*,#12208,.F.);
#12208 = EDGE_CURVE('',#12209,#12183,#12211,.T.);
#12209 = VERTEX_POINT('',#12210);
#12210 = CARTESIAN_POINT('',(-6.925,1.75,1.4995));
#12211 = LINE('',#12212,#12213);
#12212 = CARTESIAN_POINT('',(-6.925,1.75,1.4995));
#12213 = VECTOR('',#12214,1.);
#12214 = DIRECTION('',(2.486067977623E-16,1.296665286725E-31,-1.));
#12215 = ORIENTED_EDGE('',*,*,#12216,.F.);
#12216 = EDGE_CURVE('',#10957,#12209,#12217,.T.);
#12217 = CIRCLE('',#12218,0.65);
#12218 = AXIS2_PLACEMENT_3D('',#12219,#12220,#12221);
#12219 = CARTESIAN_POINT('',(-6.925,1.75,0.8495));
#12220 = DIRECTION('',(-1.249318835986E-16,1.,0.));
#12221 = DIRECTION('',(0.,0.,1.));
#12222 = PLANE('',#12223);
#12223 = AXIS2_PLACEMENT_3D('',#12224,#12225,#12226);
#12224 = CARTESIAN_POINT('',(-6.925,1.75,0.8495));
#12225 = DIRECTION('',(1.249318835986E-16,-1.,-9.860761315263E-32));
#12226 = DIRECTION('',(2.486067977623E-16,1.296665286725E-31,-1.));
#12227 = ADVANCED_FACE('',(#12228),#12247,.T.);
#12228 = FACE_BOUND('',#12229,.T.);
#12229 = EDGE_LOOP('',(#12230,#12238,#12245,#12246));
#12230 = ORIENTED_EDGE('',*,*,#12231,.T.);
#12231 = EDGE_CURVE('',#12209,#12232,#12234,.T.);
#12232 = VERTEX_POINT('',#12233);
#12233 = CARTESIAN_POINT('',(-6.925,2.2,1.4995));
#12234 = LINE('',#12235,#12236);
#12235 = CARTESIAN_POINT('',(-6.925,9.,1.4995));
#12236 = VECTOR('',#12237,1.);
#12237 = DIRECTION('',(-1.249318835986E-16,1.,0.));
#12238 = ORIENTED_EDGE('',*,*,#12239,.F.);
#12239 = EDGE_CURVE('',#10985,#12232,#12240,.T.);
#12240 = CIRCLE('',#12241,0.65);
#12241 = AXIS2_PLACEMENT_3D('',#12242,#12243,#12244);
#12242 = CARTESIAN_POINT('',(-6.925,2.2,0.8495));
#12243 = DIRECTION('',(-1.249318835986E-16,1.,0.));
#12244 = DIRECTION('',(0.,0.,1.));
#12245 = ORIENTED_EDGE('',*,*,#10984,.F.);
#12246 = ORIENTED_EDGE('',*,*,#12216,.T.);
#12247 = CYLINDRICAL_SURFACE('',#12248,0.65);
#12248 = AXIS2_PLACEMENT_3D('',#12249,#12250,#12251);
#12249 = CARTESIAN_POINT('',(-6.925,4.257351555261,0.8495));
#12250 = DIRECTION('',(1.249318835986E-16,-1.,0.));
#12251 = DIRECTION('',(0.,-0.,-1.));
#12252 = ADVANCED_FACE('',(#12253),#12272,.T.);
#12253 = FACE_BOUND('',#12254,.T.);
#12254 = EDGE_LOOP('',(#12255,#12256,#12257,#12264,#12265));
#12255 = ORIENTED_EDGE('',*,*,#11010,.F.);
#12256 = ORIENTED_EDGE('',*,*,#12239,.T.);
#12257 = ORIENTED_EDGE('',*,*,#12258,.T.);
#12258 = EDGE_CURVE('',#12232,#190,#12259,.T.);
#12259 = CIRCLE('',#12260,0.375);
#12260 = AXIS2_PLACEMENT_3D('',#12261,#12262,#12263);
#12261 = CARTESIAN_POINT('',(-6.925,2.5,1.2745));
#12262 = DIRECTION('',(-1.,-1.249318835986E-16,1.367897097256E-14));
#12263 = DIRECTION('',(-1.249318835986E-16,1.,-2.446312584876E-30));
#12264 = ORIENTED_EDGE('',*,*,#189,.T.);
#12265 = ORIENTED_EDGE('',*,*,#12266,.F.);
#12266 = EDGE_CURVE('',#11011,#192,#12267,.T.);
#12267 = CIRCLE('',#12268,0.65);
#12268 = AXIS2_PLACEMENT_3D('',#12269,#12270,#12271);
#12269 = CARTESIAN_POINT('',(-6.925,2.8,0.8495));
#12270 = DIRECTION('',(-1.249318835986E-16,1.,0.));
#12271 = DIRECTION('',(0.,0.,1.));
#12272 = TOROIDAL_SURFACE('',#12273,0.425,0.375);
#12273 = AXIS2_PLACEMENT_3D('',#12274,#12275,#12276);
#12274 = CARTESIAN_POINT('',(-6.925,2.5,0.8495));
#12275 = DIRECTION('',(-1.249318835986E-16,1.,0.));
#12276 = DIRECTION('',(0.,0.,1.));
#12277 = ADVANCED_FACE('',(#12278),#12289,.T.);
#12278 = FACE_BOUND('',#12279,.T.);
#12279 = EDGE_LOOP('',(#12280,#12281,#12282,#12288));
#12280 = ORIENTED_EDGE('',*,*,#11035,.F.);
#12281 = ORIENTED_EDGE('',*,*,#12266,.T.);
#12282 = ORIENTED_EDGE('',*,*,#12283,.T.);
#12283 = EDGE_CURVE('',#192,#11063,#12284,.T.);
#12284 = LINE('',#12285,#12286);
#12285 = CARTESIAN_POINT('',(-6.925,9.,1.4995));
#12286 = VECTOR('',#12287,1.);
#12287 = DIRECTION('',(-1.249318835986E-16,1.,0.));
#12288 = ORIENTED_EDGE('',*,*,#11062,.T.);
#12289 = CYLINDRICAL_SURFACE('',#12290,0.65);
#12290 = AXIS2_PLACEMENT_3D('',#12291,#12292,#12293);
#12291 = CARTESIAN_POINT('',(-6.925,4.257351555261,0.8495));
#12292 = DIRECTION('',(1.249318835986E-16,-1.,0.));
#12293 = DIRECTION('',(0.,-0.,-1.));
#12294 = ADVANCED_FACE('',(#12295),#12320,.F.);
#12295 = FACE_BOUND('',#12296,.T.);
#12296 = EDGE_LOOP('',(#12297,#12305,#12306,#12314));
#12297 = ORIENTED_EDGE('',*,*,#12298,.T.);
#12298 = EDGE_CURVE('',#12299,#11053,#12301,.T.);
#12299 = VERTEX_POINT('',#12300);
#12300 = CARTESIAN_POINT('',(-6.675,3.25,1.3495));
#12301 = LINE('',#12302,#12303);
#12302 = CARTESIAN_POINT('',(-6.675,3.25,1.3495));
#12303 = VECTOR('',#12304,1.);
#12304 = DIRECTION('',(-1.,-1.937329545067E-15,-2.486067977623E-16));
#12305 = ORIENTED_EDGE('',*,*,#11071,.T.);
#12306 = ORIENTED_EDGE('',*,*,#12307,.F.);
#12307 = EDGE_CURVE('',#12308,#11063,#12310,.T.);
#12308 = VERTEX_POINT('',#12309);
#12309 = CARTESIAN_POINT('',(-6.675,3.25,1.4995));
#12310 = LINE('',#12311,#12312);
#12311 = CARTESIAN_POINT('',(-6.675,3.25,1.4995));
#12312 = VECTOR('',#12313,1.);
#12313 = DIRECTION('',(-1.,-1.937329545067E-15,-2.486067977623E-16));
#12314 = ORIENTED_EDGE('',*,*,#12315,.T.);
#12315 = EDGE_CURVE('',#12308,#12299,#12316,.T.);
#12316 = LINE('',#12317,#12318);
#12317 = CARTESIAN_POINT('',(-6.675,3.25,1.4995));
#12318 = VECTOR('',#12319,1.);
#12319 = DIRECTION('',(2.486067977623E-16,1.296665286725E-31,-1.));
#12320 = PLANE('',#12321);
#12321 = AXIS2_PLACEMENT_3D('',#12322,#12323,#12324);
#12322 = CARTESIAN_POINT('',(-6.675,3.25,1.4995));
#12323 = DIRECTION('',(1.937329545067E-15,-1.,4.505743788896E-31));
#12324 = DIRECTION('',(1.,1.937329545067E-15,2.486067977623E-16));
#12325 = ADVANCED_FACE('',(#12326),#12353,.F.);
#12326 = FACE_BOUND('',#12327,.F.);
#12327 = EDGE_LOOP('',(#12328,#12329,#12338,#12346));
#12328 = ORIENTED_EDGE('',*,*,#12315,.T.);
#12329 = ORIENTED_EDGE('',*,*,#12330,.F.);
#12330 = EDGE_CURVE('',#12331,#12299,#12333,.T.);
#12331 = VERTEX_POINT('',#12332);
#12332 = CARTESIAN_POINT('',(-6.6,3.992423461417,1.3495));
#12333 = CIRCLE('',#12334,0.375);
#12334 = AXIS2_PLACEMENT_3D('',#12335,#12336,#12337);
#12335 = CARTESIAN_POINT('',(-6.675,3.625,1.3495));
#12336 = DIRECTION('',(2.486067977623E-16,1.296665286725E-31,-1.));
#12337 = DIRECTION('',(3.037693553488E-16,-1.,-5.41474019809E-32));
#12338 = ORIENTED_EDGE('',*,*,#12339,.T.);
#12339 = EDGE_CURVE('',#12331,#12340,#12342,.T.);
#12340 = VERTEX_POINT('',#12341);
#12341 = CARTESIAN_POINT('',(-6.6,3.992423461417,1.4995));
#12342 = LINE('',#12343,#12344);
#12343 = CARTESIAN_POINT('',(-6.6,3.992423461417,-6.322292112093));
#12344 = VECTOR('',#12345,1.);
#12345 = DIRECTION('',(-2.486067977623E-16,-1.296665286725E-31,1.));
#12346 = ORIENTED_EDGE('',*,*,#12347,.T.);
#12347 = EDGE_CURVE('',#12340,#12308,#12348,.T.);
#12348 = CIRCLE('',#12349,0.375);
#12349 = AXIS2_PLACEMENT_3D('',#12350,#12351,#12352);
#12350 = CARTESIAN_POINT('',(-6.675,3.625,1.4995));
#12351 = DIRECTION('',(2.486067977623E-16,1.296665286725E-31,-1.));
#12352 = DIRECTION('',(3.037693553488E-16,-1.,-5.41474019809E-32));
#12353 = CYLINDRICAL_SURFACE('',#12354,0.375);
#12354 = AXIS2_PLACEMENT_3D('',#12355,#12356,#12357);
#12355 = CARTESIAN_POINT('',(-6.675,3.625,1.4995));
#12356 = DIRECTION('',(2.486067977623E-16,1.296665286725E-31,-1.));
#12357 = DIRECTION('',(-3.037693553488E-16,1.,5.41474019809E-32));
#12358 = ADVANCED_FACE('',(#12359),#12384,.F.);
#12359 = FACE_BOUND('',#12360,.T.);
#12360 = EDGE_LOOP('',(#12361,#12362,#12370,#12378));
#12361 = ORIENTED_EDGE('',*,*,#12339,.T.);
#12362 = ORIENTED_EDGE('',*,*,#12363,.T.);
#12363 = EDGE_CURVE('',#12340,#12364,#12366,.T.);
#12364 = VERTEX_POINT('',#12365);
#12365 = CARTESIAN_POINT('',(-6.6,4.6,1.4995));
#12366 = LINE('',#12367,#12368);
#12367 = CARTESIAN_POINT('',(-6.6,3.992423461417,1.4995));
#12368 = VECTOR('',#12369,1.);
#12369 = DIRECTION('',(-1.249318835986E-16,1.,0.));
#12370 = ORIENTED_EDGE('',*,*,#12371,.F.);
#12371 = EDGE_CURVE('',#12372,#12364,#12374,.T.);
#12372 = VERTEX_POINT('',#12373);
#12373 = CARTESIAN_POINT('',(-6.6,4.6,1.3495));
#12374 = LINE('',#12375,#12376);
#12375 = CARTESIAN_POINT('',(-6.6,4.6,-6.322292112093));
#12376 = VECTOR('',#12377,1.);
#12377 = DIRECTION('',(-2.486067977623E-16,-1.296665286725E-31,1.));
#12378 = ORIENTED_EDGE('',*,*,#12379,.F.);
#12379 = EDGE_CURVE('',#12331,#12372,#12380,.T.);
#12380 = LINE('',#12381,#12382);
#12381 = CARTESIAN_POINT('',(-6.6,9.,1.3495));
#12382 = VECTOR('',#12383,1.);
#12383 = DIRECTION('',(-1.249318835986E-16,1.,0.));
#12384 = PLANE('',#12385);
#12385 = AXIS2_PLACEMENT_3D('',#12386,#12387,#12388);
#12386 = CARTESIAN_POINT('',(-6.6,3.992423461417,-6.322292112093));
#12387 = DIRECTION('',(1.,1.249318835986E-16,2.486067977623E-16));
#12388 = DIRECTION('',(-2.486067977623E-16,-1.296665286725E-31,1.));
#12389 = ADVANCED_FACE('',(#12390),#12417,.F.);
#12390 = FACE_BOUND('',#12391,.F.);
#12391 = EDGE_LOOP('',(#12392,#12399,#12400,#12409,#12416));
#12392 = ORIENTED_EDGE('',*,*,#12393,.T.);
#12393 = EDGE_CURVE('',#11086,#148,#12394,.T.);
#12394 = CIRCLE('',#12395,0.5);
#12395 = AXIS2_PLACEMENT_3D('',#12396,#12397,#12398);
#12396 = CARTESIAN_POINT('',(-6.925,-2.712132034356,0.8495));
#12397 = DIRECTION('',(-1.249318835986E-16,1.,0.));
#12398 = DIRECTION('',(0.,0.,1.));
#12399 = ORIENTED_EDGE('',*,*,#174,.F.);
#12400 = ORIENTED_EDGE('',*,*,#12401,.F.);
#12401 = EDGE_CURVE('',#12402,#167,#12404,.T.);
#12402 = VERTEX_POINT('',#12403);
#12403 = CARTESIAN_POINT('',(-6.925,-2.287867965644,1.3495));
#12404 = CIRCLE('',#12405,0.225);
#12405 = AXIS2_PLACEMENT_3D('',#12406,#12407,#12408);
#12406 = CARTESIAN_POINT('',(-6.925,-2.5,1.2745));
#12407 = DIRECTION('',(1.,1.249318835986E-16,-1.723168465136E-14));
#12408 = DIRECTION('',(1.249318835986E-16,-1.,3.081670917045E-30));
#12409 = ORIENTED_EDGE('',*,*,#12410,.F.);
#12410 = EDGE_CURVE('',#11094,#12402,#12411,.T.);
#12411 = CIRCLE('',#12412,0.5);
#12412 = AXIS2_PLACEMENT_3D('',#12413,#12414,#12415);
#12413 = CARTESIAN_POINT('',(-6.925,-2.287867965644,0.8495));
#12414 = DIRECTION('',(-1.249318835986E-16,1.,0.));
#12415 = DIRECTION('',(0.,0.,1.));
#12416 = ORIENTED_EDGE('',*,*,#11093,.T.);
#12417 = TOROIDAL_SURFACE('',#12418,0.425,0.225);
#12418 = AXIS2_PLACEMENT_3D('',#12419,#12420,#12421);
#12419 = CARTESIAN_POINT('',(-6.925,-2.5,0.8495));
#12420 = DIRECTION('',(-1.249318835986E-16,1.,-0.));
#12421 = DIRECTION('',(0.,0.,1.));
#12422 = ADVANCED_FACE('',(#12423),#12434,.F.);
#12423 = FACE_BOUND('',#12424,.F.);
#12424 = EDGE_LOOP('',(#12425,#12426,#12432,#12433));
#12425 = ORIENTED_EDGE('',*,*,#11137,.T.);
#12426 = ORIENTED_EDGE('',*,*,#12427,.T.);
#12427 = EDGE_CURVE('',#11138,#148,#12428,.T.);
#12428 = LINE('',#12429,#12430);
#12429 = CARTESIAN_POINT('',(-6.925,9.,1.3495));
#12430 = VECTOR('',#12431,1.);
#12431 = DIRECTION('',(-1.249318835986E-16,1.,0.));
#12432 = ORIENTED_EDGE('',*,*,#12393,.F.);
#12433 = ORIENTED_EDGE('',*,*,#11120,.F.);
#12434 = CYLINDRICAL_SURFACE('',#12435,0.5);
#12435 = AXIS2_PLACEMENT_3D('',#12436,#12437,#12438);
#12436 = CARTESIAN_POINT('',(-6.925,-0.742648444739,0.8495));
#12437 = DIRECTION('',(1.249318835986E-16,-1.,0.));
#12438 = DIRECTION('',(0.,-0.,-1.));
#12439 = ADVANCED_FACE('',(#12440),#12474,.F.);
#12440 = FACE_BOUND('',#12441,.T.);
#12441 = EDGE_LOOP('',(#12442,#12452,#12460,#12468));
#12442 = ORIENTED_EDGE('',*,*,#12443,.T.);
#12443 = EDGE_CURVE('',#12444,#12446,#12448,.T.);
#12444 = VERTEX_POINT('',#12445);
#12445 = CARTESIAN_POINT('',(-6.6,-4.6,1.3495));
#12446 = VERTEX_POINT('',#12447);
#12447 = CARTESIAN_POINT('',(-6.6,-4.6,1.4995));
#12448 = LINE('',#12449,#12450);
#12449 = CARTESIAN_POINT('',(-6.6,-4.6,-6.322292112093));
#12450 = VECTOR('',#12451,1.);
#12451 = DIRECTION('',(-2.486067977623E-16,-1.296665286725E-31,1.));
#12452 = ORIENTED_EDGE('',*,*,#12453,.T.);
#12453 = EDGE_CURVE('',#12446,#12454,#12456,.T.);
#12454 = VERTEX_POINT('',#12455);
#12455 = CARTESIAN_POINT('',(-6.6,-3.992423461417,1.4995));
#12456 = LINE('',#12457,#12458);
#12457 = CARTESIAN_POINT('',(-6.6,-4.6,1.4995));
#12458 = VECTOR('',#12459,1.);
#12459 = DIRECTION('',(-1.249318835986E-16,1.,0.));
#12460 = ORIENTED_EDGE('',*,*,#12461,.F.);
#12461 = EDGE_CURVE('',#12462,#12454,#12464,.T.);
#12462 = VERTEX_POINT('',#12463);
#12463 = CARTESIAN_POINT('',(-6.6,-3.992423461417,1.3495));
#12464 = LINE('',#12465,#12466);
#12465 = CARTESIAN_POINT('',(-6.6,-3.992423461417,-6.322292112093));
#12466 = VECTOR('',#12467,1.);
#12467 = DIRECTION('',(-2.486067977623E-16,-1.296665286725E-31,1.));
#12468 = ORIENTED_EDGE('',*,*,#12469,.F.);
#12469 = EDGE_CURVE('',#12444,#12462,#12470,.T.);
#12470 = LINE('',#12471,#12472);
#12471 = CARTESIAN_POINT('',(-6.6,9.,1.3495));
#12472 = VECTOR('',#12473,1.);
#12473 = DIRECTION('',(-1.249318835986E-16,1.,0.));
#12474 = PLANE('',#12475);
#12475 = AXIS2_PLACEMENT_3D('',#12476,#12477,#12478);
#12476 = CARTESIAN_POINT('',(-6.6,-4.6,-6.322292112093));
#12477 = DIRECTION('',(1.,1.249318835986E-16,2.486067977623E-16));
#12478 = DIRECTION('',(-2.486067977623E-16,-1.296665286725E-31,1.));
#12479 = ADVANCED_FACE('',(#12480),#12507,.F.);
#12480 = FACE_BOUND('',#12481,.F.);
#12481 = EDGE_LOOP('',(#12482,#12492,#12499,#12500));
#12482 = ORIENTED_EDGE('',*,*,#12483,.F.);
#12483 = EDGE_CURVE('',#12484,#12486,#12488,.T.);
#12484 = VERTEX_POINT('',#12485);
#12485 = CARTESIAN_POINT('',(-6.675,-3.25,1.4995));
#12486 = VERTEX_POINT('',#12487);
#12487 = CARTESIAN_POINT('',(-6.675,-3.25,1.3495));
#12488 = LINE('',#12489,#12490);
#12489 = CARTESIAN_POINT('',(-6.675,-3.25,1.4995));
#12490 = VECTOR('',#12491,1.);
#12491 = DIRECTION('',(2.486067977623E-16,1.296665286725E-31,-1.));
#12492 = ORIENTED_EDGE('',*,*,#12493,.T.);
#12493 = EDGE_CURVE('',#12484,#12454,#12494,.T.);
#12494 = CIRCLE('',#12495,0.375);
#12495 = AXIS2_PLACEMENT_3D('',#12496,#12497,#12498);
#12496 = CARTESIAN_POINT('',(-6.675,-3.625,1.4995));
#12497 = DIRECTION('',(2.486067977623E-16,1.296665286725E-31,-1.));
#12498 = DIRECTION('',(-3.037693553488E-16,1.,5.41474019809E-32));
#12499 = ORIENTED_EDGE('',*,*,#12461,.F.);
#12500 = ORIENTED_EDGE('',*,*,#12501,.F.);
#12501 = EDGE_CURVE('',#12486,#12462,#12502,.T.);
#12502 = CIRCLE('',#12503,0.375);
#12503 = AXIS2_PLACEMENT_3D('',#12504,#12505,#12506);
#12504 = CARTESIAN_POINT('',(-6.675,-3.625,1.3495));
#12505 = DIRECTION('',(2.486067977623E-16,1.296665286725E-31,-1.));
#12506 = DIRECTION('',(-3.037693553488E-16,1.,5.41474019809E-32));
#12507 = CYLINDRICAL_SURFACE('',#12508,0.375);
#12508 = AXIS2_PLACEMENT_3D('',#12509,#12510,#12511);
#12509 = CARTESIAN_POINT('',(-6.675,-3.625,1.4995));
#12510 = DIRECTION('',(2.486067977623E-16,1.296665286725E-31,-1.));
#12511 = DIRECTION('',(-3.037693553488E-16,1.,5.41474019809E-32));
#12512 = ADVANCED_FACE('',(#12513),#12529,.F.);
#12513 = FACE_BOUND('',#12514,.T.);
#12514 = EDGE_LOOP('',(#12515,#12521,#12522,#12528));
#12515 = ORIENTED_EDGE('',*,*,#12516,.F.);
#12516 = EDGE_CURVE('',#11147,#12484,#12517,.T.);
#12517 = LINE('',#12518,#12519);
#12518 = CARTESIAN_POINT('',(-8.35,-3.25,1.4995));
#12519 = VECTOR('',#12520,1.);
#12520 = DIRECTION('',(1.,-2.464207632785E-15,2.486067977623E-16));
#12521 = ORIENTED_EDGE('',*,*,#11146,.T.);
#12522 = ORIENTED_EDGE('',*,*,#12523,.T.);
#12523 = EDGE_CURVE('',#11138,#12486,#12524,.T.);
#12524 = LINE('',#12525,#12526);
#12525 = CARTESIAN_POINT('',(-8.35,-3.25,1.3495));
#12526 = VECTOR('',#12527,1.);
#12527 = DIRECTION('',(1.,-2.464207632785E-15,2.486067977623E-16));
#12528 = ORIENTED_EDGE('',*,*,#12483,.F.);
#12529 = PLANE('',#12530);
#12530 = AXIS2_PLACEMENT_3D('',#12531,#12532,#12533);
#12531 = CARTESIAN_POINT('',(-8.35,-3.25,1.4995));
#12532 = DIRECTION('',(2.464207632785E-15,1.,6.43677684128E-31));
#12533 = DIRECTION('',(-1.,2.464207632785E-15,-2.486067977623E-16));
#12534 = ADVANCED_FACE('',(#12535),#12554,.T.);
#12535 = FACE_BOUND('',#12536,.T.);
#12536 = EDGE_LOOP('',(#12537,#12546,#12547,#12548));
#12537 = ORIENTED_EDGE('',*,*,#12538,.F.);
#12538 = EDGE_CURVE('',#11174,#12539,#12541,.T.);
#12539 = VERTEX_POINT('',#12540);
#12540 = CARTESIAN_POINT('',(-6.925,-2.8,1.4995));
#12541 = CIRCLE('',#12542,0.65);
#12542 = AXIS2_PLACEMENT_3D('',#12543,#12544,#12545);
#12543 = CARTESIAN_POINT('',(-6.925,-2.8,0.8495));
#12544 = DIRECTION('',(-1.249318835986E-16,1.,0.));
#12545 = DIRECTION('',(0.,0.,1.));
#12546 = ORIENTED_EDGE('',*,*,#11173,.F.);
#12547 = ORIENTED_EDGE('',*,*,#11154,.T.);
#12548 = ORIENTED_EDGE('',*,*,#12549,.T.);
#12549 = EDGE_CURVE('',#11147,#12539,#12550,.T.);
#12550 = LINE('',#12551,#12552);
#12551 = CARTESIAN_POINT('',(-6.925,9.,1.4995));
#12552 = VECTOR('',#12553,1.);
#12553 = DIRECTION('',(-1.249318835986E-16,1.,0.));
#12554 = CYLINDRICAL_SURFACE('',#12555,0.65);
#12555 = AXIS2_PLACEMENT_3D('',#12556,#12557,#12558);
#12556 = CARTESIAN_POINT('',(-6.925,-0.742648444739,0.8495));
#12557 = DIRECTION('',(1.249318835986E-16,-1.,0.));
#12558 = DIRECTION('',(0.,-0.,-1.));
#12559 = ADVANCED_FACE('',(#12560),#12579,.T.);
#12560 = FACE_BOUND('',#12561,.T.);
#12561 = EDGE_LOOP('',(#12562,#12563,#12564,#12571,#12572));
#12562 = ORIENTED_EDGE('',*,*,#11198,.T.);
#12563 = ORIENTED_EDGE('',*,*,#12538,.T.);
#12564 = ORIENTED_EDGE('',*,*,#12565,.F.);
#12565 = EDGE_CURVE('',#108,#12539,#12566,.T.);
#12566 = CIRCLE('',#12567,0.375);
#12567 = AXIS2_PLACEMENT_3D('',#12568,#12569,#12570);
#12568 = CARTESIAN_POINT('',(-6.925,-2.5,1.2745));
#12569 = DIRECTION('',(1.,1.249318835986E-16,-1.367897097256E-14));
#12570 = DIRECTION('',(1.249318835986E-16,-1.,2.446312584876E-30));
#12571 = ORIENTED_EDGE('',*,*,#105,.F.);
#12572 = ORIENTED_EDGE('',*,*,#12573,.F.);
#12573 = EDGE_CURVE('',#11199,#106,#12574,.T.);
#12574 = CIRCLE('',#12575,0.65);
#12575 = AXIS2_PLACEMENT_3D('',#12576,#12577,#12578);
#12576 = CARTESIAN_POINT('',(-6.925,-2.2,0.8495));
#12577 = DIRECTION('',(-1.249318835986E-16,1.,0.));
#12578 = DIRECTION('',(0.,0.,1.));
#12579 = TOROIDAL_SURFACE('',#12580,0.425,0.375);
#12580 = AXIS2_PLACEMENT_3D('',#12581,#12582,#12583);
#12581 = CARTESIAN_POINT('',(-6.925,-2.5,0.8495));
#12582 = DIRECTION('',(-1.249318835986E-16,1.,-0.));
#12583 = DIRECTION('',(0.,0.,1.));
#12584 = ADVANCED_FACE('',(#12585),#12604,.T.);
#12585 = FACE_BOUND('',#12586,.T.);
#12586 = EDGE_LOOP('',(#12587,#12588,#12596,#12603));
#12587 = ORIENTED_EDGE('',*,*,#12573,.T.);
#12588 = ORIENTED_EDGE('',*,*,#12589,.T.);
#12589 = EDGE_CURVE('',#106,#12590,#12592,.T.);
#12590 = VERTEX_POINT('',#12591);
#12591 = CARTESIAN_POINT('',(-6.925,-1.75,1.4995));
#12592 = LINE('',#12593,#12594);
#12593 = CARTESIAN_POINT('',(-6.925,9.,1.4995));
#12594 = VECTOR('',#12595,1.);
#12595 = DIRECTION('',(-1.249318835986E-16,1.,0.));
#12596 = ORIENTED_EDGE('',*,*,#12597,.T.);
#12597 = EDGE_CURVE('',#12590,#11225,#12598,.T.);
#12598 = CIRCLE('',#12599,0.65);
#12599 = AXIS2_PLACEMENT_3D('',#12600,#12601,#12602);
#12600 = CARTESIAN_POINT('',(-6.925,-1.75,0.8495));
#12601 = DIRECTION('',(1.249318835986E-16,-1.,0.));
#12602 = DIRECTION('',(0.,-0.,-1.));
#12603 = ORIENTED_EDGE('',*,*,#11224,.F.);
#12604 = CYLINDRICAL_SURFACE('',#12605,0.65);
#12605 = AXIS2_PLACEMENT_3D('',#12606,#12607,#12608);
#12606 = CARTESIAN_POINT('',(-6.925,-0.742648444739,0.8495));
#12607 = DIRECTION('',(1.249318835986E-16,-1.,0.));
#12608 = DIRECTION('',(0.,-0.,-1.));
#12609 = ADVANCED_FACE('',(#12610),#12629,.T.);
#12610 = FACE_BOUND('',#12611,.T.);
#12611 = EDGE_LOOP('',(#12612,#12621,#12622,#12623));
#12612 = ORIENTED_EDGE('',*,*,#12613,.T.);
#12613 = EDGE_CURVE('',#12614,#11249,#12616,.T.);
#12614 = VERTEX_POINT('',#12615);
#12615 = CARTESIAN_POINT('',(-6.925,-1.75,1.3495));
#12616 = CIRCLE('',#12617,0.5);
#12617 = AXIS2_PLACEMENT_3D('',#12618,#12619,#12620);
#12618 = CARTESIAN_POINT('',(-6.925,-1.75,0.8495));
#12619 = DIRECTION('',(1.249318835986E-16,-1.,0.));
#12620 = DIRECTION('',(0.,-0.,-1.));
#12621 = ORIENTED_EDGE('',*,*,#11248,.T.);
#12622 = ORIENTED_EDGE('',*,*,#12597,.F.);
#12623 = ORIENTED_EDGE('',*,*,#12624,.F.);
#12624 = EDGE_CURVE('',#12614,#12590,#12625,.T.);
#12625 = LINE('',#12626,#12627);
#12626 = CARTESIAN_POINT('',(-6.925,-1.75,1.4995));
#12627 = VECTOR('',#12628,1.);
#12628 = DIRECTION('',(-2.486067977623E-16,-1.296665286725E-31,1.));
#12629 = PLANE('',#12630);
#12630 = AXIS2_PLACEMENT_3D('',#12631,#12632,#12633);
#12631 = CARTESIAN_POINT('',(-6.925,-1.75,0.8495));
#12632 = DIRECTION('',(-1.249318835986E-16,1.,9.860761315263E-32));
#12633 = DIRECTION('',(-2.486067977623E-16,-1.296665286725E-31,1.));
#12634 = ADVANCED_FACE('',(#12635),#12646,.F.);
#12635 = FACE_BOUND('',#12636,.F.);
#12636 = EDGE_LOOP('',(#12637,#12638,#12639,#12640));
#12637 = ORIENTED_EDGE('',*,*,#12613,.T.);
#12638 = ORIENTED_EDGE('',*,*,#11277,.F.);
#12639 = ORIENTED_EDGE('',*,*,#12410,.T.);
#12640 = ORIENTED_EDGE('',*,*,#12641,.T.);
#12641 = EDGE_CURVE('',#12402,#12614,#12642,.T.);
#12642 = LINE('',#12643,#12644);
#12643 = CARTESIAN_POINT('',(-6.925,9.,1.3495));
#12644 = VECTOR('',#12645,1.);
#12645 = DIRECTION('',(-1.249318835986E-16,1.,0.));
#12646 = CYLINDRICAL_SURFACE('',#12647,0.5);
#12647 = AXIS2_PLACEMENT_3D('',#12648,#12649,#12650);
#12648 = CARTESIAN_POINT('',(-6.925,-0.742648444739,0.8495));
#12649 = DIRECTION('',(1.249318835986E-16,-1.,0.));
#12650 = DIRECTION('',(0.,-0.,-1.));
#12651 = ADVANCED_FACE('',(#12652),#12686,.F.);
#12652 = FACE_BOUND('',#12653,.T.);
#12653 = EDGE_LOOP('',(#12654,#12664,#12672,#12680));
#12654 = ORIENTED_EDGE('',*,*,#12655,.T.);
#12655 = EDGE_CURVE('',#12656,#12658,#12660,.T.);
#12656 = VERTEX_POINT('',#12657);
#12657 = CARTESIAN_POINT('',(1.5,-4.95,1.0495));
#12658 = VERTEX_POINT('',#12659);
#12659 = CARTESIAN_POINT('',(-1.5,-4.95,1.0495));
#12660 = LINE('',#12661,#12662);
#12661 = CARTESIAN_POINT('',(-1.5,-4.95,1.0495));
#12662 = VECTOR('',#12663,1.);
#12663 = DIRECTION('',(-1.,-1.249318835986E-16,-3.08148791102E-33));
#12664 = ORIENTED_EDGE('',*,*,#12665,.F.);
#12665 = EDGE_CURVE('',#12666,#12658,#12668,.T.);
#12666 = VERTEX_POINT('',#12667);
#12667 = CARTESIAN_POINT('',(-1.5,-4.95,0.5495));
#12668 = LINE('',#12669,#12670);
#12669 = CARTESIAN_POINT('',(-1.5,-4.95,0.5495));
#12670 = VECTOR('',#12671,1.);
#12671 = DIRECTION('',(1.529923784499E-32,-1.224606353822E-16,1.));
#12672 = ORIENTED_EDGE('',*,*,#12673,.F.);
#12673 = EDGE_CURVE('',#12674,#12666,#12676,.T.);
#12674 = VERTEX_POINT('',#12675);
#12675 = CARTESIAN_POINT('',(1.5,-4.95,0.5495));
#12676 = LINE('',#12677,#12678);
#12677 = CARTESIAN_POINT('',(-1.5,-4.95,0.5495));
#12678 = VECTOR('',#12679,1.);
#12679 = DIRECTION('',(-1.,-1.249318835986E-16,-3.08148791102E-33));
#12680 = ORIENTED_EDGE('',*,*,#12681,.T.);
#12681 = EDGE_CURVE('',#12674,#12656,#12682,.T.);
#12682 = LINE('',#12683,#12684);
#12683 = CARTESIAN_POINT('',(1.5,-4.95,0.5495));
#12684 = VECTOR('',#12685,1.);
#12685 = DIRECTION('',(1.529923784499E-32,-1.224606353822E-16,1.));
#12686 = PLANE('',#12687);
#12687 = AXIS2_PLACEMENT_3D('',#12688,#12689,#12690);
#12688 = CARTESIAN_POINT('',(-1.5,-4.95,0.5495));
#12689 = DIRECTION('',(-1.249318835986E-16,1.,1.224606353822E-16));
#12690 = DIRECTION('',(-1.529923784499E-32,1.224606353822E-16,-1.));
#12691 = ADVANCED_FACE('',(#12692),#12726,.F.);
#12692 = FACE_BOUND('',#12693,.T.);
#12693 = EDGE_LOOP('',(#12694,#12704,#12712,#12720));
#12694 = ORIENTED_EDGE('',*,*,#12695,.T.);
#12695 = EDGE_CURVE('',#12696,#12698,#12700,.T.);
#12696 = VERTEX_POINT('',#12697);
#12697 = CARTESIAN_POINT('',(-1.5,4.95,1.0495));
#12698 = VERTEX_POINT('',#12699);
#12699 = CARTESIAN_POINT('',(1.5,4.95,1.0495));
#12700 = LINE('',#12701,#12702);
#12701 = CARTESIAN_POINT('',(1.5,4.95,1.0495));
#12702 = VECTOR('',#12703,1.);
#12703 = DIRECTION('',(1.,1.249318835986E-16,3.08148791102E-33));
#12704 = ORIENTED_EDGE('',*,*,#12705,.F.);
#12705 = EDGE_CURVE('',#12706,#12698,#12708,.T.);
#12706 = VERTEX_POINT('',#12707);
#12707 = CARTESIAN_POINT('',(1.5,4.95,0.5495));
#12708 = LINE('',#12709,#12710);
#12709 = CARTESIAN_POINT('',(1.5,4.95,0.5495));
#12710 = VECTOR('',#12711,1.);
#12711 = DIRECTION('',(1.529923784499E-32,-1.224606353822E-16,1.));
#12712 = ORIENTED_EDGE('',*,*,#12713,.F.);
#12713 = EDGE_CURVE('',#12714,#12706,#12716,.T.);
#12714 = VERTEX_POINT('',#12715);
#12715 = CARTESIAN_POINT('',(-1.5,4.95,0.5495));
#12716 = LINE('',#12717,#12718);
#12717 = CARTESIAN_POINT('',(1.5,4.95,0.5495));
#12718 = VECTOR('',#12719,1.);
#12719 = DIRECTION('',(1.,1.249318835986E-16,3.08148791102E-33));
#12720 = ORIENTED_EDGE('',*,*,#12721,.T.);
#12721 = EDGE_CURVE('',#12714,#12696,#12722,.T.);
#12722 = LINE('',#12723,#12724);
#12723 = CARTESIAN_POINT('',(-1.5,4.95,0.5495));
#12724 = VECTOR('',#12725,1.);
#12725 = DIRECTION('',(1.529923784499E-32,-1.224606353822E-16,1.));
#12726 = PLANE('',#12727);
#12727 = AXIS2_PLACEMENT_3D('',#12728,#12729,#12730);
#12728 = CARTESIAN_POINT('',(1.5,4.95,0.5495));
#12729 = DIRECTION('',(1.249318835986E-16,-1.,-1.224606353822E-16));
#12730 = DIRECTION('',(1.529923784499E-32,-1.224606353822E-16,1.));
#12731 = ADVANCED_FACE('',(#12732),#12766,.F.);
#12732 = FACE_BOUND('',#12733,.T.);
#12733 = EDGE_LOOP('',(#12734,#12744,#12752,#12760));
#12734 = ORIENTED_EDGE('',*,*,#12735,.F.);
#12735 = EDGE_CURVE('',#12736,#12738,#12740,.T.);
#12736 = VERTEX_POINT('',#12737);
#12737 = CARTESIAN_POINT('',(4.7,3.35,0.5495));
#12738 = VERTEX_POINT('',#12739);
#12739 = CARTESIAN_POINT('',(6.,3.35,0.5495));
#12740 = LINE('',#12741,#12742);
#12741 = CARTESIAN_POINT('',(5.,3.35,0.5495));
#12742 = VECTOR('',#12743,1.);
#12743 = DIRECTION('',(1.,-2.086687848584E-16,-3.777146191217E-32));
#12744 = ORIENTED_EDGE('',*,*,#12745,.F.);
#12745 = EDGE_CURVE('',#12746,#12736,#12748,.T.);
#12746 = VERTEX_POINT('',#12747);
#12747 = CARTESIAN_POINT('',(4.7,3.35,0.1495));
#12748 = LINE('',#12749,#12750);
#12749 = CARTESIAN_POINT('',(4.7,3.35,0.1495));
#12750 = VECTOR('',#12751,1.);
#12751 = DIRECTION('',(1.529923784499E-32,-1.224606353822E-16,1.));
#12752 = ORIENTED_EDGE('',*,*,#12753,.F.);
#12753 = EDGE_CURVE('',#12754,#12746,#12756,.T.);
#12754 = VERTEX_POINT('',#12755);
#12755 = CARTESIAN_POINT('',(6.,3.35,0.1495));
#12756 = LINE('',#12757,#12758);
#12757 = CARTESIAN_POINT('',(4.7,3.35,0.1495));
#12758 = VECTOR('',#12759,1.);
#12759 = DIRECTION('',(-1.,2.086687848584E-16,3.777146191217E-32));
#12760 = ORIENTED_EDGE('',*,*,#12761,.T.);
#12761 = EDGE_CURVE('',#12754,#12738,#12762,.T.);
#12762 = LINE('',#12763,#12764);
#12763 = CARTESIAN_POINT('',(6.,3.35,0.1495));
#12764 = VECTOR('',#12765,1.);
#12765 = DIRECTION('',(1.529923784499E-32,-1.224606353822E-16,1.));
#12766 = PLANE('',#12767);
#12767 = AXIS2_PLACEMENT_3D('',#12768,#12769,#12770);
#12768 = CARTESIAN_POINT('',(4.7,3.35,0.1495));
#12769 = DIRECTION('',(2.086687848584E-16,1.,1.224606353822E-16));
#12770 = DIRECTION('',(1.,-2.086687848584E-16,-3.777146191217E-32));
#12771 = ADVANCED_FACE('',(#12772),#12797,.F.);
#12772 = FACE_BOUND('',#12773,.T.);
#12773 = EDGE_LOOP('',(#12774,#12782,#12783,#12791));
#12774 = ORIENTED_EDGE('',*,*,#12775,.T.);
#12775 = EDGE_CURVE('',#12776,#12754,#12778,.T.);
#12776 = VERTEX_POINT('',#12777);
#12777 = CARTESIAN_POINT('',(6.,3.85,0.1495));
#12778 = LINE('',#12779,#12780);
#12779 = CARTESIAN_POINT('',(6.,3.35,0.1495));
#12780 = VECTOR('',#12781,1.);
#12781 = DIRECTION('',(1.249318835986E-16,-1.,-1.224606353822E-16));
#12782 = ORIENTED_EDGE('',*,*,#12753,.T.);
#12783 = ORIENTED_EDGE('',*,*,#12784,.T.);
#12784 = EDGE_CURVE('',#12746,#12785,#12787,.T.);
#12785 = VERTEX_POINT('',#12786);
#12786 = CARTESIAN_POINT('',(4.7,3.85,0.1495));
#12787 = LINE('',#12788,#12789);
#12788 = CARTESIAN_POINT('',(4.7,3.85,0.1495));
#12789 = VECTOR('',#12790,1.);
#12790 = DIRECTION('',(-1.249318835986E-16,1.,1.224606353822E-16));
#12791 = ORIENTED_EDGE('',*,*,#12792,.T.);
#12792 = EDGE_CURVE('',#12785,#12776,#12793,.T.);
#12793 = LINE('',#12794,#12795);
#12794 = CARTESIAN_POINT('',(6.,3.85,0.1495));
#12795 = VECTOR('',#12796,1.);
#12796 = DIRECTION('',(1.,4.585325520557E-16,4.393443773421E-32));
#12797 = PLANE('',#12798);
#12798 = AXIS2_PLACEMENT_3D('',#12799,#12800,#12801);
#12799 = CARTESIAN_POINT('',(6.,3.85,0.1495));
#12800 = DIRECTION('',(1.529923784499E-32,-1.224606353822E-16,1.));
#12801 = DIRECTION('',(-1.249318835986E-16,1.,1.224606353822E-16));
#12802 = ADVANCED_FACE('',(#12803),#12828,.F.);
#12803 = FACE_BOUND('',#12804,.T.);
#12804 = EDGE_LOOP('',(#12805,#12813,#12814,#12822));
#12805 = ORIENTED_EDGE('',*,*,#12806,.T.);
#12806 = EDGE_CURVE('',#12807,#12776,#12809,.T.);
#12807 = VERTEX_POINT('',#12808);
#12808 = CARTESIAN_POINT('',(6.,3.85,-5.00000000045E-04));
#12809 = LINE('',#12810,#12811);
#12810 = CARTESIAN_POINT('',(6.,3.85,-5.00000000045E-04));
#12811 = VECTOR('',#12812,1.);
#12812 = DIRECTION('',(1.529923784499E-32,-1.224606353822E-16,1.));
#12813 = ORIENTED_EDGE('',*,*,#12792,.F.);
#12814 = ORIENTED_EDGE('',*,*,#12815,.F.);
#12815 = EDGE_CURVE('',#12816,#12785,#12818,.T.);
#12816 = VERTEX_POINT('',#12817);
#12817 = CARTESIAN_POINT('',(4.7,3.85,-5.00000000045E-04));
#12818 = LINE('',#12819,#12820);
#12819 = CARTESIAN_POINT('',(4.7,3.85,-5.00000000045E-04));
#12820 = VECTOR('',#12821,1.);
#12821 = DIRECTION('',(1.529923784499E-32,-1.224606353822E-16,1.));
#12822 = ORIENTED_EDGE('',*,*,#12823,.F.);
#12823 = EDGE_CURVE('',#12807,#12816,#12824,.T.);
#12824 = LINE('',#12825,#12826);
#12825 = CARTESIAN_POINT('',(6.,3.85,-5.00000000045E-04));
#12826 = VECTOR('',#12827,1.);
#12827 = DIRECTION('',(-1.,-4.585325520557E-16,-4.393443773421E-32));
#12828 = PLANE('',#12829);
#12829 = AXIS2_PLACEMENT_3D('',#12830,#12831,#12832);
#12830 = CARTESIAN_POINT('',(6.,3.85,-5.00000000045E-04));
#12831 = DIRECTION('',(-4.585325520557E-16,1.,1.224606353822E-16));
#12832 = DIRECTION('',(1.,4.585325520557E-16,4.393443773421E-32));
#12833 = ADVANCED_FACE('',(#12834),#12868,.T.);
#12834 = FACE_BOUND('',#12835,.T.);
#12835 = EDGE_LOOP('',(#12836,#12837,#12845,#12853,#12862));
#12836 = ORIENTED_EDGE('',*,*,#12823,.T.);
#12837 = ORIENTED_EDGE('',*,*,#12838,.T.);
#12838 = EDGE_CURVE('',#12816,#12839,#12841,.T.);
#12839 = VERTEX_POINT('',#12840);
#12840 = CARTESIAN_POINT('',(4.7,5.85,-5.00000000045E-04));
#12841 = LINE('',#12842,#12843);
#12842 = CARTESIAN_POINT('',(4.7,3.85,-5.00000000045E-04));
#12843 = VECTOR('',#12844,1.);
#12844 = DIRECTION('',(3.087489853956E-16,1.,1.224606353822E-16));
#12845 = ORIENTED_EDGE('',*,*,#12846,.T.);
#12846 = EDGE_CURVE('',#12839,#12847,#12849,.T.);
#12847 = VERTEX_POINT('',#12848);
#12848 = CARTESIAN_POINT('',(5.,5.85,-5.00000000045E-04));
#12849 = LINE('',#12850,#12851);
#12850 = CARTESIAN_POINT('',(4.7,5.85,-5.00000000045E-04));
#12851 = VECTOR('',#12852,1.);
#12852 = DIRECTION('',(1.,1.249318835986E-16,3.08148791102E-33));
#12853 = ORIENTED_EDGE('',*,*,#12854,.T.);
#12854 = EDGE_CURVE('',#12847,#12855,#12857,.T.);
#12855 = VERTEX_POINT('',#12856);
#12856 = CARTESIAN_POINT('',(6.,4.85,-5.00000000045E-04));
#12857 = CIRCLE('',#12858,1.);
#12858 = AXIS2_PLACEMENT_3D('',#12859,#12860,#12861);
#12859 = CARTESIAN_POINT('',(5.,4.85,-5.00000000045E-04));
#12860 = DIRECTION('',(-1.529923784499E-32,1.224606353822E-16,-1.));
#12861 = DIRECTION('',(3.037693553488E-16,-1.,-1.224606353822E-16));
#12862 = ORIENTED_EDGE('',*,*,#12863,.T.);
#12863 = EDGE_CURVE('',#12855,#12807,#12864,.T.);
#12864 = LINE('',#12865,#12866);
#12865 = CARTESIAN_POINT('',(6.,4.85,-5.00000000045E-04));
#12866 = VECTOR('',#12867,1.);
#12867 = DIRECTION('',(9.922936215871E-16,-1.,-1.224606353822E-16));
#12868 = PLANE('',#12869);
#12869 = AXIS2_PLACEMENT_3D('',#12870,#12871,#12872);
#12870 = CARTESIAN_POINT('',(5.,4.85,-5.00000000045E-04));
#12871 = DIRECTION('',(-1.529923784499E-32,1.224606353822E-16,-1.));
#12872 = DIRECTION('',(1.249318835986E-16,-1.,-1.224606353822E-16));
#12873 = ADVANCED_FACE('',(#12874),#12899,.F.);
#12874 = FACE_BOUND('',#12875,.T.);
#12875 = EDGE_LOOP('',(#12876,#12884,#12892,#12898));
#12876 = ORIENTED_EDGE('',*,*,#12877,.T.);
#12877 = EDGE_CURVE('',#12698,#12878,#12880,.T.);
#12878 = VERTEX_POINT('',#12879);
#12879 = CARTESIAN_POINT('',(1.5,5.425,1.0495));
#12880 = LINE('',#12881,#12882);
#12881 = CARTESIAN_POINT('',(1.5,4.95,1.0495));
#12882 = VECTOR('',#12883,1.);
#12883 = DIRECTION('',(-5.814380614873E-16,1.,1.224606353822E-16));
#12884 = ORIENTED_EDGE('',*,*,#12885,.F.);
#12885 = EDGE_CURVE('',#12886,#12878,#12888,.T.);
#12886 = VERTEX_POINT('',#12887);
#12887 = CARTESIAN_POINT('',(1.5,5.425,0.5495));
#12888 = LINE('',#12889,#12890);
#12889 = CARTESIAN_POINT('',(1.5,5.425,0.5495));
#12890 = VECTOR('',#12891,1.);
#12891 = DIRECTION('',(1.529923784499E-32,-1.224606353822E-16,1.));
#12892 = ORIENTED_EDGE('',*,*,#12893,.F.);
#12893 = EDGE_CURVE('',#12706,#12886,#12894,.T.);
#12894 = LINE('',#12895,#12896);
#12895 = CARTESIAN_POINT('',(1.5,4.95,0.5495));
#12896 = VECTOR('',#12897,1.);
#12897 = DIRECTION('',(-5.814380614873E-16,1.,1.224606353822E-16));
#12898 = ORIENTED_EDGE('',*,*,#12705,.T.);
#12899 = PLANE('',#12900);
#12900 = AXIS2_PLACEMENT_3D('',#12901,#12902,#12903);
#12901 = CARTESIAN_POINT('',(1.5,4.95,0.5495));
#12902 = DIRECTION('',(1.,5.814380614873E-16,5.898552451118E-32));
#12903 = DIRECTION('',(5.814380614873E-16,-1.,-1.224606353822E-16));
#12904 = ADVANCED_FACE('',(#12905),#12930,.F.);
#12905 = FACE_BOUND('',#12906,.T.);
#12906 = EDGE_LOOP('',(#12907,#12915,#12916,#12924));
#12907 = ORIENTED_EDGE('',*,*,#12908,.T.);
#12908 = EDGE_CURVE('',#12909,#12696,#12911,.T.);
#12909 = VERTEX_POINT('',#12910);
#12910 = CARTESIAN_POINT('',(-1.5,5.425,1.0495));
#12911 = LINE('',#12912,#12913);
#12912 = CARTESIAN_POINT('',(-1.5,5.425,1.0495));
#12913 = VECTOR('',#12914,1.);
#12914 = DIRECTION('',(-3.3157429429E-16,-1.,-1.224606353822E-16));
#12915 = ORIENTED_EDGE('',*,*,#12721,.F.);
#12916 = ORIENTED_EDGE('',*,*,#12917,.F.);
#12917 = EDGE_CURVE('',#12918,#12714,#12920,.T.);
#12918 = VERTEX_POINT('',#12919);
#12919 = CARTESIAN_POINT('',(-1.5,5.425,0.5495));
#12920 = LINE('',#12921,#12922);
#12921 = CARTESIAN_POINT('',(-1.5,5.425,0.5495));
#12922 = VECTOR('',#12923,1.);
#12923 = DIRECTION('',(-3.3157429429E-16,-1.,-1.224606353822E-16));
#12924 = ORIENTED_EDGE('',*,*,#12925,.T.);
#12925 = EDGE_CURVE('',#12918,#12909,#12926,.T.);
#12926 = LINE('',#12927,#12928);
#12927 = CARTESIAN_POINT('',(-1.5,5.425,0.5495));
#12928 = VECTOR('',#12929,1.);
#12929 = DIRECTION('',(1.529923784499E-32,-1.224606353822E-16,1.));
#12930 = PLANE('',#12931);
#12931 = AXIS2_PLACEMENT_3D('',#12932,#12933,#12934);
#12932 = CARTESIAN_POINT('',(-1.5,5.425,0.5495));
#12933 = DIRECTION('',(-1.,3.3157429429E-16,5.282254868914E-32));
#12934 = DIRECTION('',(3.3157429429E-16,1.,1.224606353822E-16));
#12935 = ADVANCED_FACE('',(#12936),#12977,.F.);
#12936 = FACE_BOUND('',#12937,.T.);
#12937 = EDGE_LOOP('',(#12938,#12948,#12956,#12962,#12963,#12971));
#12938 = ORIENTED_EDGE('',*,*,#12939,.T.);
#12939 = EDGE_CURVE('',#12940,#12942,#12944,.T.);
#12940 = VERTEX_POINT('',#12941);
#12941 = CARTESIAN_POINT('',(-5.,5.85,-5.00000000045E-04));
#12942 = VERTEX_POINT('',#12943);
#12943 = CARTESIAN_POINT('',(-5.,5.85,2.8245));
#12944 = LINE('',#12945,#12946);
#12945 = CARTESIAN_POINT('',(-5.,5.85,0.5495));
#12946 = VECTOR('',#12947,1.);
#12947 = DIRECTION('',(1.529923784499E-32,-1.224606353822E-16,1.));
#12948 = ORIENTED_EDGE('',*,*,#12949,.T.);
#12949 = EDGE_CURVE('',#12942,#12950,#12952,.T.);
#12950 = VERTEX_POINT('',#12951);
#12951 = CARTESIAN_POINT('',(-4.5,5.85,2.8245));
#12952 = LINE('',#12953,#12954);
#12953 = CARTESIAN_POINT('',(-4.5,5.85,2.8245));
#12954 = VECTOR('',#12955,1.);
#12955 = DIRECTION('',(1.,3.037693553488E-16,0.));
#12956 = ORIENTED_EDGE('',*,*,#12957,.T.);
#12957 = EDGE_CURVE('',#12950,#1059,#12958,.T.);
#12958 = LINE('',#12959,#12960);
#12959 = CARTESIAN_POINT('',(-4.5,5.85,19.459273268156));
#12960 = VECTOR('',#12961,1.);
#12961 = DIRECTION('',(-0.,0.,-1.));
#12962 = ORIENTED_EDGE('',*,*,#1058,.T.);
#12963 = ORIENTED_EDGE('',*,*,#12964,.F.);
#12964 = EDGE_CURVE('',#12965,#1051,#12967,.T.);
#12965 = VERTEX_POINT('',#12966);
#12966 = CARTESIAN_POINT('',(-4.7,5.85,-5.00000000045E-04));
#12967 = LINE('',#12968,#12969);
#12968 = CARTESIAN_POINT('',(-4.7,5.85,0.5495));
#12969 = VECTOR('',#12970,1.);
#12970 = DIRECTION('',(1.529923784499E-32,-1.224606353822E-16,1.));
#12971 = ORIENTED_EDGE('',*,*,#12972,.F.);
#12972 = EDGE_CURVE('',#12940,#12965,#12973,.T.);
#12973 = LINE('',#12974,#12975);
#12974 = CARTESIAN_POINT('',(-5.,5.85,-5.00000000045E-04));
#12975 = VECTOR('',#12976,1.);
#12976 = DIRECTION('',(1.,1.249318835986E-16,3.08148791102E-33));
#12977 = PLANE('',#12978);
#12978 = AXIS2_PLACEMENT_3D('',#12979,#12980,#12981);
#12979 = CARTESIAN_POINT('',(-5.,5.85,0.5495));
#12980 = DIRECTION('',(1.249318835986E-16,-1.,-1.224606353822E-16));
#12981 = DIRECTION('',(1.529923784499E-32,-1.224606353822E-16,1.));
#12982 = ADVANCED_FACE('',(#12983),#13008,.F.);
#12983 = FACE_BOUND('',#12984,.T.);
#12984 = EDGE_LOOP('',(#12985,#12993,#12994,#13002));
#12985 = ORIENTED_EDGE('',*,*,#12986,.T.);
#12986 = EDGE_CURVE('',#12987,#12656,#12989,.T.);
#12987 = VERTEX_POINT('',#12988);
#12988 = CARTESIAN_POINT('',(1.5,-5.425,1.0495));
#12989 = LINE('',#12990,#12991);
#12990 = CARTESIAN_POINT('',(1.5,-5.425,1.0495));
#12991 = VECTOR('',#12992,1.);
#12992 = DIRECTION('',(3.3157429429E-16,1.,1.224606353822E-16));
#12993 = ORIENTED_EDGE('',*,*,#12681,.F.);
#12994 = ORIENTED_EDGE('',*,*,#12995,.F.);
#12995 = EDGE_CURVE('',#12996,#12674,#12998,.T.);
#12996 = VERTEX_POINT('',#12997);
#12997 = CARTESIAN_POINT('',(1.5,-5.425,0.5495));
#12998 = LINE('',#12999,#13000);
#12999 = CARTESIAN_POINT('',(1.5,-5.425,0.5495));
#13000 = VECTOR('',#13001,1.);
#13001 = DIRECTION('',(3.3157429429E-16,1.,1.224606353822E-16));
#13002 = ORIENTED_EDGE('',*,*,#13003,.T.);
#13003 = EDGE_CURVE('',#12996,#12987,#13004,.T.);
#13004 = LINE('',#13005,#13006);
#13005 = CARTESIAN_POINT('',(1.5,-5.425,0.5495));
#13006 = VECTOR('',#13007,1.);
#13007 = DIRECTION('',(1.529923784499E-32,-1.224606353822E-16,1.));
#13008 = PLANE('',#13009);
#13009 = AXIS2_PLACEMENT_3D('',#13010,#13011,#13012);
#13010 = CARTESIAN_POINT('',(1.5,-5.425,0.5495));
#13011 = DIRECTION('',(1.,-3.3157429429E-16,-5.282254868914E-32));
#13012 = DIRECTION('',(-3.3157429429E-16,-1.,-1.224606353822E-16));
#13013 = ADVANCED_FACE('',(#13014),#13057,.T.);
#13014 = FACE_BOUND('',#13015,.T.);
#13015 = EDGE_LOOP('',(#13016,#13026,#13034,#13042,#13051));
#13016 = ORIENTED_EDGE('',*,*,#13017,.T.);
#13017 = EDGE_CURVE('',#13018,#13020,#13022,.T.);
#13018 = VERTEX_POINT('',#13019);
#13019 = CARTESIAN_POINT('',(4.7,-5.85,-5.000000000486E-04));
#13020 = VERTEX_POINT('',#13021);
#13021 = CARTESIAN_POINT('',(4.7,-3.85,-5.00000000045E-04));
#13022 = LINE('',#13023,#13024);
#13023 = CARTESIAN_POINT('',(4.7,-5.85,-5.000000000486E-04));
#13024 = VECTOR('',#13025,1.);
#13025 = DIRECTION('',(-1.249318835986E-16,1.,1.224606353822E-16));
#13026 = ORIENTED_EDGE('',*,*,#13027,.T.);
#13027 = EDGE_CURVE('',#13020,#13028,#13030,.T.);
#13028 = VERTEX_POINT('',#13029);
#13029 = CARTESIAN_POINT('',(6.,-3.85,-5.00000000045E-04));
#13030 = LINE('',#13031,#13032);
#13031 = CARTESIAN_POINT('',(4.7,-3.85,-5.00000000045E-04));
#13032 = VECTOR('',#13033,1.);
#13033 = DIRECTION('',(1.,-1.543071458687E-15,-2.011832612049E-31));
#13034 = ORIENTED_EDGE('',*,*,#13035,.T.);
#13035 = EDGE_CURVE('',#13028,#13036,#13038,.T.);
#13036 = VERTEX_POINT('',#13037);
#13037 = CARTESIAN_POINT('',(6.,-4.85,-5.000000000486E-04));
#13038 = LINE('',#13039,#13040);
#13039 = CARTESIAN_POINT('',(6.,-3.85,-5.00000000045E-04));
#13040 = VECTOR('',#13041,1.);
#13041 = DIRECTION('',(1.249318835986E-16,-1.,-1.224606353822E-16));
#13042 = ORIENTED_EDGE('',*,*,#13043,.T.);
#13043 = EDGE_CURVE('',#13036,#13044,#13046,.T.);
#13044 = VERTEX_POINT('',#13045);
#13045 = CARTESIAN_POINT('',(5.,-5.85,-5.000000000486E-04));
#13046 = CIRCLE('',#13047,1.);
#13047 = AXIS2_PLACEMENT_3D('',#13048,#13049,#13050);
#13048 = CARTESIAN_POINT('',(5.,-4.85,-5.000000000486E-04));
#13049 = DIRECTION('',(-1.529923784499E-32,1.224606353822E-16,-1.));
#13050 = DIRECTION('',(3.037693553488E-16,-1.,-1.224606353822E-16));
#13051 = ORIENTED_EDGE('',*,*,#13052,.T.);
#13052 = EDGE_CURVE('',#13044,#13018,#13053,.T.);
#13053 = LINE('',#13054,#13055);
#13054 = CARTESIAN_POINT('',(5.,-5.85,-5.000000000486E-04));
#13055 = VECTOR('',#13056,1.);
#13056 = DIRECTION('',(-1.,-1.249318835986E-16,-3.08148791102E-33));
#13057 = PLANE('',#13058);
#13058 = AXIS2_PLACEMENT_3D('',#13059,#13060,#13061);
#13059 = CARTESIAN_POINT('',(5.,-4.85,-5.000000000486E-04));
#13060 = DIRECTION('',(-1.529923784499E-32,1.224606353822E-16,-1.));
#13061 = DIRECTION('',(1.249318835986E-16,-1.,-1.224606353822E-16));
#13062 = ADVANCED_FACE('',(#13063),#13088,.F.);
#13063 = FACE_BOUND('',#13064,.T.);
#13064 = EDGE_LOOP('',(#13065,#13073,#13081,#13087));
#13065 = ORIENTED_EDGE('',*,*,#13066,.T.);
#13066 = EDGE_CURVE('',#13020,#13067,#13069,.T.);
#13067 = VERTEX_POINT('',#13068);
#13068 = CARTESIAN_POINT('',(4.7,-3.85,0.1495));
#13069 = LINE('',#13070,#13071);
#13070 = CARTESIAN_POINT('',(4.7,-3.85,-5.00000000045E-04));
#13071 = VECTOR('',#13072,1.);
#13072 = DIRECTION('',(1.529923784499E-32,-1.224606353822E-16,1.));
#13073 = ORIENTED_EDGE('',*,*,#13074,.F.);
#13074 = EDGE_CURVE('',#13075,#13067,#13077,.T.);
#13075 = VERTEX_POINT('',#13076);
#13076 = CARTESIAN_POINT('',(6.,-3.85,0.1495));
#13077 = LINE('',#13078,#13079);
#13078 = CARTESIAN_POINT('',(4.7,-3.85,0.1495));
#13079 = VECTOR('',#13080,1.);
#13080 = DIRECTION('',(-1.,8.758701217726E-16,1.194773615586E-31));
#13081 = ORIENTED_EDGE('',*,*,#13082,.F.);
#13082 = EDGE_CURVE('',#13028,#13075,#13083,.T.);
#13083 = LINE('',#13084,#13085);
#13084 = CARTESIAN_POINT('',(6.,-3.85,-5.00000000045E-04));
#13085 = VECTOR('',#13086,1.);
#13086 = DIRECTION('',(1.529923784499E-32,-1.224606353822E-16,1.));
#13087 = ORIENTED_EDGE('',*,*,#13027,.F.);
#13088 = PLANE('',#13089);
#13089 = AXIS2_PLACEMENT_3D('',#13090,#13091,#13092);
#13090 = CARTESIAN_POINT('',(4.7,-3.85,-5.00000000045E-04));
#13091 = DIRECTION('',(-1.543071458687E-15,-1.,-1.224606353822E-16));
#13092 = DIRECTION('',(-1.,1.543071458687E-15,2.011832612049E-31));
#13093 = ADVANCED_FACE('',(#13094),#13119,.F.);
#13094 = FACE_BOUND('',#13095,.T.);
#13095 = EDGE_LOOP('',(#13096,#13104,#13112,#13118));
#13096 = ORIENTED_EDGE('',*,*,#13097,.T.);
#13097 = EDGE_CURVE('',#13067,#13098,#13100,.T.);
#13098 = VERTEX_POINT('',#13099);
#13099 = CARTESIAN_POINT('',(4.7,-3.35,0.1495));
#13100 = LINE('',#13101,#13102);
#13101 = CARTESIAN_POINT('',(4.7,-3.35,0.1495));
#13102 = VECTOR('',#13103,1.);
#13103 = DIRECTION('',(-1.249318835986E-16,1.,1.224606353822E-16));
#13104 = ORIENTED_EDGE('',*,*,#13105,.T.);
#13105 = EDGE_CURVE('',#13098,#13106,#13108,.T.);
#13106 = VERTEX_POINT('',#13107);
#13107 = CARTESIAN_POINT('',(6.,-3.35,0.1495));
#13108 = LINE('',#13109,#13110);
#13109 = CARTESIAN_POINT('',(4.7,-3.35,0.1495));
#13110 = VECTOR('',#13111,1.);
#13111 = DIRECTION('',(1.,-2.086687848584E-16,-3.777146191217E-32));
#13112 = ORIENTED_EDGE('',*,*,#13113,.T.);
#13113 = EDGE_CURVE('',#13106,#13075,#13114,.T.);
#13114 = LINE('',#13115,#13116);
#13115 = CARTESIAN_POINT('',(6.,-3.85,0.1495));
#13116 = VECTOR('',#13117,1.);
#13117 = DIRECTION('',(1.249318835986E-16,-1.,-1.224606353822E-16));
#13118 = ORIENTED_EDGE('',*,*,#13074,.T.);
#13119 = PLANE('',#13120);
#13120 = AXIS2_PLACEMENT_3D('',#13121,#13122,#13123);
#13121 = CARTESIAN_POINT('',(4.7,-3.35,0.1495));
#13122 = DIRECTION('',(1.529923784499E-32,-1.224606353822E-16,1.));
#13123 = DIRECTION('',(-1.249318835986E-16,1.,1.224606353822E-16));
#13124 = ADVANCED_FACE('',(#13125),#13150,.F.);
#13125 = FACE_BOUND('',#13126,.T.);
#13126 = EDGE_LOOP('',(#13127,#13137,#13143,#13144));
#13127 = ORIENTED_EDGE('',*,*,#13128,.F.);
#13128 = EDGE_CURVE('',#13129,#13131,#13133,.T.);
#13129 = VERTEX_POINT('',#13130);
#13130 = CARTESIAN_POINT('',(6.,-3.35,0.5495));
#13131 = VERTEX_POINT('',#13132);
#13132 = CARTESIAN_POINT('',(4.7,-3.35,0.5495));
#13133 = LINE('',#13134,#13135);
#13134 = CARTESIAN_POINT('',(5.,-3.35,0.5495));
#13135 = VECTOR('',#13136,1.);
#13136 = DIRECTION('',(-1.,2.086687848584E-16,3.777146191217E-32));
#13137 = ORIENTED_EDGE('',*,*,#13138,.F.);
#13138 = EDGE_CURVE('',#13106,#13129,#13139,.T.);
#13139 = LINE('',#13140,#13141);
#13140 = CARTESIAN_POINT('',(6.,-3.35,0.1495));
#13141 = VECTOR('',#13142,1.);
#13142 = DIRECTION('',(1.529923784499E-32,-1.224606353822E-16,1.));
#13143 = ORIENTED_EDGE('',*,*,#13105,.F.);
#13144 = ORIENTED_EDGE('',*,*,#13145,.T.);
#13145 = EDGE_CURVE('',#13098,#13131,#13146,.T.);
#13146 = LINE('',#13147,#13148);
#13147 = CARTESIAN_POINT('',(4.7,-3.35,0.1495));
#13148 = VECTOR('',#13149,1.);
#13149 = DIRECTION('',(1.529923784499E-32,-1.224606353822E-16,1.));
#13150 = PLANE('',#13151);
#13151 = AXIS2_PLACEMENT_3D('',#13152,#13153,#13154);
#13152 = CARTESIAN_POINT('',(4.7,-3.35,0.1495));
#13153 = DIRECTION('',(-2.086687848584E-16,-1.,-1.224606353822E-16));
#13154 = DIRECTION('',(-1.,2.086687848584E-16,3.777146191217E-32));
#13155 = ADVANCED_FACE('',(#13156),#13181,.F.);
#13156 = FACE_BOUND('',#13157,.T.);
#13157 = EDGE_LOOP('',(#13158,#13166,#13174,#13180));
#13158 = ORIENTED_EDGE('',*,*,#13159,.T.);
#13159 = EDGE_CURVE('',#12658,#13160,#13162,.T.);
#13160 = VERTEX_POINT('',#13161);
#13161 = CARTESIAN_POINT('',(-1.5,-5.425,1.0495));
#13162 = LINE('',#13163,#13164);
#13163 = CARTESIAN_POINT('',(-1.5,-4.95,1.0495));
#13164 = VECTOR('',#13165,1.);
#13165 = DIRECTION('',(5.814380614873E-16,-1.,-1.224606353822E-16));
#13166 = ORIENTED_EDGE('',*,*,#13167,.F.);
#13167 = EDGE_CURVE('',#13168,#13160,#13170,.T.);
#13168 = VERTEX_POINT('',#13169);
#13169 = CARTESIAN_POINT('',(-1.5,-5.425,0.5495));
#13170 = LINE('',#13171,#13172);
#13171 = CARTESIAN_POINT('',(-1.5,-5.425,0.5495));
#13172 = VECTOR('',#13173,1.);
#13173 = DIRECTION('',(1.529923784499E-32,-1.224606353822E-16,1.));
#13174 = ORIENTED_EDGE('',*,*,#13175,.F.);
#13175 = EDGE_CURVE('',#12666,#13168,#13176,.T.);
#13176 = LINE('',#13177,#13178);
#13177 = CARTESIAN_POINT('',(-1.5,-4.95,0.5495));
#13178 = VECTOR('',#13179,1.);
#13179 = DIRECTION('',(5.814380614873E-16,-1.,-1.224606353822E-16));
#13180 = ORIENTED_EDGE('',*,*,#12665,.T.);
#13181 = PLANE('',#13182);
#13182 = AXIS2_PLACEMENT_3D('',#13183,#13184,#13185);
#13183 = CARTESIAN_POINT('',(-1.5,-4.95,0.5495));
#13184 = DIRECTION('',(-1.,-5.814380614873E-16,-5.898552451118E-32));
#13185 = DIRECTION('',(-5.814380614873E-16,1.,1.224606353822E-16));
#13186 = ADVANCED_FACE('',(#13187),#13230,.T.);
#13187 = FACE_BOUND('',#13188,.T.);
#13188 = EDGE_LOOP('',(#13189,#13199,#13208,#13216,#13224));
#13189 = ORIENTED_EDGE('',*,*,#13190,.T.);
#13190 = EDGE_CURVE('',#13191,#13193,#13195,.T.);
#13191 = VERTEX_POINT('',#13192);
#13192 = CARTESIAN_POINT('',(-4.7,-5.85,-5.000000000486E-04));
#13193 = VERTEX_POINT('',#13194);
#13194 = CARTESIAN_POINT('',(-5.,-5.85,-5.000000000486E-04));
#13195 = LINE('',#13196,#13197);
#13196 = CARTESIAN_POINT('',(-4.7,-5.85,-5.000000000486E-04));
#13197 = VECTOR('',#13198,1.);
#13198 = DIRECTION('',(-1.,-1.249318835986E-16,-3.08148791102E-33));
#13199 = ORIENTED_EDGE('',*,*,#13200,.T.);
#13200 = EDGE_CURVE('',#13193,#13201,#13203,.T.);
#13201 = VERTEX_POINT('',#13202);
#13202 = CARTESIAN_POINT('',(-6.,-4.85,-5.000000000486E-04));
#13203 = CIRCLE('',#13204,1.);
#13204 = AXIS2_PLACEMENT_3D('',#13205,#13206,#13207);
#13205 = CARTESIAN_POINT('',(-5.,-4.85,-5.000000000486E-04));
#13206 = DIRECTION('',(-1.529923784499E-32,1.224606353822E-16,-1.));
#13207 = DIRECTION('',(3.037693553488E-16,-1.,-1.224606353822E-16));
#13208 = ORIENTED_EDGE('',*,*,#13209,.T.);
#13209 = EDGE_CURVE('',#13201,#13210,#13212,.T.);
#13210 = VERTEX_POINT('',#13211);
#13211 = CARTESIAN_POINT('',(-6.,-3.85,-5.00000000045E-04));
#13212 = LINE('',#13213,#13214);
#13213 = CARTESIAN_POINT('',(-6.,-4.85,-5.000000000486E-04));
#13214 = VECTOR('',#13215,1.);
#13215 = DIRECTION('',(-9.922936215871E-16,1.,1.224606353822E-16));
#13216 = ORIENTED_EDGE('',*,*,#13217,.T.);
#13217 = EDGE_CURVE('',#13210,#13218,#13220,.T.);
#13218 = VERTEX_POINT('',#13219);
#13219 = CARTESIAN_POINT('',(-4.7,-3.85,-5.00000000045E-04));
#13220 = LINE('',#13221,#13222);
#13221 = CARTESIAN_POINT('',(-6.,-3.85,-5.00000000045E-04));
#13222 = VECTOR('',#13223,1.);
#13223 = DIRECTION('',(1.,-2.086687848584E-16,-3.777146191217E-32));
#13224 = ORIENTED_EDGE('',*,*,#13225,.T.);
#13225 = EDGE_CURVE('',#13218,#13191,#13226,.T.);
#13226 = LINE('',#13227,#13228);
#13227 = CARTESIAN_POINT('',(-4.7,-3.85,-5.00000000045E-04));
#13228 = VECTOR('',#13229,1.);
#13229 = DIRECTION('',(-7.424298543898E-16,-1.,-1.224606353822E-16));
#13230 = PLANE('',#13231);
#13231 = AXIS2_PLACEMENT_3D('',#13232,#13233,#13234);
#13232 = CARTESIAN_POINT('',(-5.,-4.85,-5.000000000486E-04));
#13233 = DIRECTION('',(-1.529923784499E-32,1.224606353822E-16,-1.));
#13234 = DIRECTION('',(1.249318835986E-16,-1.,-1.224606353822E-16));
#13235 = ADVANCED_FACE('',(#13236),#13261,.F.);
#13236 = FACE_BOUND('',#13237,.T.);
#13237 = EDGE_LOOP('',(#13238,#13246,#13254,#13260));
#13238 = ORIENTED_EDGE('',*,*,#13239,.T.);
#13239 = EDGE_CURVE('',#13210,#13240,#13242,.T.);
#13240 = VERTEX_POINT('',#13241);
#13241 = CARTESIAN_POINT('',(-6.,-3.85,0.1495));
#13242 = LINE('',#13243,#13244);
#13243 = CARTESIAN_POINT('',(-6.,-3.85,-5.00000000045E-04));
#13244 = VECTOR('',#13245,1.);
#13245 = DIRECTION('',(1.529923784499E-32,-1.224606353822E-16,1.));
#13246 = ORIENTED_EDGE('',*,*,#13247,.F.);
#13247 = EDGE_CURVE('',#13248,#13240,#13250,.T.);
#13248 = VERTEX_POINT('',#13249);
#13249 = CARTESIAN_POINT('',(-4.7,-3.85,0.1495));
#13250 = LINE('',#13251,#13252);
#13251 = CARTESIAN_POINT('',(-6.,-3.85,0.1495));
#13252 = VECTOR('',#13253,1.);
#13253 = DIRECTION('',(-1.,5.422694533155E-16,7.862441173537E-32));
#13254 = ORIENTED_EDGE('',*,*,#13255,.F.);
#13255 = EDGE_CURVE('',#13218,#13248,#13256,.T.);
#13256 = LINE('',#13257,#13258);
#13257 = CARTESIAN_POINT('',(-4.7,-3.85,-5.00000000045E-04));
#13258 = VECTOR('',#13259,1.);
#13259 = DIRECTION('',(1.529923784499E-32,-1.224606353822E-16,1.));
#13260 = ORIENTED_EDGE('',*,*,#13217,.F.);
#13261 = PLANE('',#13262);
#13262 = AXIS2_PLACEMENT_3D('',#13263,#13264,#13265);
#13263 = CARTESIAN_POINT('',(-6.,-3.85,-5.00000000045E-04));
#13264 = DIRECTION('',(-2.086687848584E-16,-1.,-1.224606353822E-16));
#13265 = DIRECTION('',(-1.,2.086687848584E-16,3.777146191217E-32));
#13266 = ADVANCED_FACE('',(#13267),#13292,.F.);
#13267 = FACE_BOUND('',#13268,.T.);
#13268 = EDGE_LOOP('',(#13269,#13277,#13285,#13291));
#13269 = ORIENTED_EDGE('',*,*,#13270,.T.);
#13270 = EDGE_CURVE('',#13240,#13271,#13273,.T.);
#13271 = VERTEX_POINT('',#13272);
#13272 = CARTESIAN_POINT('',(-6.,-3.35,0.1495));
#13273 = LINE('',#13274,#13275);
#13274 = CARTESIAN_POINT('',(-6.,-3.35,0.1495));
#13275 = VECTOR('',#13276,1.);
#13276 = DIRECTION('',(-1.249318835986E-16,1.,1.224606353822E-16));
#13277 = ORIENTED_EDGE('',*,*,#13278,.T.);
#13278 = EDGE_CURVE('',#13271,#13279,#13281,.T.);
#13279 = VERTEX_POINT('',#13280);
#13280 = CARTESIAN_POINT('',(-4.7,-3.35,0.1495));
#13281 = LINE('',#13282,#13283);
#13282 = CARTESIAN_POINT('',(-4.7,-3.35,0.1495));
#13283 = VECTOR('',#13284,1.);
#13284 = DIRECTION('',(1.,-8.758701217726E-16,-1.194773615586E-31));
#13285 = ORIENTED_EDGE('',*,*,#13286,.T.);
#13286 = EDGE_CURVE('',#13279,#13248,#13287,.T.);
#13287 = LINE('',#13288,#13289);
#13288 = CARTESIAN_POINT('',(-4.7,-3.85,0.1495));
#13289 = VECTOR('',#13290,1.);
#13290 = DIRECTION('',(1.249318835986E-16,-1.,-1.224606353822E-16));
#13291 = ORIENTED_EDGE('',*,*,#13247,.T.);
#13292 = PLANE('',#13293);
#13293 = AXIS2_PLACEMENT_3D('',#13294,#13295,#13296);
#13294 = CARTESIAN_POINT('',(-6.,-3.85,0.1495));
#13295 = DIRECTION('',(1.529923784499E-32,-1.224606353822E-16,1.));
#13296 = DIRECTION('',(-1.249318835986E-16,1.,1.224606353822E-16));
#13297 = ADVANCED_FACE('',(#13298),#13323,.F.);
#13298 = FACE_BOUND('',#13299,.T.);
#13299 = EDGE_LOOP('',(#13300,#13310,#13316,#13317));
#13300 = ORIENTED_EDGE('',*,*,#13301,.F.);
#13301 = EDGE_CURVE('',#13302,#13304,#13306,.T.);
#13302 = VERTEX_POINT('',#13303);
#13303 = CARTESIAN_POINT('',(-4.7,-3.35,0.5495));
#13304 = VERTEX_POINT('',#13305);
#13305 = CARTESIAN_POINT('',(-6.,-3.35,0.5495));
#13306 = LINE('',#13307,#13308);
#13307 = CARTESIAN_POINT('',(5.,-3.35,0.5495));
#13308 = VECTOR('',#13309,1.);
#13309 = DIRECTION('',(-1.,8.758701217726E-16,1.194773615586E-31));
#13310 = ORIENTED_EDGE('',*,*,#13311,.F.);
#13311 = EDGE_CURVE('',#13279,#13302,#13312,.T.);
#13312 = LINE('',#13313,#13314);
#13313 = CARTESIAN_POINT('',(-4.7,-3.35,0.1495));
#13314 = VECTOR('',#13315,1.);
#13315 = DIRECTION('',(1.529923784499E-32,-1.224606353822E-16,1.));
#13316 = ORIENTED_EDGE('',*,*,#13278,.F.);
#13317 = ORIENTED_EDGE('',*,*,#13318,.T.);
#13318 = EDGE_CURVE('',#13271,#13304,#13319,.T.);
#13319 = LINE('',#13320,#13321);
#13320 = CARTESIAN_POINT('',(-6.,-3.35,0.1495));
#13321 = VECTOR('',#13322,1.);
#13322 = DIRECTION('',(1.529923784499E-32,-1.224606353822E-16,1.));
#13323 = PLANE('',#13324);
#13324 = AXIS2_PLACEMENT_3D('',#13325,#13326,#13327);
#13325 = CARTESIAN_POINT('',(-4.7,-3.35,0.1495));
#13326 = DIRECTION('',(-8.758701217726E-16,-1.,-1.224606353822E-16));
#13327 = DIRECTION('',(-1.,8.758701217726E-16,1.194773615586E-31));
#13328 = ADVANCED_FACE('',(#13329),#13354,.F.);
#13329 = FACE_BOUND('',#13330,.T.);
#13330 = EDGE_LOOP('',(#13331,#13339,#13347,#13353));
#13331 = ORIENTED_EDGE('',*,*,#13332,.T.);
#13332 = EDGE_CURVE('',#11501,#13333,#13335,.T.);
#13333 = VERTEX_POINT('',#13334);
#13334 = CARTESIAN_POINT('',(-6.,-2.8,0.5495));
#13335 = LINE('',#13336,#13337);
#13336 = CARTESIAN_POINT('',(-6.,-2.8,0.5495));
#13337 = VECTOR('',#13338,1.);
#13338 = DIRECTION('',(-1.,1.609791592378E-15,2.093538511696E-31));
#13339 = ORIENTED_EDGE('',*,*,#13340,.F.);
#13340 = EDGE_CURVE('',#13341,#13333,#13343,.T.);
#13341 = VERTEX_POINT('',#13342);
#13342 = CARTESIAN_POINT('',(-6.,-2.8,0.7995));
#13343 = LINE('',#13344,#13345);
#13344 = CARTESIAN_POINT('',(-6.,-2.8,0.7995));
#13345 = VECTOR('',#13346,1.);
#13346 = DIRECTION('',(-1.529923784499E-32,1.224606353822E-16,-1.));
#13347 = ORIENTED_EDGE('',*,*,#13348,.F.);
#13348 = EDGE_CURVE('',#11492,#13341,#13349,.T.);
#13349 = LINE('',#13350,#13351);
#13350 = CARTESIAN_POINT('',(-6.,-2.8,0.7995));
#13351 = VECTOR('',#13352,1.);
#13352 = DIRECTION('',(-1.,1.609791592378E-15,2.093538511696E-31));
#13353 = ORIENTED_EDGE('',*,*,#11500,.T.);
#13354 = PLANE('',#13355);
#13355 = AXIS2_PLACEMENT_3D('',#13356,#13357,#13358);
#13356 = CARTESIAN_POINT('',(-6.,-2.8,0.7995));
#13357 = DIRECTION('',(-1.609791592378E-15,-1.,-1.224606353822E-16));
#13358 = DIRECTION('',(-1.,1.609791592378E-15,2.093538511696E-31));
#13359 = ADVANCED_FACE('',(#13360),#13378,.F.);
#13360 = FACE_BOUND('',#13361,.T.);
#13361 = EDGE_LOOP('',(#13362,#13370,#13371,#13372));
#13362 = ORIENTED_EDGE('',*,*,#13363,.T.);
#13363 = EDGE_CURVE('',#13364,#11482,#13366,.T.);
#13364 = VERTEX_POINT('',#13365);
#13365 = CARTESIAN_POINT('',(-6.,-1.4,0.7995));
#13366 = LINE('',#13367,#13368);
#13367 = CARTESIAN_POINT('',(-6.,-1.4,0.7995));
#13368 = VECTOR('',#13369,1.);
#13369 = DIRECTION('',(1.,1.642814925078E-15,1.889624096065E-31));
#13370 = ORIENTED_EDGE('',*,*,#11491,.T.);
#13371 = ORIENTED_EDGE('',*,*,#13348,.T.);
#13372 = ORIENTED_EDGE('',*,*,#13373,.T.);
#13373 = EDGE_CURVE('',#13341,#13364,#13374,.T.);
#13374 = LINE('',#13375,#13376);
#13375 = CARTESIAN_POINT('',(-6.,-2.8,0.7995));
#13376 = VECTOR('',#13377,1.);
#13377 = DIRECTION('',(4.946122149645E-16,1.,1.224606353822E-16));
#13378 = PLANE('',#13379);
#13379 = AXIS2_PLACEMENT_3D('',#13380,#13381,#13382);
#13380 = CARTESIAN_POINT('',(-5.,-2.1,0.7995));
#13381 = DIRECTION('',(1.529923784499E-32,-1.224606353822E-16,1.));
#13382 = DIRECTION('',(-1.249318835986E-16,1.,1.224606353822E-16));
#13383 = ADVANCED_FACE('',(#13384),#13402,.F.);
#13384 = FACE_BOUND('',#13385,.T.);
#13385 = EDGE_LOOP('',(#13386,#13394,#13395,#13396));
#13386 = ORIENTED_EDGE('',*,*,#13387,.T.);
#13387 = EDGE_CURVE('',#13388,#11484,#13390,.T.);
#13388 = VERTEX_POINT('',#13389);
#13389 = CARTESIAN_POINT('',(-6.,-1.4,0.5495));
#13390 = LINE('',#13391,#13392);
#13391 = CARTESIAN_POINT('',(-6.,-1.4,0.5495));
#13392 = VECTOR('',#13393,1.);
#13393 = DIRECTION('',(1.,1.642814925078E-15,1.889624096065E-31));
#13394 = ORIENTED_EDGE('',*,*,#11481,.F.);
#13395 = ORIENTED_EDGE('',*,*,#13363,.F.);
#13396 = ORIENTED_EDGE('',*,*,#13397,.T.);
#13397 = EDGE_CURVE('',#13364,#13388,#13398,.T.);
#13398 = LINE('',#13399,#13400);
#13399 = CARTESIAN_POINT('',(-6.,-1.4,0.7995));
#13400 = VECTOR('',#13401,1.);
#13401 = DIRECTION('',(-1.529923784499E-32,1.224606353822E-16,-1.));
#13402 = PLANE('',#13403);
#13403 = AXIS2_PLACEMENT_3D('',#13404,#13405,#13406);
#13404 = CARTESIAN_POINT('',(-6.,-1.4,0.7995));
#13405 = DIRECTION('',(-1.642814925078E-15,1.,1.224606353822E-16));
#13406 = DIRECTION('',(1.,1.642814925078E-15,1.889624096065E-31));
#13407 = ADVANCED_FACE('',(#13408),#13433,.F.);
#13408 = FACE_BOUND('',#13409,.T.);
#13409 = EDGE_LOOP('',(#13410,#13418,#13426,#13432));
#13410 = ORIENTED_EDGE('',*,*,#13411,.T.);
#13411 = EDGE_CURVE('',#11459,#13412,#13414,.T.);
#13412 = VERTEX_POINT('',#13413);
#13413 = CARTESIAN_POINT('',(-6.,1.4,0.5495));
#13414 = LINE('',#13415,#13416);
#13415 = CARTESIAN_POINT('',(-6.,1.4,0.5495));
#13416 = VECTOR('',#13417,1.);
#13417 = DIRECTION('',(-1.,2.043472461372E-15,2.624626859397E-31));
#13418 = ORIENTED_EDGE('',*,*,#13419,.F.);
#13419 = EDGE_CURVE('',#13420,#13412,#13422,.T.);
#13420 = VERTEX_POINT('',#13421);
#13421 = CARTESIAN_POINT('',(-6.,1.4,0.7995));
#13422 = LINE('',#13423,#13424);
#13423 = CARTESIAN_POINT('',(-6.,1.4,0.7995));
#13424 = VECTOR('',#13425,1.);
#13425 = DIRECTION('',(-1.529923784499E-32,1.224606353822E-16,-1.));
#13426 = ORIENTED_EDGE('',*,*,#13427,.F.);
#13427 = EDGE_CURVE('',#11450,#13420,#13428,.T.);
#13428 = LINE('',#13429,#13430);
#13429 = CARTESIAN_POINT('',(-6.,1.4,0.7995));
#13430 = VECTOR('',#13431,1.);
#13431 = DIRECTION('',(-1.,2.043472461372E-15,2.624626859397E-31));
#13432 = ORIENTED_EDGE('',*,*,#11458,.T.);
#13433 = PLANE('',#13434);
#13434 = AXIS2_PLACEMENT_3D('',#13435,#13436,#13437);
#13435 = CARTESIAN_POINT('',(-6.,1.4,0.7995));
#13436 = DIRECTION('',(-2.043472461372E-15,-1.,-1.224606353822E-16));
#13437 = DIRECTION('',(-1.,2.043472461372E-15,2.624626859397E-31));
#13438 = ADVANCED_FACE('',(#13439),#13457,.F.);
#13439 = FACE_BOUND('',#13440,.T.);
#13440 = EDGE_LOOP('',(#13441,#13449,#13455,#13456));
#13441 = ORIENTED_EDGE('',*,*,#13442,.T.);
#13442 = EDGE_CURVE('',#13420,#13443,#13445,.T.);
#13443 = VERTEX_POINT('',#13444);
#13444 = CARTESIAN_POINT('',(-6.,2.8,0.7995));
#13445 = LINE('',#13446,#13447);
#13446 = CARTESIAN_POINT('',(-6.,1.4,0.7995));
#13447 = VECTOR('',#13448,1.);
#13448 = DIRECTION('',(4.946122149645E-16,1.,1.224606353822E-16));
#13449 = ORIENTED_EDGE('',*,*,#13450,.T.);
#13450 = EDGE_CURVE('',#13443,#11440,#13451,.T.);
#13451 = LINE('',#13452,#13453);
#13452 = CARTESIAN_POINT('',(-6.,2.8,0.7995));
#13453 = VECTOR('',#13454,1.);
#13454 = DIRECTION('',(1.,2.29333622857E-15,2.686256617618E-31));
#13455 = ORIENTED_EDGE('',*,*,#11449,.T.);
#13456 = ORIENTED_EDGE('',*,*,#13427,.T.);
#13457 = PLANE('',#13458);
#13458 = AXIS2_PLACEMENT_3D('',#13459,#13460,#13461);
#13459 = CARTESIAN_POINT('',(-5.,2.1,0.7995));
#13460 = DIRECTION('',(1.529923784499E-32,-1.224606353822E-16,1.));
#13461 = DIRECTION('',(-1.249318835986E-16,1.,1.224606353822E-16));
#13462 = ADVANCED_FACE('',(#13463),#13481,.F.);
#13463 = FACE_BOUND('',#13464,.T.);
#13464 = EDGE_LOOP('',(#13465,#13473,#13474,#13475));
#13465 = ORIENTED_EDGE('',*,*,#13466,.T.);
#13466 = EDGE_CURVE('',#13467,#11442,#13469,.T.);
#13467 = VERTEX_POINT('',#13468);
#13468 = CARTESIAN_POINT('',(-6.,2.8,0.5495));
#13469 = LINE('',#13470,#13471);
#13470 = CARTESIAN_POINT('',(-6.,2.8,0.5495));
#13471 = VECTOR('',#13472,1.);
#13472 = DIRECTION('',(1.,2.29333622857E-15,2.686256617618E-31));
#13473 = ORIENTED_EDGE('',*,*,#11439,.F.);
#13474 = ORIENTED_EDGE('',*,*,#13450,.F.);
#13475 = ORIENTED_EDGE('',*,*,#13476,.T.);
#13476 = EDGE_CURVE('',#13443,#13467,#13477,.T.);
#13477 = LINE('',#13478,#13479);
#13478 = CARTESIAN_POINT('',(-6.,2.8,0.7995));
#13479 = VECTOR('',#13480,1.);
#13480 = DIRECTION('',(-1.529923784499E-32,1.224606353822E-16,-1.));
#13481 = PLANE('',#13482);
#13482 = AXIS2_PLACEMENT_3D('',#13483,#13484,#13485);
#13483 = CARTESIAN_POINT('',(-6.,2.8,0.7995));
#13484 = DIRECTION('',(-2.29333622857E-15,1.,1.224606353822E-16));
#13485 = DIRECTION('',(1.,2.29333622857E-15,2.686256617618E-31));
#13486 = ADVANCED_FACE('',(#13487),#13521,.F.);
#13487 = FACE_BOUND('',#13488,.T.);
#13488 = EDGE_LOOP('',(#13489,#13499,#13507,#13515));
#13489 = ORIENTED_EDGE('',*,*,#13490,.F.);
#13490 = EDGE_CURVE('',#13491,#13493,#13495,.T.);
#13491 = VERTEX_POINT('',#13492);
#13492 = CARTESIAN_POINT('',(-6.,3.35,0.5495));
#13493 = VERTEX_POINT('',#13494);
#13494 = CARTESIAN_POINT('',(-4.7,3.35,0.5495));
#13495 = LINE('',#13496,#13497);
#13496 = CARTESIAN_POINT('',(5.,3.35,0.5495));
#13497 = VECTOR('',#13498,1.);
#13498 = DIRECTION('',(1.,4.585325520557E-16,4.393443773421E-32));
#13499 = ORIENTED_EDGE('',*,*,#13500,.F.);
#13500 = EDGE_CURVE('',#13501,#13491,#13503,.T.);
#13501 = VERTEX_POINT('',#13502);
#13502 = CARTESIAN_POINT('',(-6.,3.35,0.1495));
#13503 = LINE('',#13504,#13505);
#13504 = CARTESIAN_POINT('',(-6.,3.35,0.1495));
#13505 = VECTOR('',#13506,1.);
#13506 = DIRECTION('',(1.529923784499E-32,-1.224606353822E-16,1.));
#13507 = ORIENTED_EDGE('',*,*,#13508,.F.);
#13508 = EDGE_CURVE('',#13509,#13501,#13511,.T.);
#13509 = VERTEX_POINT('',#13510);
#13510 = CARTESIAN_POINT('',(-4.7,3.35,0.1495));
#13511 = LINE('',#13512,#13513);
#13512 = CARTESIAN_POINT('',(-6.,3.35,0.1495));
#13513 = VECTOR('',#13514,1.);
#13514 = DIRECTION('',(-1.,-4.585325520557E-16,-4.393443773421E-32));
#13515 = ORIENTED_EDGE('',*,*,#13516,.T.);
#13516 = EDGE_CURVE('',#13509,#13493,#13517,.T.);
#13517 = LINE('',#13518,#13519);
#13518 = CARTESIAN_POINT('',(-4.7,3.35,0.1495));
#13519 = VECTOR('',#13520,1.);
#13520 = DIRECTION('',(1.529923784499E-32,-1.224606353822E-16,1.));
#13521 = PLANE('',#13522);
#13522 = AXIS2_PLACEMENT_3D('',#13523,#13524,#13525);
#13523 = CARTESIAN_POINT('',(-6.,3.35,0.1495));
#13524 = DIRECTION('',(-4.585325520557E-16,1.,1.224606353822E-16));
#13525 = DIRECTION('',(1.,4.585325520557E-16,4.393443773421E-32));
#13526 = ADVANCED_FACE('',(#13527),#13552,.F.);
#13527 = FACE_BOUND('',#13528,.T.);
#13528 = EDGE_LOOP('',(#13529,#13539,#13545,#13546));
#13529 = ORIENTED_EDGE('',*,*,#13530,.T.);
#13530 = EDGE_CURVE('',#13531,#13533,#13535,.T.);
#13531 = VERTEX_POINT('',#13532);
#13532 = CARTESIAN_POINT('',(-6.,3.85,0.1495));
#13533 = VERTEX_POINT('',#13534);
#13534 = CARTESIAN_POINT('',(-4.7,3.85,0.1495));
#13535 = LINE('',#13536,#13537);
#13536 = CARTESIAN_POINT('',(-4.7,3.85,0.1495));
#13537 = VECTOR('',#13538,1.);
#13538 = DIRECTION('',(1.,1.249318835986E-16,3.08148791102E-33));
#13539 = ORIENTED_EDGE('',*,*,#13540,.T.);
#13540 = EDGE_CURVE('',#13533,#13509,#13541,.T.);
#13541 = LINE('',#13542,#13543);
#13542 = CARTESIAN_POINT('',(-4.7,3.35,0.1495));
#13543 = VECTOR('',#13544,1.);
#13544 = DIRECTION('',(1.249318835986E-16,-1.,-1.224606353822E-16));
#13545 = ORIENTED_EDGE('',*,*,#13508,.T.);
#13546 = ORIENTED_EDGE('',*,*,#13547,.T.);
#13547 = EDGE_CURVE('',#13501,#13531,#13548,.T.);
#13548 = LINE('',#13549,#13550);
#13549 = CARTESIAN_POINT('',(-6.,3.85,0.1495));
#13550 = VECTOR('',#13551,1.);
#13551 = DIRECTION('',(-1.249318835986E-16,1.,1.224606353822E-16));
#13552 = PLANE('',#13553);
#13553 = AXIS2_PLACEMENT_3D('',#13554,#13555,#13556);
#13554 = CARTESIAN_POINT('',(-6.,3.85,0.1495));
#13555 = DIRECTION('',(1.529923784499E-32,-1.224606353822E-16,1.));
#13556 = DIRECTION('',(-1.249318835986E-16,1.,1.224606353822E-16));
#13557 = ADVANCED_FACE('',(#13558),#13583,.F.);
#13558 = FACE_BOUND('',#13559,.T.);
#13559 = EDGE_LOOP('',(#13560,#13568,#13569,#13577));
#13560 = ORIENTED_EDGE('',*,*,#13561,.T.);
#13561 = EDGE_CURVE('',#13562,#13533,#13564,.T.);
#13562 = VERTEX_POINT('',#13563);
#13563 = CARTESIAN_POINT('',(-4.7,3.85,-5.00000000045E-04));
#13564 = LINE('',#13565,#13566);
#13565 = CARTESIAN_POINT('',(-4.7,3.85,-5.00000000045E-04));
#13566 = VECTOR('',#13567,1.);
#13567 = DIRECTION('',(1.529923784499E-32,-1.224606353822E-16,1.));
#13568 = ORIENTED_EDGE('',*,*,#13530,.F.);
#13569 = ORIENTED_EDGE('',*,*,#13570,.F.);
#13570 = EDGE_CURVE('',#13571,#13531,#13573,.T.);
#13571 = VERTEX_POINT('',#13572);
#13572 = CARTESIAN_POINT('',(-6.,3.85,-5.00000000045E-04));
#13573 = LINE('',#13574,#13575);
#13574 = CARTESIAN_POINT('',(-6.,3.85,-5.00000000045E-04));
#13575 = VECTOR('',#13576,1.);
#13576 = DIRECTION('',(1.529923784499E-32,-1.224606353822E-16,1.));
#13577 = ORIENTED_EDGE('',*,*,#13578,.F.);
#13578 = EDGE_CURVE('',#13562,#13571,#13579,.T.);
#13579 = LINE('',#13580,#13581);
#13580 = CARTESIAN_POINT('',(-4.7,3.85,-5.00000000045E-04));
#13581 = VECTOR('',#13582,1.);
#13582 = DIRECTION('',(-1.,-1.249318835986E-16,-3.08148791102E-33));
#13583 = PLANE('',#13584);
#13584 = AXIS2_PLACEMENT_3D('',#13585,#13586,#13587);
#13585 = CARTESIAN_POINT('',(-4.7,3.85,-5.00000000045E-04));
#13586 = DIRECTION('',(-1.249318835986E-16,1.,1.224606353822E-16));
#13587 = DIRECTION('',(-1.529923784499E-32,1.224606353822E-16,-1.));
#13588 = ADVANCED_FACE('',(#13589),#13614,.T.);
#13589 = FACE_BOUND('',#13590,.T.);
#13590 = EDGE_LOOP('',(#13591,#13597,#13598,#13606,#13613));
#13591 = ORIENTED_EDGE('',*,*,#13592,.T.);
#13592 = EDGE_CURVE('',#12965,#13562,#13593,.T.);
#13593 = LINE('',#13594,#13595);
#13594 = CARTESIAN_POINT('',(-4.7,5.85,-5.00000000045E-04));
#13595 = VECTOR('',#13596,1.);
#13596 = DIRECTION('',(5.586127525928E-16,-1.,-1.224606353822E-16));
#13597 = ORIENTED_EDGE('',*,*,#13578,.T.);
#13598 = ORIENTED_EDGE('',*,*,#13599,.T.);
#13599 = EDGE_CURVE('',#13571,#13600,#13602,.T.);
#13600 = VERTEX_POINT('',#13601);
#13601 = CARTESIAN_POINT('',(-6.,4.85,-5.00000000045E-04));
#13602 = LINE('',#13603,#13604);
#13603 = CARTESIAN_POINT('',(-6.,3.85,-5.00000000045E-04));
#13604 = VECTOR('',#13605,1.);
#13605 = DIRECTION('',(1.609791592378E-15,1.,1.224606353822E-16));
#13606 = ORIENTED_EDGE('',*,*,#13607,.T.);
#13607 = EDGE_CURVE('',#13600,#12940,#13608,.T.);
#13608 = CIRCLE('',#13609,1.);
#13609 = AXIS2_PLACEMENT_3D('',#13610,#13611,#13612);
#13610 = CARTESIAN_POINT('',(-5.,4.85,-5.00000000045E-04));
#13611 = DIRECTION('',(-1.529923784499E-32,1.224606353822E-16,-1.));
#13612 = DIRECTION('',(3.037693553488E-16,-1.,-1.224606353822E-16));
#13613 = ORIENTED_EDGE('',*,*,#12972,.T.);
#13614 = PLANE('',#13615);
#13615 = AXIS2_PLACEMENT_3D('',#13616,#13617,#13618);
#13616 = CARTESIAN_POINT('',(-5.,4.85,-5.00000000045E-04));
#13617 = DIRECTION('',(-1.529923784499E-32,1.224606353822E-16,-1.));
#13618 = DIRECTION('',(1.249318835986E-16,-1.,-1.224606353822E-16));
#13619 = ADVANCED_FACE('',(#13620),#13639,.T.);
#13620 = FACE_BOUND('',#13621,.T.);
#13621 = EDGE_LOOP('',(#13622,#13623,#13631,#13638));
#13622 = ORIENTED_EDGE('',*,*,#13607,.F.);
#13623 = ORIENTED_EDGE('',*,*,#13624,.F.);
#13624 = EDGE_CURVE('',#13625,#13600,#13627,.T.);
#13625 = VERTEX_POINT('',#13626);
#13626 = CARTESIAN_POINT('',(-6.,4.85,2.8245));
#13627 = LINE('',#13628,#13629);
#13628 = CARTESIAN_POINT('',(-6.,4.85,19.459273268156));
#13629 = VECTOR('',#13630,1.);
#13630 = DIRECTION('',(-0.,0.,-1.));
#13631 = ORIENTED_EDGE('',*,*,#13632,.T.);
#13632 = EDGE_CURVE('',#13625,#12942,#13633,.T.);
#13633 = CIRCLE('',#13634,1.);
#13634 = AXIS2_PLACEMENT_3D('',#13635,#13636,#13637);
#13635 = CARTESIAN_POINT('',(-5.,4.85,2.8245));
#13636 = DIRECTION('',(0.,0.,-1.));
#13637 = DIRECTION('',(1.,3.037693553488E-16,0.));
#13638 = ORIENTED_EDGE('',*,*,#12939,.F.);
#13639 = CYLINDRICAL_SURFACE('',#13640,1.);
#13640 = AXIS2_PLACEMENT_3D('',#13641,#13642,#13643);
#13641 = CARTESIAN_POINT('',(-5.,4.85,0.5495));
#13642 = DIRECTION('',(1.529923784499E-32,-1.224606353822E-16,1.));
#13643 = DIRECTION('',(-3.037693553488E-16,1.,1.224606353822E-16));
#13644 = ADVANCED_FACE('',(#13645),#13670,.F.);
#13645 = FACE_BOUND('',#13646,.T.);
#13646 = EDGE_LOOP('',(#13647,#13655,#13663,#13669));
#13647 = ORIENTED_EDGE('',*,*,#13648,.F.);
#13648 = EDGE_CURVE('',#13649,#11576,#13651,.T.);
#13649 = VERTEX_POINT('',#13650);
#13650 = CARTESIAN_POINT('',(6.,-3.25,1.4995));
#13651 = LINE('',#13652,#13653);
#13652 = CARTESIAN_POINT('',(3.9,-3.25,1.4995));
#13653 = VECTOR('',#13654,1.);
#13654 = DIRECTION('',(1.,1.249318835986E-16,2.486067977623E-16));
#13655 = ORIENTED_EDGE('',*,*,#13656,.T.);
#13656 = EDGE_CURVE('',#13649,#13657,#13659,.T.);
#13657 = VERTEX_POINT('',#13658);
#13658 = CARTESIAN_POINT('',(6.,-3.25,1.3495));
#13659 = LINE('',#13660,#13661);
#13660 = CARTESIAN_POINT('',(6.,-3.25,19.459273268156));
#13661 = VECTOR('',#13662,1.);
#13662 = DIRECTION('',(0.,-0.,-1.));
#13663 = ORIENTED_EDGE('',*,*,#13664,.T.);
#13664 = EDGE_CURVE('',#13657,#11566,#13665,.T.);
#13665 = LINE('',#13666,#13667);
#13666 = CARTESIAN_POINT('',(3.9,-3.25,1.3495));
#13667 = VECTOR('',#13668,1.);
#13668 = DIRECTION('',(1.,1.249318835986E-16,2.486067977623E-16));
#13669 = ORIENTED_EDGE('',*,*,#11584,.T.);
#13670 = PLANE('',#13671);
#13671 = AXIS2_PLACEMENT_3D('',#13672,#13673,#13674);
#13672 = CARTESIAN_POINT('',(3.9,-3.25,1.4995));
#13673 = DIRECTION('',(-1.249318835986E-16,1.,9.860761315263E-32));
#13674 = DIRECTION('',(-2.486067977623E-16,-1.296665286725E-31,1.));
#13675 = ADVANCED_FACE('',(#13676),#13694,.F.);
#13676 = FACE_BOUND('',#13677,.T.);
#13677 = EDGE_LOOP('',(#13678,#13679,#13687,#13693));
#13678 = ORIENTED_EDGE('',*,*,#13664,.F.);
#13679 = ORIENTED_EDGE('',*,*,#13680,.T.);
#13680 = EDGE_CURVE('',#13657,#13681,#13683,.T.);
#13681 = VERTEX_POINT('',#13682);
#13682 = CARTESIAN_POINT('',(6.,-2.712132034356,1.3495));
#13683 = LINE('',#13684,#13685);
#13684 = CARTESIAN_POINT('',(6.,-4.85,1.3495));
#13685 = VECTOR('',#13686,1.);
#13686 = DIRECTION('',(-3.037693553488E-16,1.,5.41474019809E-32));
#13687 = ORIENTED_EDGE('',*,*,#13688,.F.);
#13688 = EDGE_CURVE('',#11601,#13681,#13689,.T.);
#13689 = LINE('',#13690,#13691);
#13690 = CARTESIAN_POINT('',(6.425,-2.712132034356,1.3495));
#13691 = VECTOR('',#13692,1.);
#13692 = DIRECTION('',(-1.,-1.249318835986E-16,-3.670988384711E-16));
#13693 = ORIENTED_EDGE('',*,*,#11609,.T.);
#13694 = PLANE('',#13695);
#13695 = AXIS2_PLACEMENT_3D('',#13696,#13697,#13698);
#13696 = CARTESIAN_POINT('',(-14.5,9.,1.3495));
#13697 = DIRECTION('',(-2.486067977623E-16,-3.105891551988E-32,1.));
#13698 = DIRECTION('',(1.249318835986E-16,-1.,0.));
#13699 = ADVANCED_FACE('',(#13700),#13719,.F.);
#13700 = FACE_BOUND('',#13701,.F.);
#13701 = EDGE_LOOP('',(#13702,#13703,#13711,#13718));
#13702 = ORIENTED_EDGE('',*,*,#11633,.T.);
#13703 = ORIENTED_EDGE('',*,*,#13704,.T.);
#13704 = EDGE_CURVE('',#11625,#13705,#13707,.T.);
#13705 = VERTEX_POINT('',#13706);
#13706 = CARTESIAN_POINT('',(6.,-2.287867965644,1.3495));
#13707 = LINE('',#13708,#13709);
#13708 = CARTESIAN_POINT('',(6.425,-2.287867965644,1.3495));
#13709 = VECTOR('',#13710,1.);
#13710 = DIRECTION('',(-1.,-1.249318835986E-16,-3.670988384711E-16));
#13711 = ORIENTED_EDGE('',*,*,#13712,.F.);
#13712 = EDGE_CURVE('',#13681,#13705,#13713,.T.);
#13713 = CIRCLE('',#13714,0.225);
#13714 = AXIS2_PLACEMENT_3D('',#13715,#13716,#13717);
#13715 = CARTESIAN_POINT('',(6.,-2.5,1.2745));
#13716 = DIRECTION('',(-1.,-3.037693553488E-16,0.));
#13717 = DIRECTION('',(3.037693553488E-16,-1.,0.));
#13718 = ORIENTED_EDGE('',*,*,#13688,.F.);
#13719 = CYLINDRICAL_SURFACE('',#13720,0.225);
#13720 = AXIS2_PLACEMENT_3D('',#13721,#13722,#13723);
#13721 = CARTESIAN_POINT('',(6.425,-2.5,1.2745));
#13722 = DIRECTION('',(-1.,-1.249318835986E-16,-3.670988384711E-16));
#13723 = DIRECTION('',(3.670988384711E-16,4.586234935707E-32,-1.));
#13724 = ADVANCED_FACE('',(#13725),#13743,.F.);
#13725 = FACE_BOUND('',#13726,.T.);
#13726 = EDGE_LOOP('',(#13727,#13728,#13736,#13742));
#13727 = ORIENTED_EDGE('',*,*,#13704,.T.);
#13728 = ORIENTED_EDGE('',*,*,#13729,.T.);
#13729 = EDGE_CURVE('',#13705,#13730,#13732,.T.);
#13730 = VERTEX_POINT('',#13731);
#13731 = CARTESIAN_POINT('',(6.,-1.75,1.3495));
#13732 = LINE('',#13733,#13734);
#13733 = CARTESIAN_POINT('',(6.,-4.85,1.3495));
#13734 = VECTOR('',#13735,1.);
#13735 = DIRECTION('',(-3.037693553488E-16,1.,5.41474019809E-32));
#13736 = ORIENTED_EDGE('',*,*,#13737,.F.);
#13737 = EDGE_CURVE('',#11651,#13730,#13738,.T.);
#13738 = LINE('',#13739,#13740);
#13739 = CARTESIAN_POINT('',(5.5,-1.75,1.3495));
#13740 = VECTOR('',#13741,1.);
#13741 = DIRECTION('',(-1.,-1.249318835986E-16,-2.486067977623E-16));
#13742 = ORIENTED_EDGE('',*,*,#11659,.T.);
#13743 = PLANE('',#13744);
#13744 = AXIS2_PLACEMENT_3D('',#13745,#13746,#13747);
#13745 = CARTESIAN_POINT('',(-14.5,9.,1.3495));
#13746 = DIRECTION('',(-2.486067977623E-16,-3.105891551988E-32,1.));
#13747 = DIRECTION('',(1.249318835986E-16,-1.,0.));
#13748 = ADVANCED_FACE('',(#13749),#13767,.T.);
#13749 = FACE_BOUND('',#13750,.T.);
#13750 = EDGE_LOOP('',(#13751,#13759,#13765,#13766));
#13751 = ORIENTED_EDGE('',*,*,#13752,.F.);
#13752 = EDGE_CURVE('',#13753,#13730,#13755,.T.);
#13753 = VERTEX_POINT('',#13754);
#13754 = CARTESIAN_POINT('',(6.,-1.75,1.4995));
#13755 = LINE('',#13756,#13757);
#13756 = CARTESIAN_POINT('',(6.,-1.75,19.459273268156));
#13757 = VECTOR('',#13758,1.);
#13758 = DIRECTION('',(0.,-0.,-1.));
#13759 = ORIENTED_EDGE('',*,*,#13760,.F.);
#13760 = EDGE_CURVE('',#11678,#13753,#13761,.T.);
#13761 = LINE('',#13762,#13763);
#13762 = CARTESIAN_POINT('',(5.5,-1.75,1.4995));
#13763 = VECTOR('',#13764,1.);
#13764 = DIRECTION('',(-1.,-1.249318835986E-16,-2.486067977623E-16));
#13765 = ORIENTED_EDGE('',*,*,#11677,.F.);
#13766 = ORIENTED_EDGE('',*,*,#13737,.T.);
#13767 = PLANE('',#13768);
#13768 = AXIS2_PLACEMENT_3D('',#13769,#13770,#13771);
#13769 = CARTESIAN_POINT('',(5.5,-1.75,-66.7646926635));
#13770 = DIRECTION('',(-1.249318835986E-16,1.,9.860761315263E-32));
#13771 = DIRECTION('',(-2.486067977623E-16,-1.296665286725E-31,1.));
#13772 = ADVANCED_FACE('',(#13773),#13791,.T.);
#13773 = FACE_BOUND('',#13774,.T.);
#13774 = EDGE_LOOP('',(#13775,#13783,#13789,#13790));
#13775 = ORIENTED_EDGE('',*,*,#13776,.F.);
#13776 = EDGE_CURVE('',#13777,#13753,#13779,.T.);
#13777 = VERTEX_POINT('',#13778);
#13778 = CARTESIAN_POINT('',(6.,-2.2,1.4995));
#13779 = LINE('',#13780,#13781);
#13780 = CARTESIAN_POINT('',(6.,-4.85,1.4995));
#13781 = VECTOR('',#13782,1.);
#13782 = DIRECTION('',(-3.037693553488E-16,1.,5.41474019809E-32));
#13783 = ORIENTED_EDGE('',*,*,#13784,.F.);
#13784 = EDGE_CURVE('',#11701,#13777,#13785,.T.);
#13785 = LINE('',#13786,#13787);
#13786 = CARTESIAN_POINT('',(6.425,-2.2,1.4995));
#13787 = VECTOR('',#13788,1.);
#13788 = DIRECTION('',(-1.,-1.249318835986E-16,-2.486067977623E-16));
#13789 = ORIENTED_EDGE('',*,*,#11711,.F.);
#13790 = ORIENTED_EDGE('',*,*,#13760,.T.);
#13791 = PLANE('',#13792);
#13792 = AXIS2_PLACEMENT_3D('',#13793,#13794,#13795);
#13793 = CARTESIAN_POINT('',(-14.5,9.,1.4995));
#13794 = DIRECTION('',(-2.486067977623E-16,-3.105891551988E-32,1.));
#13795 = DIRECTION('',(1.249318835986E-16,-1.,0.));
#13796 = ADVANCED_FACE('',(#13797),#13816,.T.);
#13797 = FACE_BOUND('',#13798,.T.);
#13798 = EDGE_LOOP('',(#13799,#13808,#13814,#13815));
#13799 = ORIENTED_EDGE('',*,*,#13800,.F.);
#13800 = EDGE_CURVE('',#13801,#13777,#13803,.T.);
#13801 = VERTEX_POINT('',#13802);
#13802 = CARTESIAN_POINT('',(6.,-2.8,1.4995));
#13803 = CIRCLE('',#13804,0.375);
#13804 = AXIS2_PLACEMENT_3D('',#13805,#13806,#13807);
#13805 = CARTESIAN_POINT('',(6.,-2.5,1.2745));
#13806 = DIRECTION('',(-1.,-3.037693553488E-16,0.));
#13807 = DIRECTION('',(3.037693553488E-16,-1.,0.));
#13808 = ORIENTED_EDGE('',*,*,#13809,.F.);
#13809 = EDGE_CURVE('',#11729,#13801,#13810,.T.);
#13810 = LINE('',#13811,#13812);
#13811 = CARTESIAN_POINT('',(6.425,-2.8,1.4995));
#13812 = VECTOR('',#13813,1.);
#13813 = DIRECTION('',(-1.,-1.249318835986E-16,-2.486067977623E-16));
#13814 = ORIENTED_EDGE('',*,*,#11728,.T.);
#13815 = ORIENTED_EDGE('',*,*,#13784,.T.);
#13816 = CYLINDRICAL_SURFACE('',#13817,0.375);
#13817 = AXIS2_PLACEMENT_3D('',#13818,#13819,#13820);
#13818 = CARTESIAN_POINT('',(6.425,-2.5,1.2745));
#13819 = DIRECTION('',(-1.,-1.249318835986E-16,-2.486067977623E-16));
#13820 = DIRECTION('',(2.486067977623E-16,3.105891551988E-32,-1.));
#13821 = ADVANCED_FACE('',(#13822),#13833,.T.);
#13822 = FACE_BOUND('',#13823,.T.);
#13823 = EDGE_LOOP('',(#13824,#13830,#13831,#13832));
#13824 = ORIENTED_EDGE('',*,*,#13825,.F.);
#13825 = EDGE_CURVE('',#13649,#13801,#13826,.T.);
#13826 = LINE('',#13827,#13828);
#13827 = CARTESIAN_POINT('',(6.,-4.85,1.4995));
#13828 = VECTOR('',#13829,1.);
#13829 = DIRECTION('',(-3.037693553488E-16,1.,5.41474019809E-32));
#13830 = ORIENTED_EDGE('',*,*,#13648,.T.);
#13831 = ORIENTED_EDGE('',*,*,#11753,.F.);
#13832 = ORIENTED_EDGE('',*,*,#13809,.T.);
#13833 = PLANE('',#13834);
#13834 = AXIS2_PLACEMENT_3D('',#13835,#13836,#13837);
#13835 = CARTESIAN_POINT('',(-14.5,9.,1.4995));
#13836 = DIRECTION('',(-2.486067977623E-16,-3.105891551988E-32,1.));
#13837 = DIRECTION('',(1.249318835986E-16,-1.,0.));
#13838 = ADVANCED_FACE('',(#13839),#13864,.T.);
#13839 = FACE_BOUND('',#13840,.T.);
#13840 = EDGE_LOOP('',(#13841,#13851,#13857,#13858));
#13841 = ORIENTED_EDGE('',*,*,#13842,.F.);
#13842 = EDGE_CURVE('',#13843,#13845,#13847,.T.);
#13843 = VERTEX_POINT('',#13844);
#13844 = CARTESIAN_POINT('',(6.,1.75,1.4995));
#13845 = VERTEX_POINT('',#13846);
#13846 = CARTESIAN_POINT('',(6.,2.2,1.4995));
#13847 = LINE('',#13848,#13849);
#13848 = CARTESIAN_POINT('',(6.,-4.85,1.4995));
#13849 = VECTOR('',#13850,1.);
#13850 = DIRECTION('',(-3.037693553488E-16,1.,5.41474019809E-32));
#13851 = ORIENTED_EDGE('',*,*,#13852,.T.);
#13852 = EDGE_CURVE('',#13843,#11938,#13853,.T.);
#13853 = LINE('',#13854,#13855);
#13854 = CARTESIAN_POINT('',(5.5,1.75,1.4995));
#13855 = VECTOR('',#13856,1.);
#13856 = DIRECTION('',(1.,1.249318835986E-16,2.486067977623E-16));
#13857 = ORIENTED_EDGE('',*,*,#11937,.F.);
#13858 = ORIENTED_EDGE('',*,*,#13859,.T.);
#13859 = EDGE_CURVE('',#11929,#13845,#13860,.T.);
#13860 = LINE('',#13861,#13862);
#13861 = CARTESIAN_POINT('',(6.425,2.2,1.4995));
#13862 = VECTOR('',#13863,1.);
#13863 = DIRECTION('',(-1.,-1.249318835986E-16,-2.486067977623E-16));
#13864 = PLANE('',#13865);
#13865 = AXIS2_PLACEMENT_3D('',#13866,#13867,#13868);
#13866 = CARTESIAN_POINT('',(-14.5,9.,1.4995));
#13867 = DIRECTION('',(-2.486067977623E-16,-3.105891551988E-32,1.));
#13868 = DIRECTION('',(1.249318835986E-16,-1.,0.));
#13869 = ADVANCED_FACE('',(#13870),#13888,.T.);
#13870 = FACE_BOUND('',#13871,.T.);
#13871 = EDGE_LOOP('',(#13872,#13880,#13886,#13887));
#13872 = ORIENTED_EDGE('',*,*,#13873,.F.);
#13873 = EDGE_CURVE('',#13874,#13843,#13876,.T.);
#13874 = VERTEX_POINT('',#13875);
#13875 = CARTESIAN_POINT('',(6.,1.75,1.3495));
#13876 = LINE('',#13877,#13878);
#13877 = CARTESIAN_POINT('',(6.,1.75,19.459273268156));
#13878 = VECTOR('',#13879,1.);
#13879 = DIRECTION('',(0.,0.,1.));
#13880 = ORIENTED_EDGE('',*,*,#13881,.T.);
#13881 = EDGE_CURVE('',#13874,#11961,#13882,.T.);
#13882 = LINE('',#13883,#13884);
#13883 = CARTESIAN_POINT('',(5.5,1.75,1.3495));
#13884 = VECTOR('',#13885,1.);
#13885 = DIRECTION('',(1.,1.249318835986E-16,2.486067977623E-16));
#13886 = ORIENTED_EDGE('',*,*,#11971,.F.);
#13887 = ORIENTED_EDGE('',*,*,#13852,.F.);
#13888 = PLANE('',#13889);
#13889 = AXIS2_PLACEMENT_3D('',#13890,#13891,#13892);
#13890 = CARTESIAN_POINT('',(5.5,1.75,-66.7646926635));
#13891 = DIRECTION('',(1.249318835986E-16,-1.,-9.860761315263E-32));
#13892 = DIRECTION('',(2.486067977623E-16,1.296665286725E-31,-1.));
#13893 = ADVANCED_FACE('',(#13894),#13912,.F.);
#13894 = FACE_BOUND('',#13895,.T.);
#13895 = EDGE_LOOP('',(#13896,#13897,#13905,#13911));
#13896 = ORIENTED_EDGE('',*,*,#13881,.F.);
#13897 = ORIENTED_EDGE('',*,*,#13898,.T.);
#13898 = EDGE_CURVE('',#13874,#13899,#13901,.T.);
#13899 = VERTEX_POINT('',#13900);
#13900 = CARTESIAN_POINT('',(6.,2.287867965644,1.3495));
#13901 = LINE('',#13902,#13903);
#13902 = CARTESIAN_POINT('',(6.,-4.85,1.3495));
#13903 = VECTOR('',#13904,1.);
#13904 = DIRECTION('',(-3.037693553488E-16,1.,5.41474019809E-32));
#13905 = ORIENTED_EDGE('',*,*,#13906,.F.);
#13906 = EDGE_CURVE('',#11986,#13899,#13907,.T.);
#13907 = LINE('',#13908,#13909);
#13908 = CARTESIAN_POINT('',(6.425,2.287867965644,1.3495));
#13909 = VECTOR('',#13910,1.);
#13910 = DIRECTION('',(-1.,-1.249318835986E-16,-3.670988384711E-16));
#13911 = ORIENTED_EDGE('',*,*,#11985,.T.);
#13912 = PLANE('',#13913);
#13913 = AXIS2_PLACEMENT_3D('',#13914,#13915,#13916);
#13914 = CARTESIAN_POINT('',(-14.5,9.,1.3495));
#13915 = DIRECTION('',(-2.486067977623E-16,-3.105891551988E-32,1.));
#13916 = DIRECTION('',(1.249318835986E-16,-1.,0.));
#13917 = ADVANCED_FACE('',(#13918),#13937,.F.);
#13918 = FACE_BOUND('',#13919,.F.);
#13919 = EDGE_LOOP('',(#13920,#13921,#13922,#13930));
#13920 = ORIENTED_EDGE('',*,*,#13906,.F.);
#13921 = ORIENTED_EDGE('',*,*,#12019,.F.);
#13922 = ORIENTED_EDGE('',*,*,#13923,.T.);
#13923 = EDGE_CURVE('',#12011,#13924,#13926,.T.);
#13924 = VERTEX_POINT('',#13925);
#13925 = CARTESIAN_POINT('',(6.,2.712132034356,1.3495));
#13926 = LINE('',#13927,#13928);
#13927 = CARTESIAN_POINT('',(6.425,2.712132034356,1.3495));
#13928 = VECTOR('',#13929,1.);
#13929 = DIRECTION('',(-1.,-1.249318835986E-16,-3.670988384711E-16));
#13930 = ORIENTED_EDGE('',*,*,#13931,.T.);
#13931 = EDGE_CURVE('',#13924,#13899,#13932,.T.);
#13932 = CIRCLE('',#13933,0.225);
#13933 = AXIS2_PLACEMENT_3D('',#13934,#13935,#13936);
#13934 = CARTESIAN_POINT('',(6.,2.5,1.2745));
#13935 = DIRECTION('',(1.,3.037693553488E-16,0.));
#13936 = DIRECTION('',(3.037693553488E-16,-1.,0.));
#13937 = CYLINDRICAL_SURFACE('',#13938,0.225);
#13938 = AXIS2_PLACEMENT_3D('',#13939,#13940,#13941);
#13939 = CARTESIAN_POINT('',(6.425,2.5,1.2745));
#13940 = DIRECTION('',(-1.,-1.249318835986E-16,-3.670988384711E-16));
#13941 = DIRECTION('',(3.670988384711E-16,4.586234935707E-32,-1.));
#13942 = ADVANCED_FACE('',(#13943),#13961,.F.);
#13943 = FACE_BOUND('',#13944,.T.);
#13944 = EDGE_LOOP('',(#13945,#13946,#13954,#13960));
#13945 = ORIENTED_EDGE('',*,*,#13923,.T.);
#13946 = ORIENTED_EDGE('',*,*,#13947,.T.);
#13947 = EDGE_CURVE('',#13924,#13948,#13950,.T.);
#13948 = VERTEX_POINT('',#13949);
#13949 = CARTESIAN_POINT('',(6.,3.25,1.3495));
#13950 = LINE('',#13951,#13952);
#13951 = CARTESIAN_POINT('',(6.,-4.85,1.3495));
#13952 = VECTOR('',#13953,1.);
#13953 = DIRECTION('',(-3.037693553488E-16,1.,5.41474019809E-32));
#13954 = ORIENTED_EDGE('',*,*,#13955,.F.);
#13955 = EDGE_CURVE('',#12039,#13948,#13956,.T.);
#13956 = LINE('',#13957,#13958);
#13957 = CARTESIAN_POINT('',(3.9,3.25,1.3495));
#13958 = VECTOR('',#13959,1.);
#13959 = DIRECTION('',(-1.,-1.249318835986E-16,-2.486067977623E-16));
#13960 = ORIENTED_EDGE('',*,*,#12047,.T.);
#13961 = PLANE('',#13962);
#13962 = AXIS2_PLACEMENT_3D('',#13963,#13964,#13965);
#13963 = CARTESIAN_POINT('',(-14.5,9.,1.3495));
#13964 = DIRECTION('',(-2.486067977623E-16,-3.105891551988E-32,1.));
#13965 = DIRECTION('',(1.249318835986E-16,-1.,0.));
#13966 = ADVANCED_FACE('',(#13967),#13985,.F.);
#13967 = FACE_BOUND('',#13968,.T.);
#13968 = EDGE_LOOP('',(#13969,#13970,#13978,#13984));
#13969 = ORIENTED_EDGE('',*,*,#13955,.T.);
#13970 = ORIENTED_EDGE('',*,*,#13971,.T.);
#13971 = EDGE_CURVE('',#13948,#13972,#13974,.T.);
#13972 = VERTEX_POINT('',#13973);
#13973 = CARTESIAN_POINT('',(6.,3.25,1.4995));
#13974 = LINE('',#13975,#13976);
#13975 = CARTESIAN_POINT('',(6.,3.25,19.459273268156));
#13976 = VECTOR('',#13977,1.);
#13977 = DIRECTION('',(0.,0.,1.));
#13978 = ORIENTED_EDGE('',*,*,#13979,.F.);
#13979 = EDGE_CURVE('',#12065,#13972,#13980,.T.);
#13980 = LINE('',#13981,#13982);
#13981 = CARTESIAN_POINT('',(3.9,3.25,1.4995));
#13982 = VECTOR('',#13983,1.);
#13983 = DIRECTION('',(-1.,-1.249318835986E-16,-2.486067977623E-16));
#13984 = ORIENTED_EDGE('',*,*,#12064,.T.);
#13985 = PLANE('',#13986);
#13986 = AXIS2_PLACEMENT_3D('',#13987,#13988,#13989);
#13987 = CARTESIAN_POINT('',(3.9,3.25,1.4995));
#13988 = DIRECTION('',(1.249318835986E-16,-1.,-9.860761315263E-32));
#13989 = DIRECTION('',(2.486067977623E-16,1.296665286725E-31,-1.));
#13990 = ADVANCED_FACE('',(#13991),#14009,.T.);
#13991 = FACE_BOUND('',#13992,.T.);
#13992 = EDGE_LOOP('',(#13993,#14001,#14007,#14008));
#13993 = ORIENTED_EDGE('',*,*,#13994,.F.);
#13994 = EDGE_CURVE('',#13995,#13972,#13997,.T.);
#13995 = VERTEX_POINT('',#13996);
#13996 = CARTESIAN_POINT('',(6.,2.8,1.4995));
#13997 = LINE('',#13998,#13999);
#13998 = CARTESIAN_POINT('',(6.,-4.85,1.4995));
#13999 = VECTOR('',#14000,1.);
#14000 = DIRECTION('',(-3.037693553488E-16,1.,5.41474019809E-32));
#14001 = ORIENTED_EDGE('',*,*,#14002,.F.);
#14002 = EDGE_CURVE('',#12088,#13995,#14003,.T.);
#14003 = LINE('',#14004,#14005);
#14004 = CARTESIAN_POINT('',(6.425,2.8,1.4995));
#14005 = VECTOR('',#14006,1.);
#14006 = DIRECTION('',(-1.,-1.249318835986E-16,-2.486067977623E-16));
#14007 = ORIENTED_EDGE('',*,*,#12087,.F.);
#14008 = ORIENTED_EDGE('',*,*,#13979,.T.);
#14009 = PLANE('',#14010);
#14010 = AXIS2_PLACEMENT_3D('',#14011,#14012,#14013);
#14011 = CARTESIAN_POINT('',(-14.5,9.,1.4995));
#14012 = DIRECTION('',(-2.486067977623E-16,-3.105891551988E-32,1.));
#14013 = DIRECTION('',(1.249318835986E-16,-1.,0.));
#14014 = ADVANCED_FACE('',(#14015),#14027,.T.);
#14015 = FACE_BOUND('',#14016,.T.);
#14016 = EDGE_LOOP('',(#14017,#14018,#14025,#14026));
#14017 = ORIENTED_EDGE('',*,*,#14002,.T.);
#14018 = ORIENTED_EDGE('',*,*,#14019,.T.);
#14019 = EDGE_CURVE('',#13995,#13845,#14020,.T.);
#14020 = CIRCLE('',#14021,0.375);
#14021 = AXIS2_PLACEMENT_3D('',#14022,#14023,#14024);
#14022 = CARTESIAN_POINT('',(6.,2.5,1.2745));
#14023 = DIRECTION('',(1.,3.037693553488E-16,0.));
#14024 = DIRECTION('',(3.037693553488E-16,-1.,9.251858538543E-15));
#14025 = ORIENTED_EDGE('',*,*,#13859,.F.);
#14026 = ORIENTED_EDGE('',*,*,#12114,.F.);
#14027 = CYLINDRICAL_SURFACE('',#14028,0.375);
#14028 = AXIS2_PLACEMENT_3D('',#14029,#14030,#14031);
#14029 = CARTESIAN_POINT('',(6.425,2.5,1.2745));
#14030 = DIRECTION('',(-1.,-1.249318835986E-16,-2.486067977623E-16));
#14031 = DIRECTION('',(2.486067977623E-16,3.105891551988E-32,-1.));
#14032 = ADVANCED_FACE('',(#14033),#14067,.F.);
#14033 = FACE_BOUND('',#14034,.T.);
#14034 = EDGE_LOOP('',(#14035,#14045,#14053,#14061));
#14035 = ORIENTED_EDGE('',*,*,#14036,.F.);
#14036 = EDGE_CURVE('',#14037,#14039,#14041,.T.);
#14037 = VERTEX_POINT('',#14038);
#14038 = CARTESIAN_POINT('',(4.7,-5.85,1.0495));
#14039 = VERTEX_POINT('',#14040);
#14040 = CARTESIAN_POINT('',(4.7,-5.425,1.0495));
#14041 = LINE('',#14042,#14043);
#14042 = CARTESIAN_POINT('',(4.7,-5.85,1.0495));
#14043 = VECTOR('',#14044,1.);
#14044 = DIRECTION('',(-2.165783031807E-15,1.,1.224606353822E-16));
#14045 = ORIENTED_EDGE('',*,*,#14046,.F.);
#14046 = EDGE_CURVE('',#14047,#14037,#14049,.T.);
#14047 = VERTEX_POINT('',#14048);
#14048 = CARTESIAN_POINT('',(4.5,-5.85,1.0495));
#14049 = LINE('',#14050,#14051);
#14050 = CARTESIAN_POINT('',(4.5,-5.85,1.0495));
#14051 = VECTOR('',#14052,1.);
#14052 = DIRECTION('',(1.,1.249318835986E-16,0.));
#14053 = ORIENTED_EDGE('',*,*,#14054,.F.);
#14054 = EDGE_CURVE('',#14055,#14047,#14057,.T.);
#14055 = VERTEX_POINT('',#14056);
#14056 = CARTESIAN_POINT('',(4.5,-5.425,1.0495));
#14057 = LINE('',#14058,#14059);
#14058 = CARTESIAN_POINT('',(4.5,-5.425,1.0495));
#14059 = VECTOR('',#14060,1.);
#14060 = DIRECTION('',(1.249318835986E-16,-1.,0.));
#14061 = ORIENTED_EDGE('',*,*,#14062,.F.);
#14062 = EDGE_CURVE('',#14039,#14055,#14063,.T.);
#14063 = LINE('',#14064,#14065);
#14064 = CARTESIAN_POINT('',(4.7,-5.425,1.0495));
#14065 = VECTOR('',#14066,1.);
#14066 = DIRECTION('',(-1.,-1.249318835986E-16,-3.08148791102E-33));
#14067 = PLANE('',#14068);
#14068 = AXIS2_PLACEMENT_3D('',#14069,#14070,#14071);
#14069 = CARTESIAN_POINT('',(5.,-4.85,1.0495));
#14070 = DIRECTION('',(0.,0.,1.));
#14071 = DIRECTION('',(1.249318835986E-16,-1.,0.));
#14072 = ADVANCED_FACE('',(#14073),#14107,.F.);
#14073 = FACE_BOUND('',#14074,.T.);
#14074 = EDGE_LOOP('',(#14075,#14085,#14093,#14101));
#14075 = ORIENTED_EDGE('',*,*,#14076,.F.);
#14076 = EDGE_CURVE('',#14077,#14079,#14081,.T.);
#14077 = VERTEX_POINT('',#14078);
#14078 = CARTESIAN_POINT('',(4.7,5.425,1.0495));
#14079 = VERTEX_POINT('',#14080);
#14080 = CARTESIAN_POINT('',(4.7,5.85,1.0495));
#14081 = LINE('',#14082,#14083);
#14082 = CARTESIAN_POINT('',(4.7,5.425,1.0495));
#14083 = VECTOR('',#14084,1.);
#14084 = DIRECTION('',(1.915919264609E-15,1.,1.224606353822E-16));
#14085 = ORIENTED_EDGE('',*,*,#14086,.F.);
#14086 = EDGE_CURVE('',#14087,#14077,#14089,.T.);
#14087 = VERTEX_POINT('',#14088);
#14088 = CARTESIAN_POINT('',(4.5,5.425,1.0495));
#14089 = LINE('',#14090,#14091);
#14090 = CARTESIAN_POINT('',(1.5,5.425,1.0495));
#14091 = VECTOR('',#14092,1.);
#14092 = DIRECTION('',(1.,-4.171692026441E-16,-6.330455555167E-32));
#14093 = ORIENTED_EDGE('',*,*,#14094,.F.);
#14094 = EDGE_CURVE('',#14095,#14087,#14097,.T.);
#14095 = VERTEX_POINT('',#14096);
#14096 = CARTESIAN_POINT('',(4.5,5.85,1.0495));
#14097 = LINE('',#14098,#14099);
#14098 = CARTESIAN_POINT('',(4.5,5.85,1.0495));
#14099 = VECTOR('',#14100,1.);
#14100 = DIRECTION('',(1.249318835986E-16,-1.,0.));
#14101 = ORIENTED_EDGE('',*,*,#14102,.F.);
#14102 = EDGE_CURVE('',#14079,#14095,#14103,.T.);
#14103 = LINE('',#14104,#14105);
#14104 = CARTESIAN_POINT('',(5.,5.85,1.0495));
#14105 = VECTOR('',#14106,1.);
#14106 = DIRECTION('',(-1.,-1.249318835986E-16,0.));
#14107 = PLANE('',#14108);
#14108 = AXIS2_PLACEMENT_3D('',#14109,#14110,#14111);
#14109 = CARTESIAN_POINT('',(5.,-4.85,1.0495));
#14110 = DIRECTION('',(0.,0.,1.));
#14111 = DIRECTION('',(1.249318835986E-16,-1.,0.));
#14112 = ADVANCED_FACE('',(#14113),#14141,.F.);
#14113 = FACE_BOUND('',#14114,.T.);
#14114 = EDGE_LOOP('',(#14115,#14123,#14131,#14137,#14138,#14139,#14140)
  );
#14115 = ORIENTED_EDGE('',*,*,#14116,.F.);
#14116 = EDGE_CURVE('',#14117,#12372,#14119,.T.);
#14117 = VERTEX_POINT('',#14118);
#14118 = CARTESIAN_POINT('',(-6.,4.6,1.3495));
#14119 = LINE('',#14120,#14121);
#14120 = CARTESIAN_POINT('',(-5.5,4.6,1.3495));
#14121 = VECTOR('',#14122,1.);
#14122 = DIRECTION('',(-1.,-2.488407033113E-16,-2.486067977623E-16));
#14123 = ORIENTED_EDGE('',*,*,#14124,.T.);
#14124 = EDGE_CURVE('',#14117,#14125,#14127,.T.);
#14125 = VERTEX_POINT('',#14126);
#14126 = CARTESIAN_POINT('',(-6.,2.712132034356,1.3495));
#14127 = LINE('',#14128,#14129);
#14128 = CARTESIAN_POINT('',(-6.,4.85,1.3495));
#14129 = VECTOR('',#14130,1.);
#14130 = DIRECTION('',(3.037693553488E-16,-1.,-5.41474019809E-32));
#14131 = ORIENTED_EDGE('',*,*,#14132,.F.);
#14132 = EDGE_CURVE('',#12132,#14125,#14133,.T.);
#14133 = LINE('',#14134,#14135);
#14134 = CARTESIAN_POINT('',(-6.925,2.712132034356,1.3495));
#14135 = VECTOR('',#14136,1.);
#14136 = DIRECTION('',(1.,1.249318835986E-16,2.486067977623E-16));
#14137 = ORIENTED_EDGE('',*,*,#12131,.T.);
#14138 = ORIENTED_EDGE('',*,*,#12298,.F.);
#14139 = ORIENTED_EDGE('',*,*,#12330,.F.);
#14140 = ORIENTED_EDGE('',*,*,#12379,.T.);
#14141 = PLANE('',#14142);
#14142 = AXIS2_PLACEMENT_3D('',#14143,#14144,#14145);
#14143 = CARTESIAN_POINT('',(-14.5,9.,1.3495));
#14144 = DIRECTION('',(-2.486067977623E-16,-3.105891551988E-32,1.));
#14145 = DIRECTION('',(1.249318835986E-16,-1.,0.));
#14146 = ADVANCED_FACE('',(#14147),#14159,.F.);
#14147 = FACE_BOUND('',#14148,.F.);
#14148 = EDGE_LOOP('',(#14149,#14156,#14157,#14158));
#14149 = ORIENTED_EDGE('',*,*,#14150,.T.);
#14150 = EDGE_CURVE('',#242,#14125,#14151,.T.);
#14151 = CIRCLE('',#14152,0.225);
#14152 = AXIS2_PLACEMENT_3D('',#14153,#14154,#14155);
#14153 = CARTESIAN_POINT('',(-6.,2.5,1.2745));
#14154 = DIRECTION('',(-1.,-3.037693553488E-16,-0.));
#14155 = DIRECTION('',(-3.037693553488E-16,1.,0.));
#14156 = ORIENTED_EDGE('',*,*,#14132,.F.);
#14157 = ORIENTED_EDGE('',*,*,#12164,.F.);
#14158 = ORIENTED_EDGE('',*,*,#250,.T.);
#14159 = CYLINDRICAL_SURFACE('',#14160,0.225);
#14160 = AXIS2_PLACEMENT_3D('',#14161,#14162,#14163);
#14161 = CARTESIAN_POINT('',(-6.925,2.5,1.2745));
#14162 = DIRECTION('',(1.,1.249318835986E-16,2.486067977623E-16));
#14163 = DIRECTION('',(-2.486067977623E-16,-3.105891551988E-32,1.));
#14164 = ADVANCED_FACE('',(#14165),#14183,.F.);
#14165 = FACE_BOUND('',#14166,.T.);
#14166 = EDGE_LOOP('',(#14167,#14168,#14176,#14182));
#14167 = ORIENTED_EDGE('',*,*,#231,.T.);
#14168 = ORIENTED_EDGE('',*,*,#14169,.T.);
#14169 = EDGE_CURVE('',#234,#14170,#14172,.T.);
#14170 = VERTEX_POINT('',#14171);
#14171 = CARTESIAN_POINT('',(-6.,1.75,1.3495));
#14172 = LINE('',#14173,#14174);
#14173 = CARTESIAN_POINT('',(-6.,4.85,1.3495));
#14174 = VECTOR('',#14175,1.);
#14175 = DIRECTION('',(3.037693553488E-16,-1.,-5.41474019809E-32));
#14176 = ORIENTED_EDGE('',*,*,#14177,.F.);
#14177 = EDGE_CURVE('',#12183,#14170,#14178,.T.);
#14178 = LINE('',#14179,#14180);
#14179 = CARTESIAN_POINT('',(-8.35,1.75,1.3495));
#14180 = VECTOR('',#14181,1.);
#14181 = DIRECTION('',(1.,1.249318835986E-16,2.486067977623E-16));
#14182 = ORIENTED_EDGE('',*,*,#12191,.T.);
#14183 = PLANE('',#14184);
#14184 = AXIS2_PLACEMENT_3D('',#14185,#14186,#14187);
#14185 = CARTESIAN_POINT('',(-14.5,9.,1.3495));
#14186 = DIRECTION('',(-2.486067977623E-16,-3.105891551988E-32,1.));
#14187 = DIRECTION('',(1.249318835986E-16,-1.,0.));
#14188 = ADVANCED_FACE('',(#14189),#14207,.F.);
#14189 = FACE_BOUND('',#14190,.T.);
#14190 = EDGE_LOOP('',(#14191,#14192,#14200,#14206));
#14191 = ORIENTED_EDGE('',*,*,#14177,.T.);
#14192 = ORIENTED_EDGE('',*,*,#14193,.T.);
#14193 = EDGE_CURVE('',#14170,#14194,#14196,.T.);
#14194 = VERTEX_POINT('',#14195);
#14195 = CARTESIAN_POINT('',(-6.,1.75,1.4995));
#14196 = LINE('',#14197,#14198);
#14197 = CARTESIAN_POINT('',(-6.,1.75,19.459273268156));
#14198 = VECTOR('',#14199,1.);
#14199 = DIRECTION('',(0.,0.,1.));
#14200 = ORIENTED_EDGE('',*,*,#14201,.F.);
#14201 = EDGE_CURVE('',#12209,#14194,#14202,.T.);
#14202 = LINE('',#14203,#14204);
#14203 = CARTESIAN_POINT('',(-8.35,1.75,1.4995));
#14204 = VECTOR('',#14205,1.);
#14205 = DIRECTION('',(1.,1.249318835986E-16,2.486067977623E-16));
#14206 = ORIENTED_EDGE('',*,*,#12208,.T.);
#14207 = PLANE('',#14208);
#14208 = AXIS2_PLACEMENT_3D('',#14209,#14210,#14211);
#14209 = CARTESIAN_POINT('',(-8.35,1.75,1.4995));
#14210 = DIRECTION('',(-1.249318835986E-16,1.,9.860761315263E-32));
#14211 = DIRECTION('',(-2.486067977623E-16,-1.296665286725E-31,1.));
#14212 = ADVANCED_FACE('',(#14213),#14231,.T.);
#14213 = FACE_BOUND('',#14214,.T.);
#14214 = EDGE_LOOP('',(#14215,#14223,#14229,#14230));
#14215 = ORIENTED_EDGE('',*,*,#14216,.F.);
#14216 = EDGE_CURVE('',#14217,#14194,#14219,.T.);
#14217 = VERTEX_POINT('',#14218);
#14218 = CARTESIAN_POINT('',(-6.,2.2,1.4995));
#14219 = LINE('',#14220,#14221);
#14220 = CARTESIAN_POINT('',(-6.,4.85,1.4995));
#14221 = VECTOR('',#14222,1.);
#14222 = DIRECTION('',(3.037693553488E-16,-1.,-5.41474019809E-32));
#14223 = ORIENTED_EDGE('',*,*,#14224,.F.);
#14224 = EDGE_CURVE('',#12232,#14217,#14225,.T.);
#14225 = LINE('',#14226,#14227);
#14226 = CARTESIAN_POINT('',(-6.925,2.2,1.4995));
#14227 = VECTOR('',#14228,1.);
#14228 = DIRECTION('',(1.,1.249318835986E-16,2.854496229877E-15));
#14229 = ORIENTED_EDGE('',*,*,#12231,.F.);
#14230 = ORIENTED_EDGE('',*,*,#14201,.T.);
#14231 = PLANE('',#14232);
#14232 = AXIS2_PLACEMENT_3D('',#14233,#14234,#14235);
#14233 = CARTESIAN_POINT('',(-14.5,9.,1.4995));
#14234 = DIRECTION('',(-2.486067977623E-16,-3.105891551988E-32,1.));
#14235 = DIRECTION('',(1.249318835986E-16,-1.,0.));
#14236 = ADVANCED_FACE('',(#14237),#14249,.T.);
#14237 = FACE_BOUND('',#14238,.T.);
#14238 = EDGE_LOOP('',(#14239,#14240,#14241,#14242));
#14239 = ORIENTED_EDGE('',*,*,#200,.F.);
#14240 = ORIENTED_EDGE('',*,*,#12258,.F.);
#14241 = ORIENTED_EDGE('',*,*,#14224,.T.);
#14242 = ORIENTED_EDGE('',*,*,#14243,.T.);
#14243 = EDGE_CURVE('',#14217,#201,#14244,.T.);
#14244 = CIRCLE('',#14245,0.375);
#14245 = AXIS2_PLACEMENT_3D('',#14246,#14247,#14248);
#14246 = CARTESIAN_POINT('',(-6.,2.5,1.2745));
#14247 = DIRECTION('',(-1.,-3.037693553488E-16,0.));
#14248 = DIRECTION('',(-3.037693553488E-16,1.,-9.251858538542E-15));
#14249 = CYLINDRICAL_SURFACE('',#14250,0.375);
#14250 = AXIS2_PLACEMENT_3D('',#14251,#14252,#14253);
#14251 = CARTESIAN_POINT('',(-6.925,2.5,1.2745));
#14252 = DIRECTION('',(1.,1.249318835986E-16,2.854496229877E-15));
#14253 = DIRECTION('',(-2.854496229877E-15,-7.702623382295E-31,1.));
#14254 = ADVANCED_FACE('',(#14255),#14276,.T.);
#14255 = FACE_BOUND('',#14256,.T.);
#14256 = EDGE_LOOP('',(#14257,#14265,#14271,#14272,#14273,#14274,#14275)
  );
#14257 = ORIENTED_EDGE('',*,*,#14258,.F.);
#14258 = EDGE_CURVE('',#14259,#209,#14261,.T.);
#14259 = VERTEX_POINT('',#14260);
#14260 = CARTESIAN_POINT('',(-6.,4.6,1.4995));
#14261 = LINE('',#14262,#14263);
#14262 = CARTESIAN_POINT('',(-6.,4.85,1.4995));
#14263 = VECTOR('',#14264,1.);
#14264 = DIRECTION('',(3.037693553488E-16,-1.,-5.41474019809E-32));
#14265 = ORIENTED_EDGE('',*,*,#14266,.T.);
#14266 = EDGE_CURVE('',#14259,#12364,#14267,.T.);
#14267 = LINE('',#14268,#14269);
#14268 = CARTESIAN_POINT('',(-5.5,4.6,1.4995));
#14269 = VECTOR('',#14270,1.);
#14270 = DIRECTION('',(-1.,-2.488407033113E-16,-2.486067977623E-16));
#14271 = ORIENTED_EDGE('',*,*,#12363,.F.);
#14272 = ORIENTED_EDGE('',*,*,#12347,.T.);
#14273 = ORIENTED_EDGE('',*,*,#12307,.T.);
#14274 = ORIENTED_EDGE('',*,*,#12283,.F.);
#14275 = ORIENTED_EDGE('',*,*,#217,.T.);
#14276 = PLANE('',#14277);
#14277 = AXIS2_PLACEMENT_3D('',#14278,#14279,#14280);
#14278 = CARTESIAN_POINT('',(-14.5,9.,1.4995));
#14279 = DIRECTION('',(-2.486067977623E-16,-3.105891551988E-32,1.));
#14280 = DIRECTION('',(1.249318835986E-16,-1.,0.));
#14281 = ADVANCED_FACE('',(#14282),#14293,.F.);
#14282 = FACE_BOUND('',#14283,.T.);
#14283 = EDGE_LOOP('',(#14284,#14285,#14291,#14292));
#14284 = ORIENTED_EDGE('',*,*,#14266,.F.);
#14285 = ORIENTED_EDGE('',*,*,#14286,.T.);
#14286 = EDGE_CURVE('',#14259,#14117,#14287,.T.);
#14287 = LINE('',#14288,#14289);
#14288 = CARTESIAN_POINT('',(-6.,4.6,19.459273268156));
#14289 = VECTOR('',#14290,1.);
#14290 = DIRECTION('',(9.357485854085E-48,-3.080457488327E-32,-1.));
#14291 = ORIENTED_EDGE('',*,*,#14116,.T.);
#14292 = ORIENTED_EDGE('',*,*,#12371,.T.);
#14293 = PLANE('',#14294);
#14294 = AXIS2_PLACEMENT_3D('',#14295,#14296,#14297);
#14295 = CARTESIAN_POINT('',(-5.5,4.6,1.4995));
#14296 = DIRECTION('',(2.488407033113E-16,-1.,3.080457488327E-32));
#14297 = DIRECTION('',(1.,2.488407033113E-16,2.486067977623E-16));
#14298 = ADVANCED_FACE('',(#14299),#14318,.F.);
#14299 = FACE_BOUND('',#14300,.F.);
#14300 = EDGE_LOOP('',(#14301,#14310,#14316,#14317));
#14301 = ORIENTED_EDGE('',*,*,#14302,.F.);
#14302 = EDGE_CURVE('',#14303,#158,#14305,.T.);
#14303 = VERTEX_POINT('',#14304);
#14304 = CARTESIAN_POINT('',(-6.,-2.287867965644,1.3495));
#14305 = CIRCLE('',#14306,0.225);
#14306 = AXIS2_PLACEMENT_3D('',#14307,#14308,#14309);
#14307 = CARTESIAN_POINT('',(-6.,-2.5,1.2745));
#14308 = DIRECTION('',(1.,3.037693553488E-16,-0.));
#14309 = DIRECTION('',(-3.037693553488E-16,1.,0.));
#14310 = ORIENTED_EDGE('',*,*,#14311,.F.);
#14311 = EDGE_CURVE('',#12402,#14303,#14312,.T.);
#14312 = LINE('',#14313,#14314);
#14313 = CARTESIAN_POINT('',(-6.925,-2.287867965644,1.3495));
#14314 = VECTOR('',#14315,1.);
#14315 = DIRECTION('',(1.,1.249318835986E-16,2.486067977623E-16));
#14316 = ORIENTED_EDGE('',*,*,#12401,.T.);
#14317 = ORIENTED_EDGE('',*,*,#166,.T.);
#14318 = CYLINDRICAL_SURFACE('',#14319,0.225);
#14319 = AXIS2_PLACEMENT_3D('',#14320,#14321,#14322);
#14320 = CARTESIAN_POINT('',(-6.925,-2.5,1.2745));
#14321 = DIRECTION('',(1.,1.249318835986E-16,2.486067977623E-16));
#14322 = DIRECTION('',(-2.486067977623E-16,-3.105891551988E-32,1.));
#14323 = ADVANCED_FACE('',(#14324),#14345,.F.);
#14324 = FACE_BOUND('',#14325,.T.);
#14325 = EDGE_LOOP('',(#14326,#14327,#14335,#14341,#14342,#14343,#14344)
  );
#14326 = ORIENTED_EDGE('',*,*,#147,.T.);
#14327 = ORIENTED_EDGE('',*,*,#14328,.T.);
#14328 = EDGE_CURVE('',#150,#14329,#14331,.T.);
#14329 = VERTEX_POINT('',#14330);
#14330 = CARTESIAN_POINT('',(-6.,-4.6,1.3495));
#14331 = LINE('',#14332,#14333);
#14332 = CARTESIAN_POINT('',(-6.,4.85,1.3495));
#14333 = VECTOR('',#14334,1.);
#14334 = DIRECTION('',(3.037693553488E-16,-1.,-5.41474019809E-32));
#14335 = ORIENTED_EDGE('',*,*,#14336,.F.);
#14336 = EDGE_CURVE('',#12444,#14329,#14337,.T.);
#14337 = LINE('',#14338,#14339);
#14338 = CARTESIAN_POINT('',(-5.5,-4.6,1.3495));
#14339 = VECTOR('',#14340,1.);
#14340 = DIRECTION('',(1.,2.488407033113E-16,2.486067977623E-16));
#14341 = ORIENTED_EDGE('',*,*,#12469,.T.);
#14342 = ORIENTED_EDGE('',*,*,#12501,.F.);
#14343 = ORIENTED_EDGE('',*,*,#12523,.F.);
#14344 = ORIENTED_EDGE('',*,*,#12427,.T.);
#14345 = PLANE('',#14346);
#14346 = AXIS2_PLACEMENT_3D('',#14347,#14348,#14349);
#14347 = CARTESIAN_POINT('',(-14.5,9.,1.3495));
#14348 = DIRECTION('',(-2.486067977623E-16,-3.105891551988E-32,1.));
#14349 = DIRECTION('',(1.249318835986E-16,-1.,0.));
#14350 = ADVANCED_FACE('',(#14351),#14369,.F.);
#14351 = FACE_BOUND('',#14352,.T.);
#14352 = EDGE_LOOP('',(#14353,#14354,#14362,#14368));
#14353 = ORIENTED_EDGE('',*,*,#14336,.T.);
#14354 = ORIENTED_EDGE('',*,*,#14355,.T.);
#14355 = EDGE_CURVE('',#14329,#14356,#14358,.T.);
#14356 = VERTEX_POINT('',#14357);
#14357 = CARTESIAN_POINT('',(-6.,-4.6,1.4995));
#14358 = LINE('',#14359,#14360);
#14359 = CARTESIAN_POINT('',(-6.,-4.6,19.459273268156));
#14360 = VECTOR('',#14361,1.);
#14361 = DIRECTION('',(-9.357485854085E-48,3.080457488327E-32,1.));
#14362 = ORIENTED_EDGE('',*,*,#14363,.F.);
#14363 = EDGE_CURVE('',#12446,#14356,#14364,.T.);
#14364 = LINE('',#14365,#14366);
#14365 = CARTESIAN_POINT('',(-5.5,-4.6,1.4995));
#14366 = VECTOR('',#14367,1.);
#14367 = DIRECTION('',(1.,2.488407033113E-16,2.486067977623E-16));
#14368 = ORIENTED_EDGE('',*,*,#12443,.F.);
#14369 = PLANE('',#14370);
#14370 = AXIS2_PLACEMENT_3D('',#14371,#14372,#14373);
#14371 = CARTESIAN_POINT('',(-5.5,-4.6,1.4995));
#14372 = DIRECTION('',(-2.488407033113E-16,1.,-3.080457488327E-32));
#14373 = DIRECTION('',(-1.,-2.488407033113E-16,-2.486067977623E-16));
#14374 = ADVANCED_FACE('',(#14375),#14396,.T.);
#14375 = FACE_BOUND('',#14376,.T.);
#14376 = EDGE_LOOP('',(#14377,#14385,#14391,#14392,#14393,#14394,#14395)
  );
#14377 = ORIENTED_EDGE('',*,*,#14378,.F.);
#14378 = EDGE_CURVE('',#14379,#14356,#14381,.T.);
#14379 = VERTEX_POINT('',#14380);
#14380 = CARTESIAN_POINT('',(-6.,-2.8,1.4995));
#14381 = LINE('',#14382,#14383);
#14382 = CARTESIAN_POINT('',(-6.,4.85,1.4995));
#14383 = VECTOR('',#14384,1.);
#14384 = DIRECTION('',(3.037693553488E-16,-1.,-5.41474019809E-32));
#14385 = ORIENTED_EDGE('',*,*,#14386,.F.);
#14386 = EDGE_CURVE('',#12539,#14379,#14387,.T.);
#14387 = LINE('',#14388,#14389);
#14388 = CARTESIAN_POINT('',(-6.925,-2.8,1.4995));
#14389 = VECTOR('',#14390,1.);
#14390 = DIRECTION('',(1.,1.249318835986E-16,2.854496229877E-15));
#14391 = ORIENTED_EDGE('',*,*,#12549,.F.);
#14392 = ORIENTED_EDGE('',*,*,#12516,.T.);
#14393 = ORIENTED_EDGE('',*,*,#12493,.T.);
#14394 = ORIENTED_EDGE('',*,*,#12453,.F.);
#14395 = ORIENTED_EDGE('',*,*,#14363,.T.);
#14396 = PLANE('',#14397);
#14397 = AXIS2_PLACEMENT_3D('',#14398,#14399,#14400);
#14398 = CARTESIAN_POINT('',(-14.5,9.,1.4995));
#14399 = DIRECTION('',(-2.486067977623E-16,-3.105891551988E-32,1.));
#14400 = DIRECTION('',(1.249318835986E-16,-1.,0.));
#14401 = ADVANCED_FACE('',(#14402),#14414,.T.);
#14402 = FACE_BOUND('',#14403,.T.);
#14403 = EDGE_LOOP('',(#14404,#14405,#14406,#14407));
#14404 = ORIENTED_EDGE('',*,*,#116,.F.);
#14405 = ORIENTED_EDGE('',*,*,#12565,.T.);
#14406 = ORIENTED_EDGE('',*,*,#14386,.T.);
#14407 = ORIENTED_EDGE('',*,*,#14408,.F.);
#14408 = EDGE_CURVE('',#117,#14379,#14409,.T.);
#14409 = CIRCLE('',#14410,0.375);
#14410 = AXIS2_PLACEMENT_3D('',#14411,#14412,#14413);
#14411 = CARTESIAN_POINT('',(-6.,-2.5,1.2745));
#14412 = DIRECTION('',(1.,3.037693553488E-16,-0.));
#14413 = DIRECTION('',(-3.037693553488E-16,1.,0.));
#14414 = CYLINDRICAL_SURFACE('',#14415,0.375);
#14415 = AXIS2_PLACEMENT_3D('',#14416,#14417,#14418);
#14416 = CARTESIAN_POINT('',(-6.925,-2.5,1.2745));
#14417 = DIRECTION('',(1.,1.249318835986E-16,2.854496229877E-15));
#14418 = DIRECTION('',(-2.854496229877E-15,-7.702623382295E-31,1.));
#14419 = ADVANCED_FACE('',(#14420),#14438,.T.);
#14420 = FACE_BOUND('',#14421,.T.);
#14421 = EDGE_LOOP('',(#14422,#14430,#14436,#14437));
#14422 = ORIENTED_EDGE('',*,*,#14423,.F.);
#14423 = EDGE_CURVE('',#14424,#125,#14426,.T.);
#14424 = VERTEX_POINT('',#14425);
#14425 = CARTESIAN_POINT('',(-6.,-1.75,1.4995));
#14426 = LINE('',#14427,#14428);
#14427 = CARTESIAN_POINT('',(-6.,4.85,1.4995));
#14428 = VECTOR('',#14429,1.);
#14429 = DIRECTION('',(3.037693553488E-16,-1.,-5.41474019809E-32));
#14430 = ORIENTED_EDGE('',*,*,#14431,.T.);
#14431 = EDGE_CURVE('',#14424,#12590,#14432,.T.);
#14432 = LINE('',#14433,#14434);
#14433 = CARTESIAN_POINT('',(-8.35,-1.75,1.4995));
#14434 = VECTOR('',#14435,1.);
#14435 = DIRECTION('',(-1.,-1.037944239376E-15,-2.486067977623E-16));
#14436 = ORIENTED_EDGE('',*,*,#12589,.F.);
#14437 = ORIENTED_EDGE('',*,*,#133,.T.);
#14438 = PLANE('',#14439);
#14439 = AXIS2_PLACEMENT_3D('',#14440,#14441,#14442);
#14440 = CARTESIAN_POINT('',(-14.5,9.,1.4995));
#14441 = DIRECTION('',(-2.486067977623E-16,-3.105891551988E-32,1.));
#14442 = DIRECTION('',(1.249318835986E-16,-1.,0.));
#14443 = ADVANCED_FACE('',(#14444),#14462,.F.);
#14444 = FACE_BOUND('',#14445,.T.);
#14445 = EDGE_LOOP('',(#14446,#14447,#14455,#14461));
#14446 = ORIENTED_EDGE('',*,*,#14431,.F.);
#14447 = ORIENTED_EDGE('',*,*,#14448,.T.);
#14448 = EDGE_CURVE('',#14424,#14449,#14451,.T.);
#14449 = VERTEX_POINT('',#14450);
#14450 = CARTESIAN_POINT('',(-6.,-1.75,1.3495));
#14451 = LINE('',#14452,#14453);
#14452 = CARTESIAN_POINT('',(-6.,-1.75,19.459273268156));
#14453 = VECTOR('',#14454,1.);
#14454 = DIRECTION('',(6.894989576694E-47,-2.269810780872E-31,-1.));
#14455 = ORIENTED_EDGE('',*,*,#14456,.T.);
#14456 = EDGE_CURVE('',#14449,#12614,#14457,.T.);
#14457 = LINE('',#14458,#14459);
#14458 = CARTESIAN_POINT('',(-8.35,-1.75,1.3495));
#14459 = VECTOR('',#14460,1.);
#14460 = DIRECTION('',(-1.,-1.037944239376E-15,-2.486067977623E-16));
#14461 = ORIENTED_EDGE('',*,*,#12624,.T.);
#14462 = PLANE('',#14463);
#14463 = AXIS2_PLACEMENT_3D('',#14464,#14465,#14466);
#14464 = CARTESIAN_POINT('',(-8.35,-1.75,1.4995));
#14465 = DIRECTION('',(1.037944239376E-15,-1.,2.269810780872E-31));
#14466 = DIRECTION('',(1.,1.037944239376E-15,2.486067977623E-16));
#14467 = ADVANCED_FACE('',(#14468),#14479,.F.);
#14468 = FACE_BOUND('',#14469,.T.);
#14469 = EDGE_LOOP('',(#14470,#14471,#14477,#14478));
#14470 = ORIENTED_EDGE('',*,*,#14456,.F.);
#14471 = ORIENTED_EDGE('',*,*,#14472,.T.);
#14472 = EDGE_CURVE('',#14449,#14303,#14473,.T.);
#14473 = LINE('',#14474,#14475);
#14474 = CARTESIAN_POINT('',(-6.,4.85,1.3495));
#14475 = VECTOR('',#14476,1.);
#14476 = DIRECTION('',(3.037693553488E-16,-1.,-5.41474019809E-32));
#14477 = ORIENTED_EDGE('',*,*,#14311,.F.);
#14478 = ORIENTED_EDGE('',*,*,#12641,.T.);
#14479 = PLANE('',#14480);
#14480 = AXIS2_PLACEMENT_3D('',#14481,#14482,#14483);
#14481 = CARTESIAN_POINT('',(-14.5,9.,1.3495));
#14482 = DIRECTION('',(-2.486067977623E-16,-3.105891551988E-32,1.));
#14483 = DIRECTION('',(1.249318835986E-16,-1.,0.));
#14484 = ADVANCED_FACE('',(#14485),#14519,.F.);
#14485 = FACE_BOUND('',#14486,.T.);
#14486 = EDGE_LOOP('',(#14487,#14497,#14505,#14513));
#14487 = ORIENTED_EDGE('',*,*,#14488,.F.);
#14488 = EDGE_CURVE('',#14489,#14491,#14493,.T.);
#14489 = VERTEX_POINT('',#14490);
#14490 = CARTESIAN_POINT('',(-4.7,-5.425,1.0495));
#14491 = VERTEX_POINT('',#14492);
#14492 = CARTESIAN_POINT('',(-4.7,-5.85,1.0495));
#14493 = LINE('',#14494,#14495);
#14494 = CARTESIAN_POINT('',(-4.7,-5.425,1.0495));
#14495 = VECTOR('',#14496,1.);
#14496 = DIRECTION('',(-1.915919264609E-15,-1.,-1.224606353822E-16));
#14497 = ORIENTED_EDGE('',*,*,#14498,.F.);
#14498 = EDGE_CURVE('',#14499,#14489,#14501,.T.);
#14499 = VERTEX_POINT('',#14500);
#14500 = CARTESIAN_POINT('',(-4.5,-5.425,1.0495));
#14501 = LINE('',#14502,#14503);
#14502 = CARTESIAN_POINT('',(-1.5,-5.425,1.0495));
#14503 = VECTOR('',#14504,1.);
#14504 = DIRECTION('',(-1.,1.461186595227E-16,3.011153382032E-32));
#14505 = ORIENTED_EDGE('',*,*,#14506,.F.);
#14506 = EDGE_CURVE('',#14507,#14499,#14509,.T.);
#14507 = VERTEX_POINT('',#14508);
#14508 = CARTESIAN_POINT('',(-4.5,-5.85,1.0495));
#14509 = LINE('',#14510,#14511);
#14510 = CARTESIAN_POINT('',(-4.5,-5.85,1.0495));
#14511 = VECTOR('',#14512,1.);
#14512 = DIRECTION('',(-1.249318835986E-16,1.,0.));
#14513 = ORIENTED_EDGE('',*,*,#14514,.F.);
#14514 = EDGE_CURVE('',#14491,#14507,#14515,.T.);
#14515 = LINE('',#14516,#14517);
#14516 = CARTESIAN_POINT('',(-5.,-5.85,1.0495));
#14517 = VECTOR('',#14518,1.);
#14518 = DIRECTION('',(1.,1.249318835986E-16,0.));
#14519 = PLANE('',#14520);
#14520 = AXIS2_PLACEMENT_3D('',#14521,#14522,#14523);
#14521 = CARTESIAN_POINT('',(5.,-4.85,1.0495));
#14522 = DIRECTION('',(0.,0.,1.));
#14523 = DIRECTION('',(1.249318835986E-16,-1.,0.));
#14524 = ADVANCED_FACE('',(#14525),#14536,.F.);
#14525 = FACE_BOUND('',#14526,.T.);
#14526 = EDGE_LOOP('',(#14527,#14528,#14534,#14535));
#14527 = ORIENTED_EDGE('',*,*,#12986,.F.);
#14528 = ORIENTED_EDGE('',*,*,#14529,.F.);
#14529 = EDGE_CURVE('',#13160,#12987,#14530,.T.);
#14530 = LINE('',#14531,#14532);
#14531 = CARTESIAN_POINT('',(-2.,-5.425,1.0495));
#14532 = VECTOR('',#14533,1.);
#14533 = DIRECTION('',(1.,1.249318835986E-16,0.));
#14534 = ORIENTED_EDGE('',*,*,#13159,.F.);
#14535 = ORIENTED_EDGE('',*,*,#12655,.F.);
#14536 = PLANE('',#14537);
#14537 = AXIS2_PLACEMENT_3D('',#14538,#14539,#14540);
#14538 = CARTESIAN_POINT('',(5.,-4.85,1.0495));
#14539 = DIRECTION('',(0.,0.,1.));
#14540 = DIRECTION('',(1.249318835986E-16,-1.,0.));
#14541 = ADVANCED_FACE('',(#14542),#14553,.F.);
#14542 = FACE_BOUND('',#14543,.T.);
#14543 = EDGE_LOOP('',(#14544,#14545,#14551,#14552));
#14544 = ORIENTED_EDGE('',*,*,#12908,.F.);
#14545 = ORIENTED_EDGE('',*,*,#14546,.F.);
#14546 = EDGE_CURVE('',#12878,#12909,#14547,.T.);
#14547 = LINE('',#14548,#14549);
#14548 = CARTESIAN_POINT('',(-3.4,5.425,1.0495));
#14549 = VECTOR('',#14550,1.);
#14550 = DIRECTION('',(-1.,-1.249318835986E-16,0.));
#14551 = ORIENTED_EDGE('',*,*,#12877,.F.);
#14552 = ORIENTED_EDGE('',*,*,#12695,.F.);
#14553 = PLANE('',#14554);
#14554 = AXIS2_PLACEMENT_3D('',#14555,#14556,#14557);
#14555 = CARTESIAN_POINT('',(5.,-4.85,1.0495));
#14556 = DIRECTION('',(0.,0.,1.));
#14557 = DIRECTION('',(1.249318835986E-16,-1.,0.));
#14558 = ADVANCED_FACE('',(#14559),#14593,.F.);
#14559 = FACE_BOUND('',#14560,.T.);
#14560 = EDGE_LOOP('',(#14561,#14571,#14579,#14587));
#14561 = ORIENTED_EDGE('',*,*,#14562,.T.);
#14562 = EDGE_CURVE('',#14563,#14565,#14567,.T.);
#14563 = VERTEX_POINT('',#14564);
#14564 = CARTESIAN_POINT('',(2.8,3.65,0.675920598561));
#14565 = VERTEX_POINT('',#14566);
#14566 = CARTESIAN_POINT('',(3.3,3.15,0.6995));
#14567 = LINE('',#14568,#14569);
#14568 = CARTESIAN_POINT('',(-2.497206628607E+05,2.497271128607E+05,
    -1.177598363833E+04));
#14569 = VECTOR('',#14570,1.);
#14570 = DIRECTION('',(0.70671396575,-0.70671396575,3.332778460158E-02)
  );
#14571 = ORIENTED_EDGE('',*,*,#14572,.T.);
#14572 = EDGE_CURVE('',#14565,#14573,#14575,.T.);
#14573 = VERTEX_POINT('',#14574);
#14574 = CARTESIAN_POINT('',(3.3,3.15,0.5495));
#14575 = LINE('',#14576,#14577);
#14576 = CARTESIAN_POINT('',(3.3,3.15,0.7495));
#14577 = VECTOR('',#14578,1.);
#14578 = DIRECTION('',(-1.529923784499E-32,1.224606353822E-16,-1.));
#14579 = ORIENTED_EDGE('',*,*,#14580,.T.);
#14580 = EDGE_CURVE('',#14573,#14581,#14583,.T.);
#14581 = VERTEX_POINT('',#14582);
#14582 = CARTESIAN_POINT('',(2.8,3.65,0.5495));
#14583 = LINE('',#14584,#14585);
#14584 = CARTESIAN_POINT('',(3.3,3.15,0.5495));
#14585 = VECTOR('',#14586,1.);
#14586 = DIRECTION('',(-0.707106781187,0.707106781187,8.659274570719E-17
    ));
#14587 = ORIENTED_EDGE('',*,*,#14588,.F.);
#14588 = EDGE_CURVE('',#14563,#14581,#14589,.T.);
#14589 = LINE('',#14590,#14591);
#14590 = CARTESIAN_POINT('',(2.8,3.65,0.7495));
#14591 = VECTOR('',#14592,1.);
#14592 = DIRECTION('',(-1.529923784499E-32,1.224606353822E-16,-1.));
#14593 = PLANE('',#14594);
#14594 = AXIS2_PLACEMENT_3D('',#14595,#14596,#14597);
#14595 = CARTESIAN_POINT('',(3.3,3.15,0.7495));
#14596 = DIRECTION('',(-0.707106781187,-0.707106781187,
    -8.659274570719E-17));
#14597 = DIRECTION('',(-0.707106781187,0.707106781187,8.659274570719E-17
    ));
#14598 = ADVANCED_FACE('',(#14599),#14624,.F.);
#14599 = FACE_BOUND('',#14600,.T.);
#14600 = EDGE_LOOP('',(#14601,#14609,#14617,#14623));
#14601 = ORIENTED_EDGE('',*,*,#14602,.T.);
#14602 = EDGE_CURVE('',#14565,#14603,#14605,.T.);
#14603 = VERTEX_POINT('',#14604);
#14604 = CARTESIAN_POINT('',(4.7,3.15,0.6995));
#14605 = LINE('',#14606,#14607);
#14606 = CARTESIAN_POINT('',(-5.E+05,3.150000000958,0.6995));
#14607 = VECTOR('',#14608,1.);
#14608 = DIRECTION('',(1.,-1.915919264609E-15,-2.468424404191E-31));
#14609 = ORIENTED_EDGE('',*,*,#14610,.T.);
#14610 = EDGE_CURVE('',#14603,#14611,#14613,.T.);
#14611 = VERTEX_POINT('',#14612);
#14612 = CARTESIAN_POINT('',(4.7,3.15,0.5495));
#14613 = LINE('',#14614,#14615);
#14614 = CARTESIAN_POINT('',(4.7,3.15,0.7495));
#14615 = VECTOR('',#14616,1.);
#14616 = DIRECTION('',(-1.529923784499E-32,1.224606353822E-16,-1.));
#14617 = ORIENTED_EDGE('',*,*,#14618,.T.);
#14618 = EDGE_CURVE('',#14611,#14573,#14619,.T.);
#14619 = LINE('',#14620,#14621);
#14620 = CARTESIAN_POINT('',(4.7,3.15,0.5495));
#14621 = VECTOR('',#14622,1.);
#14622 = DIRECTION('',(-1.,4.946122149645E-16,7.278827604634E-32));
#14623 = ORIENTED_EDGE('',*,*,#14572,.F.);
#14624 = PLANE('',#14625);
#14625 = AXIS2_PLACEMENT_3D('',#14626,#14627,#14628);
#14626 = CARTESIAN_POINT('',(4.7,3.15,0.7495));
#14627 = DIRECTION('',(-4.946122149645E-16,-1.,-1.224606353822E-16));
#14628 = DIRECTION('',(-1.,4.946122149645E-16,7.278827604634E-32));
#14629 = ADVANCED_FACE('',(#14630),#14672,.F.);
#14630 = FACE_BOUND('',#14631,.T.);
#14631 = EDGE_LOOP('',(#14632,#14640,#14648,#14654,#14655,#14661,#14662,
    #14663,#14664,#14665,#14671));
#14632 = ORIENTED_EDGE('',*,*,#14633,.F.);
#14633 = EDGE_CURVE('',#14634,#14603,#14636,.T.);
#14634 = VERTEX_POINT('',#14635);
#14635 = CARTESIAN_POINT('',(4.7,5.275,0.599287543885));
#14636 = LINE('',#14637,#14638);
#14637 = CARTESIAN_POINT('',(4.7,3.15,0.6995));
#14638 = VECTOR('',#14639,1.);
#14639 = DIRECTION('',(-1.913792354663E-15,-0.998889874962,
    4.710645070964E-02));
#14640 = ORIENTED_EDGE('',*,*,#14641,.F.);
#14641 = EDGE_CURVE('',#14642,#14634,#14644,.T.);
#14642 = VERTEX_POINT('',#14643);
#14643 = CARTESIAN_POINT('',(4.7,5.425,0.749287543885));
#14644 = LINE('',#14645,#14646);
#14645 = CARTESIAN_POINT('',(4.7,5.275,0.599287543885));
#14646 = VECTOR('',#14647,1.);
#14647 = DIRECTION('',(-4.00044226241E-15,-0.707106781187,
    -0.707106781187));
#14648 = ORIENTED_EDGE('',*,*,#14649,.T.);
#14649 = EDGE_CURVE('',#14642,#14077,#14650,.T.);
#14650 = LINE('',#14651,#14652);
#14651 = CARTESIAN_POINT('',(4.7,5.425,0.5495));
#14652 = VECTOR('',#14653,1.);
#14653 = DIRECTION('',(1.529923784499E-32,-1.224606353822E-16,1.));
#14654 = ORIENTED_EDGE('',*,*,#14076,.T.);
#14655 = ORIENTED_EDGE('',*,*,#14656,.F.);
#14656 = EDGE_CURVE('',#12839,#14079,#14657,.T.);
#14657 = LINE('',#14658,#14659);
#14658 = CARTESIAN_POINT('',(4.7,5.85,0.5495));
#14659 = VECTOR('',#14660,1.);
#14660 = DIRECTION('',(1.529923784499E-32,-1.224606353822E-16,1.));
#14661 = ORIENTED_EDGE('',*,*,#12838,.F.);
#14662 = ORIENTED_EDGE('',*,*,#12815,.T.);
#14663 = ORIENTED_EDGE('',*,*,#12784,.F.);
#14664 = ORIENTED_EDGE('',*,*,#12745,.T.);
#14665 = ORIENTED_EDGE('',*,*,#14666,.T.);
#14666 = EDGE_CURVE('',#12736,#14611,#14667,.T.);
#14667 = LINE('',#14668,#14669);
#14668 = CARTESIAN_POINT('',(4.7,5.425,0.5495));
#14669 = VECTOR('',#14670,1.);
#14670 = DIRECTION('',(1.249318835986E-16,-1.,-1.224606353822E-16));
#14671 = ORIENTED_EDGE('',*,*,#14610,.F.);
#14672 = PLANE('',#14673);
#14673 = AXIS2_PLACEMENT_3D('',#14674,#14675,#14676);
#14674 = CARTESIAN_POINT('',(4.7,5.425,0.5495));
#14675 = DIRECTION('',(1.,-1.915919264609E-15,-2.468424404191E-31));
#14676 = DIRECTION('',(-1.915919264609E-15,-1.,-1.224606353822E-16));
#14677 = ADVANCED_FACE('',(#14678),#14712,.F.);
#14678 = FACE_BOUND('',#14679,.T.);
#14679 = EDGE_LOOP('',(#14680,#14690,#14698,#14706));
#14680 = ORIENTED_EDGE('',*,*,#14681,.F.);
#14681 = EDGE_CURVE('',#14682,#14684,#14686,.T.);
#14682 = VERTEX_POINT('',#14683);
#14683 = CARTESIAN_POINT('',(-4.7,3.15,0.6995));
#14684 = VERTEX_POINT('',#14685);
#14685 = CARTESIAN_POINT('',(-4.7,3.15,0.5495));
#14686 = LINE('',#14687,#14688);
#14687 = CARTESIAN_POINT('',(-4.7,3.15,0.7495));
#14688 = VECTOR('',#14689,1.);
#14689 = DIRECTION('',(-1.529923784499E-32,1.224606353822E-16,-1.));
#14690 = ORIENTED_EDGE('',*,*,#14691,.F.);
#14691 = EDGE_CURVE('',#14692,#14682,#14694,.T.);
#14692 = VERTEX_POINT('',#14693);
#14693 = CARTESIAN_POINT('',(-3.3,3.15,0.6995));
#14694 = LINE('',#14695,#14696);
#14695 = CARTESIAN_POINT('',(5.E+05,3.150000001083,0.6995));
#14696 = VECTOR('',#14697,1.);
#14697 = DIRECTION('',(-1.,-2.165783031807E-15,-2.530054162411E-31));
#14698 = ORIENTED_EDGE('',*,*,#14699,.T.);
#14699 = EDGE_CURVE('',#14692,#14700,#14702,.T.);
#14700 = VERTEX_POINT('',#14701);
#14701 = CARTESIAN_POINT('',(-3.3,3.15,0.5495));
#14702 = LINE('',#14703,#14704);
#14703 = CARTESIAN_POINT('',(-3.3,3.15,0.7495));
#14704 = VECTOR('',#14705,1.);
#14705 = DIRECTION('',(-1.529923784499E-32,1.224606353822E-16,-1.));
#14706 = ORIENTED_EDGE('',*,*,#14707,.T.);
#14707 = EDGE_CURVE('',#14700,#14684,#14708,.T.);
#14708 = LINE('',#14709,#14710);
#14709 = CARTESIAN_POINT('',(-4.7,3.15,0.5495));
#14710 = VECTOR('',#14711,1.);
#14711 = DIRECTION('',(-1.,4.946122149645E-16,7.278827604634E-32));
#14712 = PLANE('',#14713);
#14713 = AXIS2_PLACEMENT_3D('',#14714,#14715,#14716);
#14714 = CARTESIAN_POINT('',(-4.7,3.15,0.7495));
#14715 = DIRECTION('',(-4.946122149645E-16,-1.,-1.224606353822E-16));
#14716 = DIRECTION('',(-1.,4.946122149645E-16,7.278827604634E-32));
#14717 = ADVANCED_FACE('',(#14718),#14743,.F.);
#14718 = FACE_BOUND('',#14719,.T.);
#14719 = EDGE_LOOP('',(#14720,#14721,#14729,#14737));
#14720 = ORIENTED_EDGE('',*,*,#14699,.F.);
#14721 = ORIENTED_EDGE('',*,*,#14722,.F.);
#14722 = EDGE_CURVE('',#14723,#14692,#14725,.T.);
#14723 = VERTEX_POINT('',#14724);
#14724 = CARTESIAN_POINT('',(-2.8,3.65,0.675920598561));
#14725 = LINE('',#14726,#14727);
#14726 = CARTESIAN_POINT('',(2.497206628607E+05,2.497271128607E+05,
    -1.177598363833E+04));
#14727 = VECTOR('',#14728,1.);
#14728 = DIRECTION('',(-0.70671396575,-0.70671396575,3.332778460158E-02)
  );
#14729 = ORIENTED_EDGE('',*,*,#14730,.T.);
#14730 = EDGE_CURVE('',#14723,#14731,#14733,.T.);
#14731 = VERTEX_POINT('',#14732);
#14732 = CARTESIAN_POINT('',(-2.8,3.65,0.5495));
#14733 = LINE('',#14734,#14735);
#14734 = CARTESIAN_POINT('',(-2.8,3.65,0.7495));
#14735 = VECTOR('',#14736,1.);
#14736 = DIRECTION('',(-1.529923784499E-32,1.224606353822E-16,-1.));
#14737 = ORIENTED_EDGE('',*,*,#14738,.T.);
#14738 = EDGE_CURVE('',#14731,#14700,#14739,.T.);
#14739 = LINE('',#14740,#14741);
#14740 = CARTESIAN_POINT('',(-3.3,3.15,0.5495));
#14741 = VECTOR('',#14742,1.);
#14742 = DIRECTION('',(-0.707106781187,-0.707106781187,
    -8.659274570719E-17));
#14743 = PLANE('',#14744);
#14744 = AXIS2_PLACEMENT_3D('',#14745,#14746,#14747);
#14745 = CARTESIAN_POINT('',(-3.3,3.15,0.7495));
#14746 = DIRECTION('',(0.707106781187,-0.707106781187,
    -8.659274570719E-17));
#14747 = DIRECTION('',(-0.707106781187,-0.707106781187,
    -8.659274570719E-17));
#14748 = ADVANCED_FACE('',(#14749),#14782,.F.);
#14749 = FACE_BOUND('',#14750,.T.);
#14750 = EDGE_LOOP('',(#14751,#14759,#14767,#14775,#14781));
#14751 = ORIENTED_EDGE('',*,*,#14752,.F.);
#14752 = EDGE_CURVE('',#14753,#14723,#14755,.T.);
#14753 = VERTEX_POINT('',#14754);
#14754 = CARTESIAN_POINT('',(-2.8,5.275,0.599287543885));
#14755 = LINE('',#14756,#14757);
#14756 = CARTESIAN_POINT('',(-2.799999999979,3.150000000774,
    0.699499999963));
#14757 = VECTOR('',#14758,1.);
#14758 = DIRECTION('',(6.129052262661E-16,-0.998889874962,
    4.710645070964E-02));
#14759 = ORIENTED_EDGE('',*,*,#14760,.F.);
#14760 = EDGE_CURVE('',#14761,#14753,#14763,.T.);
#14761 = VERTEX_POINT('',#14762);
#14762 = CARTESIAN_POINT('',(-2.8,5.425,0.749287543885));
#14763 = LINE('',#14764,#14765);
#14764 = CARTESIAN_POINT('',(-2.799999999979,5.275000000388,
    0.599287544273));
#14765 = VECTOR('',#14766,1.);
#14766 = DIRECTION('',(4.338710928809E-16,-0.707106781187,
    -0.707106781187));
#14767 = ORIENTED_EDGE('',*,*,#14768,.T.);
#14768 = EDGE_CURVE('',#14761,#14769,#14771,.T.);
#14769 = VERTEX_POINT('',#14770);
#14770 = CARTESIAN_POINT('',(-2.8,5.425,0.5495));
#14771 = LINE('',#14772,#14773);
#14772 = CARTESIAN_POINT('',(-2.8,5.425,0.7495));
#14773 = VECTOR('',#14774,1.);
#14774 = DIRECTION('',(-1.529923784499E-32,1.224606353822E-16,-1.));
#14775 = ORIENTED_EDGE('',*,*,#14776,.T.);
#14776 = EDGE_CURVE('',#14769,#14731,#14777,.T.);
#14777 = LINE('',#14778,#14779);
#14778 = CARTESIAN_POINT('',(-2.8,3.65,0.5495));
#14779 = VECTOR('',#14780,1.);
#14780 = DIRECTION('',(6.135863838738E-16,-1.,-1.224606353822E-16));
#14781 = ORIENTED_EDGE('',*,*,#14730,.F.);
#14782 = PLANE('',#14783);
#14783 = AXIS2_PLACEMENT_3D('',#14784,#14785,#14786);
#14784 = CARTESIAN_POINT('',(-2.8,3.65,0.7495));
#14785 = DIRECTION('',(1.,6.135863838738E-16,6.292242849711E-32));
#14786 = DIRECTION('',(6.135863838738E-16,-1.,-1.224606353822E-16));
#14787 = ADVANCED_FACE('',(#14788),#14822,.F.);
#14788 = FACE_BOUND('',#14789,.T.);
#14789 = EDGE_LOOP('',(#14790,#14800,#14808,#14816));
#14790 = ORIENTED_EDGE('',*,*,#14791,.F.);
#14791 = EDGE_CURVE('',#14792,#14794,#14796,.T.);
#14792 = VERTEX_POINT('',#14793);
#14793 = CARTESIAN_POINT('',(4.7,-3.15,0.6995));
#14794 = VERTEX_POINT('',#14795);
#14795 = CARTESIAN_POINT('',(4.7,-3.15,0.5495));
#14796 = LINE('',#14797,#14798);
#14797 = CARTESIAN_POINT('',(4.7,-3.15,0.7495));
#14798 = VECTOR('',#14799,1.);
#14799 = DIRECTION('',(-1.529923784499E-32,1.224606353822E-16,-1.));
#14800 = ORIENTED_EDGE('',*,*,#14801,.F.);
#14801 = EDGE_CURVE('',#14802,#14792,#14804,.T.);
#14802 = VERTEX_POINT('',#14803);
#14803 = CARTESIAN_POINT('',(3.3,-3.15,0.6995));
#14804 = LINE('',#14805,#14806);
#14805 = CARTESIAN_POINT('',(-5.E+05,-3.150000001083,0.6995));
#14806 = VECTOR('',#14807,1.);
#14807 = DIRECTION('',(1.,2.165783031807E-15,2.530054162411E-31));
#14808 = ORIENTED_EDGE('',*,*,#14809,.T.);
#14809 = EDGE_CURVE('',#14802,#14810,#14812,.T.);
#14810 = VERTEX_POINT('',#14811);
#14811 = CARTESIAN_POINT('',(3.3,-3.15,0.5495));
#14812 = LINE('',#14813,#14814);
#14813 = CARTESIAN_POINT('',(3.3,-3.15,0.7495));
#14814 = VECTOR('',#14815,1.);
#14815 = DIRECTION('',(-1.529923784499E-32,1.224606353822E-16,-1.));
#14816 = ORIENTED_EDGE('',*,*,#14817,.T.);
#14817 = EDGE_CURVE('',#14810,#14794,#14818,.T.);
#14818 = LINE('',#14819,#14820);
#14819 = CARTESIAN_POINT('',(3.3,-3.15,0.5495));
#14820 = VECTOR('',#14821,1.);
#14821 = DIRECTION('',(1.,7.444759821618E-16,7.895125186838E-32));
#14822 = PLANE('',#14823);
#14823 = AXIS2_PLACEMENT_3D('',#14824,#14825,#14826);
#14824 = CARTESIAN_POINT('',(3.3,-3.15,0.7495));
#14825 = DIRECTION('',(-7.444759821618E-16,1.,1.224606353822E-16));
#14826 = DIRECTION('',(1.,7.444759821618E-16,7.895125186838E-32));
#14827 = ADVANCED_FACE('',(#14828),#14853,.F.);
#14828 = FACE_BOUND('',#14829,.T.);
#14829 = EDGE_LOOP('',(#14830,#14831,#14839,#14847));
#14830 = ORIENTED_EDGE('',*,*,#14809,.F.);
#14831 = ORIENTED_EDGE('',*,*,#14832,.F.);
#14832 = EDGE_CURVE('',#14833,#14802,#14835,.T.);
#14833 = VERTEX_POINT('',#14834);
#14834 = CARTESIAN_POINT('',(2.8,-3.65,0.675920598561));
#14835 = LINE('',#14836,#14837);
#14836 = CARTESIAN_POINT('',(-2.497206628607E+05,-2.497271128607E+05,
    -1.177598363833E+04));
#14837 = VECTOR('',#14838,1.);
#14838 = DIRECTION('',(0.70671396575,0.70671396575,3.332778460158E-02));
#14839 = ORIENTED_EDGE('',*,*,#14840,.T.);
#14840 = EDGE_CURVE('',#14833,#14841,#14843,.T.);
#14841 = VERTEX_POINT('',#14842);
#14842 = CARTESIAN_POINT('',(2.8,-3.65,0.5495));
#14843 = LINE('',#14844,#14845);
#14844 = CARTESIAN_POINT('',(2.8,-3.65,0.7495));
#14845 = VECTOR('',#14846,1.);
#14846 = DIRECTION('',(-1.529923784499E-32,1.224606353822E-16,-1.));
#14847 = ORIENTED_EDGE('',*,*,#14848,.T.);
#14848 = EDGE_CURVE('',#14841,#14810,#14849,.T.);
#14849 = LINE('',#14850,#14851);
#14850 = CARTESIAN_POINT('',(2.8,-3.65,0.5495));
#14851 = VECTOR('',#14852,1.);
#14852 = DIRECTION('',(0.707106781187,0.707106781187,8.659274570719E-17)
  );
#14853 = PLANE('',#14854);
#14854 = AXIS2_PLACEMENT_3D('',#14855,#14856,#14857);
#14855 = CARTESIAN_POINT('',(2.8,-3.65,0.7495));
#14856 = DIRECTION('',(-0.707106781187,0.707106781187,8.659274570719E-17
    ));
#14857 = DIRECTION('',(0.707106781187,0.707106781187,8.659274570719E-17)
  );
#14858 = ADVANCED_FACE('',(#14859),#14892,.F.);
#14859 = FACE_BOUND('',#14860,.T.);
#14860 = EDGE_LOOP('',(#14861,#14869,#14877,#14885,#14891));
#14861 = ORIENTED_EDGE('',*,*,#14862,.F.);
#14862 = EDGE_CURVE('',#14863,#14833,#14865,.T.);
#14863 = VERTEX_POINT('',#14864);
#14864 = CARTESIAN_POINT('',(2.8,-5.275,0.599287543885));
#14865 = LINE('',#14866,#14867);
#14866 = CARTESIAN_POINT('',(2.800000000036,-3.150000001018,
    0.699499999952));
#14867 = VECTOR('',#14868,1.);
#14868 = DIRECTION('',(-1.247931935866E-16,0.998889874962,
    4.710645070964E-02));
#14869 = ORIENTED_EDGE('',*,*,#14870,.F.);
#14870 = EDGE_CURVE('',#14871,#14863,#14873,.T.);
#14871 = VERTEX_POINT('',#14872);
#14872 = CARTESIAN_POINT('',(2.8,-5.425,0.749287543885));
#14873 = LINE('',#14874,#14875);
#14874 = CARTESIAN_POINT('',(2.799999999979,-5.27500000051,
    0.599287544396));
#14875 = VECTOR('',#14876,1.);
#14876 = DIRECTION('',(-8.834018207901E-17,0.707106781187,
    -0.707106781187));
#14877 = ORIENTED_EDGE('',*,*,#14878,.T.);
#14878 = EDGE_CURVE('',#14871,#14879,#14881,.T.);
#14879 = VERTEX_POINT('',#14880);
#14880 = CARTESIAN_POINT('',(2.8,-5.425,0.5495));
#14881 = LINE('',#14882,#14883);
#14882 = CARTESIAN_POINT('',(2.8,-5.425,0.7495));
#14883 = VECTOR('',#14884,1.);
#14884 = DIRECTION('',(-1.529923784499E-32,1.224606353822E-16,-1.));
#14885 = ORIENTED_EDGE('',*,*,#14886,.T.);
#14886 = EDGE_CURVE('',#14879,#14841,#14887,.T.);
#14887 = LINE('',#14888,#14889);
#14888 = CARTESIAN_POINT('',(2.8,-5.425,0.5495));
#14889 = VECTOR('',#14890,1.);
#14890 = DIRECTION('',(-1.249318835986E-16,1.,1.224606353822E-16));
#14891 = ORIENTED_EDGE('',*,*,#14840,.F.);
#14892 = PLANE('',#14893);
#14893 = AXIS2_PLACEMENT_3D('',#14894,#14895,#14896);
#14894 = CARTESIAN_POINT('',(2.8,-5.425,0.7495));
#14895 = DIRECTION('',(-1.,-1.249318835986E-16,-2.736911063134E-48));
#14896 = DIRECTION('',(-1.529923784499E-32,1.224606353822E-16,-1.));
#14897 = ADVANCED_FACE('',(#14898),#14932,.F.);
#14898 = FACE_BOUND('',#14899,.T.);
#14899 = EDGE_LOOP('',(#14900,#14910,#14918,#14926));
#14900 = ORIENTED_EDGE('',*,*,#14901,.T.);
#14901 = EDGE_CURVE('',#14902,#14904,#14906,.T.);
#14902 = VERTEX_POINT('',#14903);
#14903 = CARTESIAN_POINT('',(-2.8,-3.65,0.675920598561));
#14904 = VERTEX_POINT('',#14905);
#14905 = CARTESIAN_POINT('',(-3.3,-3.15,0.6995));
#14906 = LINE('',#14907,#14908);
#14907 = CARTESIAN_POINT('',(2.497206628607E+05,-2.497271128607E+05,
    -1.177598363833E+04));
#14908 = VECTOR('',#14909,1.);
#14909 = DIRECTION('',(-0.70671396575,0.70671396575,3.332778460158E-02)
  );
#14910 = ORIENTED_EDGE('',*,*,#14911,.T.);
#14911 = EDGE_CURVE('',#14904,#14912,#14914,.T.);
#14912 = VERTEX_POINT('',#14913);
#14913 = CARTESIAN_POINT('',(-3.3,-3.15,0.5495));
#14914 = LINE('',#14915,#14916);
#14915 = CARTESIAN_POINT('',(-3.3,-3.15,0.7495));
#14916 = VECTOR('',#14917,1.);
#14917 = DIRECTION('',(-1.529923784499E-32,1.224606353822E-16,-1.));
#14918 = ORIENTED_EDGE('',*,*,#14919,.T.);
#14919 = EDGE_CURVE('',#14912,#14920,#14922,.T.);
#14920 = VERTEX_POINT('',#14921);
#14921 = CARTESIAN_POINT('',(-2.8,-3.65,0.5495));
#14922 = LINE('',#14923,#14924);
#14923 = CARTESIAN_POINT('',(-2.8,-3.65,0.5495));
#14924 = VECTOR('',#14925,1.);
#14925 = DIRECTION('',(0.707106781187,-0.707106781187,
    -8.659274570719E-17));
#14926 = ORIENTED_EDGE('',*,*,#14927,.F.);
#14927 = EDGE_CURVE('',#14902,#14920,#14928,.T.);
#14928 = LINE('',#14929,#14930);
#14929 = CARTESIAN_POINT('',(-2.8,-3.65,0.7495));
#14930 = VECTOR('',#14931,1.);
#14931 = DIRECTION('',(-1.529923784499E-32,1.224606353822E-16,-1.));
#14932 = PLANE('',#14933);
#14933 = AXIS2_PLACEMENT_3D('',#14934,#14935,#14936);
#14934 = CARTESIAN_POINT('',(-2.8,-3.65,0.7495));
#14935 = DIRECTION('',(0.707106781187,0.707106781187,8.659274570719E-17)
  );
#14936 = DIRECTION('',(0.707106781187,-0.707106781187,
    -8.659274570719E-17));
#14937 = ADVANCED_FACE('',(#14938),#14963,.F.);
#14938 = FACE_BOUND('',#14939,.T.);
#14939 = EDGE_LOOP('',(#14940,#14948,#14956,#14962));
#14940 = ORIENTED_EDGE('',*,*,#14941,.T.);
#14941 = EDGE_CURVE('',#14904,#14942,#14944,.T.);
#14942 = VERTEX_POINT('',#14943);
#14943 = CARTESIAN_POINT('',(-4.7,-3.15,0.6995));
#14944 = LINE('',#14945,#14946);
#14945 = CARTESIAN_POINT('',(5.E+05,-3.150000000958,0.6995));
#14946 = VECTOR('',#14947,1.);
#14947 = DIRECTION('',(-1.,1.915919264609E-15,2.468424404191E-31));
#14948 = ORIENTED_EDGE('',*,*,#14949,.T.);
#14949 = EDGE_CURVE('',#14942,#14950,#14952,.T.);
#14950 = VERTEX_POINT('',#14951);
#14951 = CARTESIAN_POINT('',(-4.7,-3.15,0.5495));
#14952 = LINE('',#14953,#14954);
#14953 = CARTESIAN_POINT('',(-4.7,-3.15,0.7495));
#14954 = VECTOR('',#14955,1.);
#14955 = DIRECTION('',(-1.529923784499E-32,1.224606353822E-16,-1.));
#14956 = ORIENTED_EDGE('',*,*,#14957,.T.);
#14957 = EDGE_CURVE('',#14950,#14912,#14958,.T.);
#14958 = LINE('',#14959,#14960);
#14959 = CARTESIAN_POINT('',(-3.3,-3.15,0.5495));
#14960 = VECTOR('',#14961,1.);
#14961 = DIRECTION('',(1.,7.444759821618E-16,7.895125186838E-32));
#14962 = ORIENTED_EDGE('',*,*,#14911,.F.);
#14963 = PLANE('',#14964);
#14964 = AXIS2_PLACEMENT_3D('',#14965,#14966,#14967);
#14965 = CARTESIAN_POINT('',(-3.3,-3.15,0.7495));
#14966 = DIRECTION('',(-7.444759821618E-16,1.,1.224606353822E-16));
#14967 = DIRECTION('',(1.,7.444759821618E-16,7.895125186838E-32));
#14968 = ADVANCED_FACE('',(#14969),#15011,.F.);
#14969 = FACE_BOUND('',#14970,.T.);
#14970 = EDGE_LOOP('',(#14971,#14979,#14987,#14993,#14994,#15000,#15001,
    #15002,#15003,#15004,#15010));
#14971 = ORIENTED_EDGE('',*,*,#14972,.F.);
#14972 = EDGE_CURVE('',#14973,#14942,#14975,.T.);
#14973 = VERTEX_POINT('',#14974);
#14974 = CARTESIAN_POINT('',(-4.7,-5.275,0.599287543885));
#14975 = LINE('',#14976,#14977);
#14976 = CARTESIAN_POINT('',(-4.7,-3.15,0.6995));
#14977 = VECTOR('',#14978,1.);
#14978 = DIRECTION('',(1.913792354663E-15,0.998889874962,
    4.710645070964E-02));
#14979 = ORIENTED_EDGE('',*,*,#14980,.F.);
#14980 = EDGE_CURVE('',#14981,#14973,#14983,.T.);
#14981 = VERTEX_POINT('',#14982);
#14982 = CARTESIAN_POINT('',(-4.7,-5.425,0.749287543885));
#14983 = LINE('',#14984,#14985);
#14984 = CARTESIAN_POINT('',(-4.7,-5.275,0.599287543885));
#14985 = VECTOR('',#14986,1.);
#14986 = DIRECTION('',(4.00044226241E-15,0.707106781187,-0.707106781187)
  );
#14987 = ORIENTED_EDGE('',*,*,#14988,.T.);
#14988 = EDGE_CURVE('',#14981,#14489,#14989,.T.);
#14989 = LINE('',#14990,#14991);
#14990 = CARTESIAN_POINT('',(-4.7,-5.425,0.5495));
#14991 = VECTOR('',#14992,1.);
#14992 = DIRECTION('',(1.529923784499E-32,-1.224606353822E-16,1.));
#14993 = ORIENTED_EDGE('',*,*,#14488,.T.);
#14994 = ORIENTED_EDGE('',*,*,#14995,.F.);
#14995 = EDGE_CURVE('',#13191,#14491,#14996,.T.);
#14996 = LINE('',#14997,#14998);
#14997 = CARTESIAN_POINT('',(-4.7,-5.85,0.5495));
#14998 = VECTOR('',#14999,1.);
#14999 = DIRECTION('',(1.529923784499E-32,-1.224606353822E-16,1.));
#15000 = ORIENTED_EDGE('',*,*,#13225,.F.);
#15001 = ORIENTED_EDGE('',*,*,#13255,.T.);
#15002 = ORIENTED_EDGE('',*,*,#13286,.F.);
#15003 = ORIENTED_EDGE('',*,*,#13311,.T.);
#15004 = ORIENTED_EDGE('',*,*,#15005,.T.);
#15005 = EDGE_CURVE('',#13302,#14950,#15006,.T.);
#15006 = LINE('',#15007,#15008);
#15007 = CARTESIAN_POINT('',(-4.7,-3.15,0.5495));
#15008 = VECTOR('',#15009,1.);
#15009 = DIRECTION('',(2.563260232094E-16,1.,1.224606353822E-16));
#15010 = ORIENTED_EDGE('',*,*,#14949,.F.);
#15011 = PLANE('',#15012);
#15012 = AXIS2_PLACEMENT_3D('',#15013,#15014,#15015);
#15013 = CARTESIAN_POINT('',(-4.7,-5.425,0.5495));
#15014 = DIRECTION('',(-1.,1.915919264609E-15,2.468424404191E-31));
#15015 = DIRECTION('',(1.915919264609E-15,1.,1.224606353822E-16));
#15016 = ADVANCED_FACE('',(#15017),#15044,.T.);
#15017 = FACE_BOUND('',#15018,.T.);
#15018 = EDGE_LOOP('',(#15019,#15028,#15029,#15038));
#15019 = ORIENTED_EDGE('',*,*,#15020,.T.);
#15020 = EDGE_CURVE('',#15021,#1582,#15023,.T.);
#15021 = VERTEX_POINT('',#15022);
#15022 = CARTESIAN_POINT('',(-2.,5.425,3.6995));
#15023 = CIRCLE('',#15024,5.781922258211);
#15024 = AXIS2_PLACEMENT_3D('',#15025,#15026,#15027);
#15025 = CARTESIAN_POINT('',(5.049701140105E-16,-2.91674781658E-15,
    3.6995));
#15026 = DIRECTION('',(-0.,0.,1.));
#15027 = DIRECTION('',(1.249318835986E-16,-1.,0.));
#15028 = ORIENTED_EDGE('',*,*,#1581,.T.);
#15029 = ORIENTED_EDGE('',*,*,#15030,.T.);
#15030 = EDGE_CURVE('',#1574,#15031,#15033,.T.);
#15031 = VERTEX_POINT('',#15032);
#15032 = CARTESIAN_POINT('',(2.,5.425,3.6995));
#15033 = CIRCLE('',#15034,5.781922258211);
#15034 = AXIS2_PLACEMENT_3D('',#15035,#15036,#15037);
#15035 = CARTESIAN_POINT('',(5.049701140105E-16,-2.91674781658E-15,
    3.6995));
#15036 = DIRECTION('',(-0.,0.,1.));
#15037 = DIRECTION('',(1.249318835986E-16,-1.,0.));
#15038 = ORIENTED_EDGE('',*,*,#15039,.T.);
#15039 = EDGE_CURVE('',#15031,#15021,#15040,.T.);
#15040 = LINE('',#15041,#15042);
#15041 = CARTESIAN_POINT('',(2.,5.425,3.6995));
#15042 = VECTOR('',#15043,1.);
#15043 = DIRECTION('',(-1.,5.255894198927E-16,0.));
#15044 = PLANE('',#15045);
#15045 = AXIS2_PLACEMENT_3D('',#15046,#15047,#15048);
#15046 = CARTESIAN_POINT('',(5.049701140105E-16,-2.91674781658E-15,
    3.6995));
#15047 = DIRECTION('',(0.,0.,1.));
#15048 = DIRECTION('',(1.249318835986E-16,-1.,0.));
#15049 = ADVANCED_FACE('',(#15050),#15061,.T.);
#15050 = FACE_BOUND('',#15051,.T.);
#15051 = EDGE_LOOP('',(#15052,#15053,#15054,#15060));
#15052 = ORIENTED_EDGE('',*,*,#1589,.F.);
#15053 = ORIENTED_EDGE('',*,*,#15020,.F.);
#15054 = ORIENTED_EDGE('',*,*,#15055,.T.);
#15055 = EDGE_CURVE('',#15021,#9095,#15056,.T.);
#15056 = LINE('',#15057,#15058);
#15057 = CARTESIAN_POINT('',(-2.,5.425,3.6995));
#15058 = VECTOR('',#15059,1.);
#15059 = DIRECTION('',(-0.,0.,-1.));
#15060 = ORIENTED_EDGE('',*,*,#9094,.T.);
#15061 = CYLINDRICAL_SURFACE('',#15062,5.781922258211);
#15062 = AXIS2_PLACEMENT_3D('',#15063,#15064,#15065);
#15063 = CARTESIAN_POINT('',(5.049701140105E-16,-2.91674781658E-15,
    3.6995));
#15064 = DIRECTION('',(-0.,0.,-1.));
#15065 = DIRECTION('',(-1.249318835986E-16,1.,0.));
#15066 = ADVANCED_FACE('',(#15067),#15078,.T.);
#15067 = FACE_BOUND('',#15068,.T.);
#15068 = EDGE_LOOP('',(#15069,#15070,#15071,#15077));
#15069 = ORIENTED_EDGE('',*,*,#1573,.F.);
#15070 = ORIENTED_EDGE('',*,*,#9119,.T.);
#15071 = ORIENTED_EDGE('',*,*,#15072,.F.);
#15072 = EDGE_CURVE('',#15031,#9120,#15073,.T.);
#15073 = LINE('',#15074,#15075);
#15074 = CARTESIAN_POINT('',(2.,5.425,3.6995));
#15075 = VECTOR('',#15076,1.);
#15076 = DIRECTION('',(-0.,0.,-1.));
#15077 = ORIENTED_EDGE('',*,*,#15030,.F.);
#15078 = CYLINDRICAL_SURFACE('',#15079,5.781922258211);
#15079 = AXIS2_PLACEMENT_3D('',#15080,#15081,#15082);
#15080 = CARTESIAN_POINT('',(5.049701140105E-16,-2.91674781658E-15,
    3.6995));
#15081 = DIRECTION('',(-0.,0.,-1.));
#15082 = DIRECTION('',(-1.249318835986E-16,1.,0.));
#15083 = ADVANCED_FACE('',(#15084),#15170,.F.);
#15084 = FACE_BOUND('',#15085,.T.);
#15085 = EDGE_LOOP('',(#15086,#15094,#15095,#15103,#15109,#15110,#15111,
    #15112,#15113,#15114,#15115,#15116,#15124,#15130,#15131,#15132,
    #15140,#15148,#15154,#15155,#15156,#15157,#15163,#15164));
#15086 = ORIENTED_EDGE('',*,*,#15087,.T.);
#15087 = EDGE_CURVE('',#15088,#1043,#15090,.T.);
#15088 = VERTEX_POINT('',#15089);
#15089 = CARTESIAN_POINT('',(-4.7,5.425,0.749287543885));
#15090 = LINE('',#15091,#15092);
#15091 = CARTESIAN_POINT('',(-4.7,5.425,0.5495));
#15092 = VECTOR('',#15093,1.);
#15093 = DIRECTION('',(1.529923784499E-32,-1.224606353822E-16,1.));
#15094 = ORIENTED_EDGE('',*,*,#1040,.F.);
#15095 = ORIENTED_EDGE('',*,*,#15096,.F.);
#15096 = EDGE_CURVE('',#15097,#1041,#15099,.T.);
#15097 = VERTEX_POINT('',#15098);
#15098 = CARTESIAN_POINT('',(-4.5,5.425,2.8245));
#15099 = LINE('',#15100,#15101);
#15100 = CARTESIAN_POINT('',(-4.5,5.425,19.459273268156));
#15101 = VECTOR('',#15102,1.);
#15102 = DIRECTION('',(-0.,0.,-1.));
#15103 = ORIENTED_EDGE('',*,*,#15104,.T.);
#15104 = EDGE_CURVE('',#15097,#1121,#15105,.T.);
#15105 = LINE('',#15106,#15107);
#15106 = CARTESIAN_POINT('',(-3.4,5.425,2.8245));
#15107 = VECTOR('',#15108,1.);
#15108 = DIRECTION('',(1.,3.037693553488E-16,0.));
#15109 = ORIENTED_EDGE('',*,*,#1146,.T.);
#15110 = ORIENTED_EDGE('',*,*,#9103,.F.);
#15111 = ORIENTED_EDGE('',*,*,#15055,.F.);
#15112 = ORIENTED_EDGE('',*,*,#15039,.F.);
#15113 = ORIENTED_EDGE('',*,*,#15072,.T.);
#15114 = ORIENTED_EDGE('',*,*,#9130,.F.);
#15115 = ORIENTED_EDGE('',*,*,#1210,.F.);
#15116 = ORIENTED_EDGE('',*,*,#15117,.T.);
#15117 = EDGE_CURVE('',#1203,#15118,#15120,.T.);
#15118 = VERTEX_POINT('',#15119);
#15119 = CARTESIAN_POINT('',(4.5,5.425,2.8245));
#15120 = LINE('',#15121,#15122);
#15121 = CARTESIAN_POINT('',(4.5,5.425,2.8245));
#15122 = VECTOR('',#15123,1.);
#15123 = DIRECTION('',(1.,3.037693553488E-16,0.));
#15124 = ORIENTED_EDGE('',*,*,#15125,.T.);
#15125 = EDGE_CURVE('',#15118,#14087,#15126,.T.);
#15126 = LINE('',#15127,#15128);
#15127 = CARTESIAN_POINT('',(4.5,5.425,19.459273268156));
#15128 = VECTOR('',#15129,1.);
#15129 = DIRECTION('',(-0.,0.,-1.));
#15130 = ORIENTED_EDGE('',*,*,#14086,.T.);
#15131 = ORIENTED_EDGE('',*,*,#14649,.F.);
#15132 = ORIENTED_EDGE('',*,*,#15133,.F.);
#15133 = EDGE_CURVE('',#15134,#14642,#15136,.T.);
#15134 = VERTEX_POINT('',#15135);
#15135 = CARTESIAN_POINT('',(2.8,5.425,0.749287543885));
#15136 = LINE('',#15137,#15138);
#15137 = CARTESIAN_POINT('',(-5.E+05,5.425000000958,0.749287543885));
#15138 = VECTOR('',#15139,1.);
#15139 = DIRECTION('',(1.,-1.915919264609E-15,-2.468424404191E-31));
#15140 = ORIENTED_EDGE('',*,*,#15141,.T.);
#15141 = EDGE_CURVE('',#15134,#15142,#15144,.T.);
#15142 = VERTEX_POINT('',#15143);
#15143 = CARTESIAN_POINT('',(2.8,5.425,0.5495));
#15144 = LINE('',#15145,#15146);
#15145 = CARTESIAN_POINT('',(2.8,5.425,0.7495));
#15146 = VECTOR('',#15147,1.);
#15147 = DIRECTION('',(-1.529923784499E-32,1.224606353822E-16,-1.));
#15148 = ORIENTED_EDGE('',*,*,#15149,.F.);
#15149 = EDGE_CURVE('',#12886,#15142,#15150,.T.);
#15150 = LINE('',#15151,#15152);
#15151 = CARTESIAN_POINT('',(1.5,5.425,0.5495));
#15152 = VECTOR('',#15153,1.);
#15153 = DIRECTION('',(1.,-4.171692026441E-16,-6.330455555167E-32));
#15154 = ORIENTED_EDGE('',*,*,#12885,.T.);
#15155 = ORIENTED_EDGE('',*,*,#14546,.T.);
#15156 = ORIENTED_EDGE('',*,*,#12925,.F.);
#15157 = ORIENTED_EDGE('',*,*,#15158,.F.);
#15158 = EDGE_CURVE('',#14769,#12918,#15159,.T.);
#15159 = LINE('',#15160,#15161);
#15160 = CARTESIAN_POINT('',(-4.7,5.425,0.5495));
#15161 = VECTOR('',#15162,1.);
#15162 = DIRECTION('',(1.,3.9598242672E-16,3.627450964236E-32));
#15163 = ORIENTED_EDGE('',*,*,#14768,.F.);
#15164 = ORIENTED_EDGE('',*,*,#15165,.T.);
#15165 = EDGE_CURVE('',#14761,#15088,#15166,.T.);
#15166 = LINE('',#15167,#15168);
#15167 = CARTESIAN_POINT('',(5.E+05,5.425000001083,0.749287543885));
#15168 = VECTOR('',#15169,1.);
#15169 = DIRECTION('',(-1.,-2.165783031807E-15,-2.530054162411E-31));
#15170 = PLANE('',#15171);
#15171 = AXIS2_PLACEMENT_3D('',#15172,#15173,#15174);
#15172 = CARTESIAN_POINT('',(-3.4,5.425,19.459273268156));
#15173 = DIRECTION('',(1.249318835986E-16,-1.,0.));
#15174 = DIRECTION('',(0.,-0.,-1.));
#15175 = ADVANCED_FACE('',(#15176),#15187,.F.);
#15176 = FACE_BOUND('',#15177,.T.);
#15177 = EDGE_LOOP('',(#15178,#15179,#15180,#15181));
#15178 = ORIENTED_EDGE('',*,*,#15096,.T.);
#15179 = ORIENTED_EDGE('',*,*,#1066,.T.);
#15180 = ORIENTED_EDGE('',*,*,#12957,.F.);
#15181 = ORIENTED_EDGE('',*,*,#15182,.T.);
#15182 = EDGE_CURVE('',#12950,#15097,#15183,.T.);
#15183 = LINE('',#15184,#15185);
#15184 = CARTESIAN_POINT('',(-4.5,5.425,2.8245));
#15185 = VECTOR('',#15186,1.);
#15186 = DIRECTION('',(3.037693553488E-16,-1.,0.));
#15187 = PLANE('',#15188);
#15188 = AXIS2_PLACEMENT_3D('',#15189,#15190,#15191);
#15189 = CARTESIAN_POINT('',(-4.5,5.425,19.459273268156));
#15190 = DIRECTION('',(-1.,-8.288336476431E-15,0.));
#15191 = DIRECTION('',(8.288336476431E-15,-1.,0.));
#15192 = ADVANCED_FACE('',(#15193),#15220,.T.);
#15193 = FACE_BOUND('',#15194,.T.);
#15194 = EDGE_LOOP('',(#15195,#15204,#15205,#15214));
#15195 = ORIENTED_EDGE('',*,*,#15196,.T.);
#15196 = EDGE_CURVE('',#15197,#1414,#15199,.T.);
#15197 = VERTEX_POINT('',#15198);
#15198 = CARTESIAN_POINT('',(2.,-5.425,3.6995));
#15199 = CIRCLE('',#15200,5.781922258211);
#15200 = AXIS2_PLACEMENT_3D('',#15201,#15202,#15203);
#15201 = CARTESIAN_POINT('',(5.049701140105E-16,-2.91674781658E-15,
    3.6995));
#15202 = DIRECTION('',(-0.,0.,1.));
#15203 = DIRECTION('',(1.249318835986E-16,-1.,0.));
#15204 = ORIENTED_EDGE('',*,*,#1413,.T.);
#15205 = ORIENTED_EDGE('',*,*,#15206,.T.);
#15206 = EDGE_CURVE('',#1416,#15207,#15209,.T.);
#15207 = VERTEX_POINT('',#15208);
#15208 = CARTESIAN_POINT('',(-2.,-5.425,3.6995));
#15209 = CIRCLE('',#15210,5.781922258211);
#15210 = AXIS2_PLACEMENT_3D('',#15211,#15212,#15213);
#15211 = CARTESIAN_POINT('',(5.049701140105E-16,-2.91674781658E-15,
    3.6995));
#15212 = DIRECTION('',(-0.,0.,1.));
#15213 = DIRECTION('',(1.249318835986E-16,-1.,0.));
#15214 = ORIENTED_EDGE('',*,*,#15215,.T.);
#15215 = EDGE_CURVE('',#15207,#15197,#15216,.T.);
#15216 = LINE('',#15217,#15218);
#15217 = CARTESIAN_POINT('',(2.,-5.425,3.6995));
#15218 = VECTOR('',#15219,1.);
#15219 = DIRECTION('',(1.,1.249318835986E-16,0.));
#15220 = PLANE('',#15221);
#15221 = AXIS2_PLACEMENT_3D('',#15222,#15223,#15224);
#15222 = CARTESIAN_POINT('',(5.049701140105E-16,-2.91674781658E-15,
    3.6995));
#15223 = DIRECTION('',(0.,0.,1.));
#15224 = DIRECTION('',(1.249318835986E-16,-1.,0.));
#15225 = ADVANCED_FACE('',(#15226),#15237,.T.);
#15226 = FACE_BOUND('',#15227,.T.);
#15227 = EDGE_LOOP('',(#15228,#15229,#15230,#15236));
#15228 = ORIENTED_EDGE('',*,*,#1551,.F.);
#15229 = ORIENTED_EDGE('',*,*,#9069,.T.);
#15230 = ORIENTED_EDGE('',*,*,#15231,.F.);
#15231 = EDGE_CURVE('',#15207,#9070,#15232,.T.);
#15232 = LINE('',#15233,#15234);
#15233 = CARTESIAN_POINT('',(-2.,-5.425,3.6995));
#15234 = VECTOR('',#15235,1.);
#15235 = DIRECTION('',(-0.,0.,-1.));
#15236 = ORIENTED_EDGE('',*,*,#15206,.F.);
#15237 = CYLINDRICAL_SURFACE('',#15238,5.781922258211);
#15238 = AXIS2_PLACEMENT_3D('',#15239,#15240,#15241);
#15239 = CARTESIAN_POINT('',(5.049701140105E-16,-2.91674781658E-15,
    3.6995));
#15240 = DIRECTION('',(-0.,0.,-1.));
#15241 = DIRECTION('',(-1.249318835986E-16,1.,0.));
#15242 = ADVANCED_FACE('',(#15243),#15254,.T.);
#15243 = FACE_BOUND('',#15244,.T.);
#15244 = EDGE_LOOP('',(#15245,#15246,#15247,#15253));
#15245 = ORIENTED_EDGE('',*,*,#1423,.F.);
#15246 = ORIENTED_EDGE('',*,*,#15196,.F.);
#15247 = ORIENTED_EDGE('',*,*,#15248,.T.);
#15248 = EDGE_CURVE('',#15197,#9045,#15249,.T.);
#15249 = LINE('',#15250,#15251);
#15250 = CARTESIAN_POINT('',(2.,-5.425,3.6995));
#15251 = VECTOR('',#15252,1.);
#15252 = DIRECTION('',(-0.,0.,-1.));
#15253 = ORIENTED_EDGE('',*,*,#9044,.T.);
#15254 = CYLINDRICAL_SURFACE('',#15255,5.781922258211);
#15255 = AXIS2_PLACEMENT_3D('',#15256,#15257,#15258);
#15256 = CARTESIAN_POINT('',(5.049701140105E-16,-2.91674781658E-15,
    3.6995));
#15257 = DIRECTION('',(-0.,0.,-1.));
#15258 = DIRECTION('',(-1.249318835986E-16,1.,0.));
#15259 = ADVANCED_FACE('',(#15260),#15346,.F.);
#15260 = FACE_BOUND('',#15261,.T.);
#15261 = EDGE_LOOP('',(#15262,#15263,#15271,#15277,#15278,#15279,#15287,
    #15295,#15301,#15302,#15303,#15304,#15310,#15311,#15319,#15325,
    #15326,#15334,#15340,#15341,#15342,#15343,#15344,#15345));
#15262 = ORIENTED_EDGE('',*,*,#1090,.F.);
#15263 = ORIENTED_EDGE('',*,*,#15264,.T.);
#15264 = EDGE_CURVE('',#1083,#15265,#15267,.T.);
#15265 = VERTEX_POINT('',#15266);
#15266 = CARTESIAN_POINT('',(-4.5,-5.425,2.8245));
#15267 = LINE('',#15268,#15269);
#15268 = CARTESIAN_POINT('',(-4.5,-5.425,2.8245));
#15269 = VECTOR('',#15270,1.);
#15270 = DIRECTION('',(-1.,-3.037693553488E-16,0.));
#15271 = ORIENTED_EDGE('',*,*,#15272,.T.);
#15272 = EDGE_CURVE('',#15265,#14499,#15273,.T.);
#15273 = LINE('',#15274,#15275);
#15274 = CARTESIAN_POINT('',(-4.5,-5.425,19.459273268156));
#15275 = VECTOR('',#15276,1.);
#15276 = DIRECTION('',(-0.,0.,-1.));
#15277 = ORIENTED_EDGE('',*,*,#14498,.T.);
#15278 = ORIENTED_EDGE('',*,*,#14988,.F.);
#15279 = ORIENTED_EDGE('',*,*,#15280,.F.);
#15280 = EDGE_CURVE('',#15281,#14981,#15283,.T.);
#15281 = VERTEX_POINT('',#15282);
#15282 = CARTESIAN_POINT('',(-2.8,-5.425,0.749287543885));
#15283 = LINE('',#15284,#15285);
#15284 = CARTESIAN_POINT('',(5.E+05,-5.425000000958,0.749287543885));
#15285 = VECTOR('',#15286,1.);
#15286 = DIRECTION('',(-1.,1.915919264609E-15,2.468424404191E-31));
#15287 = ORIENTED_EDGE('',*,*,#15288,.T.);
#15288 = EDGE_CURVE('',#15281,#15289,#15291,.T.);
#15289 = VERTEX_POINT('',#15290);
#15290 = CARTESIAN_POINT('',(-2.8,-5.425,0.5495));
#15291 = LINE('',#15292,#15293);
#15292 = CARTESIAN_POINT('',(-2.8,-5.425,0.7495));
#15293 = VECTOR('',#15294,1.);
#15294 = DIRECTION('',(-1.529923784499E-32,1.224606353822E-16,-1.));
#15295 = ORIENTED_EDGE('',*,*,#15296,.F.);
#15296 = EDGE_CURVE('',#13168,#15289,#15297,.T.);
#15297 = LINE('',#15298,#15299);
#15298 = CARTESIAN_POINT('',(-1.5,-5.425,0.5495));
#15299 = VECTOR('',#15300,1.);
#15300 = DIRECTION('',(-1.,1.461186595227E-16,3.011153382032E-32));
#15301 = ORIENTED_EDGE('',*,*,#13167,.T.);
#15302 = ORIENTED_EDGE('',*,*,#14529,.T.);
#15303 = ORIENTED_EDGE('',*,*,#13003,.F.);
#15304 = ORIENTED_EDGE('',*,*,#15305,.F.);
#15305 = EDGE_CURVE('',#14879,#12996,#15306,.T.);
#15306 = LINE('',#15307,#15308);
#15307 = CARTESIAN_POINT('',(4.7,-5.425,0.5495));
#15308 = VECTOR('',#15309,1.);
#15309 = DIRECTION('',(-1.,-1.249318835986E-16,-3.08148791102E-33));
#15310 = ORIENTED_EDGE('',*,*,#14878,.F.);
#15311 = ORIENTED_EDGE('',*,*,#15312,.T.);
#15312 = EDGE_CURVE('',#14871,#15313,#15315,.T.);
#15313 = VERTEX_POINT('',#15314);
#15314 = CARTESIAN_POINT('',(4.7,-5.425,0.749287543885));
#15315 = LINE('',#15316,#15317);
#15316 = CARTESIAN_POINT('',(-5.E+05,-5.425000001083,0.749287543885));
#15317 = VECTOR('',#15318,1.);
#15318 = DIRECTION('',(1.,2.165783031807E-15,2.530054162411E-31));
#15319 = ORIENTED_EDGE('',*,*,#15320,.T.);
#15320 = EDGE_CURVE('',#15313,#14039,#15321,.T.);
#15321 = LINE('',#15322,#15323);
#15322 = CARTESIAN_POINT('',(4.7,-5.425,0.5495));
#15323 = VECTOR('',#15324,1.);
#15324 = DIRECTION('',(1.529923784499E-32,-1.224606353822E-16,1.));
#15325 = ORIENTED_EDGE('',*,*,#14062,.T.);
#15326 = ORIENTED_EDGE('',*,*,#15327,.F.);
#15327 = EDGE_CURVE('',#15328,#14055,#15330,.T.);
#15328 = VERTEX_POINT('',#15329);
#15329 = CARTESIAN_POINT('',(4.5,-5.425,2.8245));
#15330 = LINE('',#15331,#15332);
#15331 = CARTESIAN_POINT('',(4.5,-5.425,19.459273268156));
#15332 = VECTOR('',#15333,1.);
#15333 = DIRECTION('',(-0.,0.,-1.));
#15334 = ORIENTED_EDGE('',*,*,#15335,.T.);
#15335 = EDGE_CURVE('',#15328,#1161,#15336,.T.);
#15336 = LINE('',#15337,#15338);
#15337 = CARTESIAN_POINT('',(3.4,-5.425,2.8245));
#15338 = VECTOR('',#15339,1.);
#15339 = DIRECTION('',(-1.,-3.037693553488E-16,0.));
#15340 = ORIENTED_EDGE('',*,*,#1186,.T.);
#15341 = ORIENTED_EDGE('',*,*,#9053,.F.);
#15342 = ORIENTED_EDGE('',*,*,#15248,.F.);
#15343 = ORIENTED_EDGE('',*,*,#15215,.F.);
#15344 = ORIENTED_EDGE('',*,*,#15231,.T.);
#15345 = ORIENTED_EDGE('',*,*,#9080,.F.);
#15346 = PLANE('',#15347);
#15347 = AXIS2_PLACEMENT_3D('',#15348,#15349,#15350);
#15348 = CARTESIAN_POINT('',(-2.,-5.425,19.459273268156));
#15349 = DIRECTION('',(-1.249318835986E-16,1.,0.));
#15350 = DIRECTION('',(0.,0.,1.));
#15351 = ADVANCED_FACE('',(#15352),#15378,.T.);
#15352 = FACE_BOUND('',#15353,.T.);
#15353 = EDGE_LOOP('',(#15354,#15362,#15363,#15371));
#15354 = ORIENTED_EDGE('',*,*,#15355,.T.);
#15355 = EDGE_CURVE('',#15356,#13201,#15358,.T.);
#15356 = VERTEX_POINT('',#15357);
#15357 = CARTESIAN_POINT('',(-6.,-4.85,2.8245));
#15358 = LINE('',#15359,#15360);
#15359 = CARTESIAN_POINT('',(-6.,-4.85,19.459273268156));
#15360 = VECTOR('',#15361,1.);
#15361 = DIRECTION('',(-0.,0.,-1.));
#15362 = ORIENTED_EDGE('',*,*,#13200,.F.);
#15363 = ORIENTED_EDGE('',*,*,#15364,.F.);
#15364 = EDGE_CURVE('',#15365,#13193,#15367,.T.);
#15365 = VERTEX_POINT('',#15366);
#15366 = CARTESIAN_POINT('',(-5.,-5.85,2.8245));
#15367 = LINE('',#15368,#15369);
#15368 = CARTESIAN_POINT('',(-5.,-5.85,19.459273268156));
#15369 = VECTOR('',#15370,1.);
#15370 = DIRECTION('',(-0.,0.,-1.));
#15371 = ORIENTED_EDGE('',*,*,#15372,.T.);
#15372 = EDGE_CURVE('',#15365,#15356,#15373,.T.);
#15373 = CIRCLE('',#15374,1.);
#15374 = AXIS2_PLACEMENT_3D('',#15375,#15376,#15377);
#15375 = CARTESIAN_POINT('',(-5.,-4.85,2.8245));
#15376 = DIRECTION('',(0.,0.,-1.));
#15377 = DIRECTION('',(1.,3.037693553488E-16,0.));
#15378 = CYLINDRICAL_SURFACE('',#15379,1.);
#15379 = AXIS2_PLACEMENT_3D('',#15380,#15381,#15382);
#15380 = CARTESIAN_POINT('',(-5.,-4.85,19.459273268156));
#15381 = DIRECTION('',(-0.,0.,-1.));
#15382 = DIRECTION('',(-3.037693553488E-16,1.,0.));
#15383 = ADVANCED_FACE('',(#15384),#15404,.F.);
#15384 = FACE_BOUND('',#15385,.T.);
#15385 = EDGE_LOOP('',(#15386,#15387,#15388,#15389,#15390,#15398));
#15386 = ORIENTED_EDGE('',*,*,#15364,.T.);
#15387 = ORIENTED_EDGE('',*,*,#13190,.F.);
#15388 = ORIENTED_EDGE('',*,*,#14995,.T.);
#15389 = ORIENTED_EDGE('',*,*,#14514,.T.);
#15390 = ORIENTED_EDGE('',*,*,#15391,.F.);
#15391 = EDGE_CURVE('',#15392,#14507,#15394,.T.);
#15392 = VERTEX_POINT('',#15393);
#15393 = CARTESIAN_POINT('',(-4.5,-5.85,2.8245));
#15394 = LINE('',#15395,#15396);
#15395 = CARTESIAN_POINT('',(-4.5,-5.85,19.459273268156));
#15396 = VECTOR('',#15397,1.);
#15397 = DIRECTION('',(-0.,0.,-1.));
#15398 = ORIENTED_EDGE('',*,*,#15399,.T.);
#15399 = EDGE_CURVE('',#15392,#15365,#15400,.T.);
#15400 = LINE('',#15401,#15402);
#15401 = CARTESIAN_POINT('',(-5.,-5.85,2.8245));
#15402 = VECTOR('',#15403,1.);
#15403 = DIRECTION('',(-1.,-3.037693553488E-16,0.));
#15404 = PLANE('',#15405);
#15405 = AXIS2_PLACEMENT_3D('',#15406,#15407,#15408);
#15406 = CARTESIAN_POINT('',(-5.,-5.85,19.459273268156));
#15407 = DIRECTION('',(-1.249318835986E-16,1.,0.));
#15408 = DIRECTION('',(0.,0.,1.));
#15409 = ADVANCED_FACE('',(#15410),#15421,.F.);
#15410 = FACE_BOUND('',#15411,.T.);
#15411 = EDGE_LOOP('',(#15412,#15413,#15414,#15415));
#15412 = ORIENTED_EDGE('',*,*,#15391,.T.);
#15413 = ORIENTED_EDGE('',*,*,#14506,.T.);
#15414 = ORIENTED_EDGE('',*,*,#15272,.F.);
#15415 = ORIENTED_EDGE('',*,*,#15416,.T.);
#15416 = EDGE_CURVE('',#15265,#15392,#15417,.T.);
#15417 = LINE('',#15418,#15419);
#15418 = CARTESIAN_POINT('',(-4.5,-5.85,2.8245));
#15419 = VECTOR('',#15420,1.);
#15420 = DIRECTION('',(3.037693553488E-16,-1.,0.));
#15421 = PLANE('',#15422);
#15422 = AXIS2_PLACEMENT_3D('',#15423,#15424,#15425);
#15423 = CARTESIAN_POINT('',(-4.5,-5.85,19.459273268156));
#15424 = DIRECTION('',(-1.,-1.249318835986E-16,0.));
#15425 = DIRECTION('',(0.,-0.,-1.));
#15426 = ADVANCED_FACE('',(#15427,#15469,#15481,#15493),#15527,.F.);
#15427 = FACE_BOUND('',#15428,.T.);
#15428 = EDGE_LOOP('',(#15429,#15430,#15431,#15432,#15433,#15434,#15440,
    #15441,#15442,#15443,#15449,#15450,#15451,#15452,#15458,#15459,
    #15460,#15461,#15462,#15463));
#15429 = ORIENTED_EDGE('',*,*,#13624,.T.);
#15430 = ORIENTED_EDGE('',*,*,#13599,.F.);
#15431 = ORIENTED_EDGE('',*,*,#13570,.T.);
#15432 = ORIENTED_EDGE('',*,*,#13547,.F.);
#15433 = ORIENTED_EDGE('',*,*,#13500,.T.);
#15434 = ORIENTED_EDGE('',*,*,#15435,.F.);
#15435 = EDGE_CURVE('',#13467,#13491,#15436,.T.);
#15436 = LINE('',#15437,#15438);
#15437 = CARTESIAN_POINT('',(-6.,4.85,0.5495));
#15438 = VECTOR('',#15439,1.);
#15439 = DIRECTION('',(5.390558815155E-17,1.,1.224606353822E-16));
#15440 = ORIENTED_EDGE('',*,*,#13476,.F.);
#15441 = ORIENTED_EDGE('',*,*,#13442,.F.);
#15442 = ORIENTED_EDGE('',*,*,#13419,.T.);
#15443 = ORIENTED_EDGE('',*,*,#15444,.F.);
#15444 = EDGE_CURVE('',#13388,#13412,#15445,.T.);
#15445 = LINE('',#15446,#15447);
#15446 = CARTESIAN_POINT('',(-6.,4.85,0.5495));
#15447 = VECTOR('',#15448,1.);
#15448 = DIRECTION('',(5.390558815155E-17,1.,1.224606353822E-16));
#15449 = ORIENTED_EDGE('',*,*,#13397,.F.);
#15450 = ORIENTED_EDGE('',*,*,#13373,.F.);
#15451 = ORIENTED_EDGE('',*,*,#13340,.T.);
#15452 = ORIENTED_EDGE('',*,*,#15453,.F.);
#15453 = EDGE_CURVE('',#13304,#13333,#15454,.T.);
#15454 = LINE('',#15455,#15456);
#15455 = CARTESIAN_POINT('',(-6.,4.85,0.5495));
#15456 = VECTOR('',#15457,1.);
#15457 = DIRECTION('',(5.390558815155E-17,1.,1.224606353822E-16));
#15458 = ORIENTED_EDGE('',*,*,#13318,.F.);
#15459 = ORIENTED_EDGE('',*,*,#13270,.F.);
#15460 = ORIENTED_EDGE('',*,*,#13239,.F.);
#15461 = ORIENTED_EDGE('',*,*,#13209,.F.);
#15462 = ORIENTED_EDGE('',*,*,#15355,.F.);
#15463 = ORIENTED_EDGE('',*,*,#15464,.T.);
#15464 = EDGE_CURVE('',#15356,#13625,#15465,.T.);
#15465 = LINE('',#15466,#15467);
#15466 = CARTESIAN_POINT('',(-6.,4.85,2.8245));
#15467 = VECTOR('',#15468,1.);
#15468 = DIRECTION('',(-3.037693553488E-16,1.,0.));
#15469 = FACE_BOUND('',#15470,.T.);
#15470 = EDGE_LOOP('',(#15471,#15472,#15473,#15474,#15475,#15476,#15477,
    #15478,#15479,#15480));
#15471 = ORIENTED_EDGE('',*,*,#14286,.F.);
#15472 = ORIENTED_EDGE('',*,*,#14258,.T.);
#15473 = ORIENTED_EDGE('',*,*,#208,.F.);
#15474 = ORIENTED_EDGE('',*,*,#14243,.F.);
#15475 = ORIENTED_EDGE('',*,*,#14216,.T.);
#15476 = ORIENTED_EDGE('',*,*,#14193,.F.);
#15477 = ORIENTED_EDGE('',*,*,#14169,.F.);
#15478 = ORIENTED_EDGE('',*,*,#241,.T.);
#15479 = ORIENTED_EDGE('',*,*,#14150,.T.);
#15480 = ORIENTED_EDGE('',*,*,#14124,.F.);
#15481 = FACE_BOUND('',#15482,.T.);
#15482 = EDGE_LOOP('',(#15483,#15484,#15485,#15486,#15487,#15488,#15489,
    #15490,#15491,#15492));
#15483 = ORIENTED_EDGE('',*,*,#14472,.F.);
#15484 = ORIENTED_EDGE('',*,*,#14448,.F.);
#15485 = ORIENTED_EDGE('',*,*,#14423,.T.);
#15486 = ORIENTED_EDGE('',*,*,#124,.T.);
#15487 = ORIENTED_EDGE('',*,*,#14408,.T.);
#15488 = ORIENTED_EDGE('',*,*,#14378,.T.);
#15489 = ORIENTED_EDGE('',*,*,#14355,.F.);
#15490 = ORIENTED_EDGE('',*,*,#14328,.F.);
#15491 = ORIENTED_EDGE('',*,*,#157,.F.);
#15492 = ORIENTED_EDGE('',*,*,#14302,.F.);
#15493 = FACE_BOUND('',#15494,.T.);
#15494 = EDGE_LOOP('',(#15495,#15505,#15513,#15521));
#15495 = ORIENTED_EDGE('',*,*,#15496,.F.);
#15496 = EDGE_CURVE('',#15497,#15499,#15501,.T.);
#15497 = VERTEX_POINT('',#15498);
#15498 = CARTESIAN_POINT('',(-6.,1.25,1.0495));
#15499 = VERTEX_POINT('',#15500);
#15500 = CARTESIAN_POINT('',(-6.,-1.25,1.0495));
#15501 = LINE('',#15502,#15503);
#15502 = CARTESIAN_POINT('',(-6.,4.85,1.0495));
#15503 = VECTOR('',#15504,1.);
#15504 = DIRECTION('',(3.037693553488E-16,-1.,-2.949549869274E-32));
#15505 = ORIENTED_EDGE('',*,*,#15506,.T.);
#15506 = EDGE_CURVE('',#15497,#15507,#15509,.T.);
#15507 = VERTEX_POINT('',#15508);
#15508 = CARTESIAN_POINT('',(-6.,1.25,2.2995));
#15509 = LINE('',#15510,#15511);
#15510 = CARTESIAN_POINT('',(-6.,1.25,1.0495));
#15511 = VECTOR('',#15512,1.);
#15512 = DIRECTION('',(-2.486067977623E-16,-1.050146253843E-31,1.));
#15513 = ORIENTED_EDGE('',*,*,#15514,.F.);
#15514 = EDGE_CURVE('',#15515,#15507,#15517,.T.);
#15515 = VERTEX_POINT('',#15516);
#15516 = CARTESIAN_POINT('',(-6.,-1.25,2.2995));
#15517 = LINE('',#15518,#15519);
#15518 = CARTESIAN_POINT('',(-6.,-1.25,2.2995));
#15519 = VECTOR('',#15520,1.);
#15520 = DIRECTION('',(-1.249318835986E-16,1.,-2.465190328816E-32));
#15521 = ORIENTED_EDGE('',*,*,#15522,.F.);
#15522 = EDGE_CURVE('',#15499,#15515,#15523,.T.);
#15523 = LINE('',#15524,#15525);
#15524 = CARTESIAN_POINT('',(-6.,-1.25,1.0495));
#15525 = VECTOR('',#15526,1.);
#15526 = DIRECTION('',(-2.486067977623E-16,-1.050146253843E-31,1.));
#15527 = PLANE('',#15528);
#15528 = AXIS2_PLACEMENT_3D('',#15529,#15530,#15531);
#15529 = CARTESIAN_POINT('',(-6.,4.85,19.459273268156));
#15530 = DIRECTION('',(1.,3.037693553488E-16,0.));
#15531 = DIRECTION('',(-3.037693553488E-16,1.,0.));
#15532 = ADVANCED_FACE('',(#15533),#15551,.F.);
#15533 = FACE_BOUND('',#15534,.T.);
#15534 = EDGE_LOOP('',(#15535,#15543,#15544,#15545));
#15535 = ORIENTED_EDGE('',*,*,#15536,.T.);
#15536 = EDGE_CURVE('',#15537,#14095,#15539,.T.);
#15537 = VERTEX_POINT('',#15538);
#15538 = CARTESIAN_POINT('',(4.5,5.85,2.8245));
#15539 = LINE('',#15540,#15541);
#15540 = CARTESIAN_POINT('',(4.5,5.85,19.459273268156));
#15541 = VECTOR('',#15542,1.);
#15542 = DIRECTION('',(-0.,0.,-1.));
#15543 = ORIENTED_EDGE('',*,*,#14094,.T.);
#15544 = ORIENTED_EDGE('',*,*,#15125,.F.);
#15545 = ORIENTED_EDGE('',*,*,#15546,.T.);
#15546 = EDGE_CURVE('',#15118,#15537,#15547,.T.);
#15547 = LINE('',#15548,#15549);
#15548 = CARTESIAN_POINT('',(4.5,5.85,2.8245));
#15549 = VECTOR('',#15550,1.);
#15550 = DIRECTION('',(-3.037693553488E-16,1.,0.));
#15551 = PLANE('',#15552);
#15552 = AXIS2_PLACEMENT_3D('',#15553,#15554,#15555);
#15553 = CARTESIAN_POINT('',(4.5,5.85,19.459273268156));
#15554 = DIRECTION('',(1.,1.249318835986E-16,0.));
#15555 = DIRECTION('',(0.,0.,1.));
#15556 = ADVANCED_FACE('',(#15557),#15575,.F.);
#15557 = FACE_BOUND('',#15558,.T.);
#15558 = EDGE_LOOP('',(#15559,#15560,#15561,#15569));
#15559 = ORIENTED_EDGE('',*,*,#15327,.T.);
#15560 = ORIENTED_EDGE('',*,*,#14054,.T.);
#15561 = ORIENTED_EDGE('',*,*,#15562,.F.);
#15562 = EDGE_CURVE('',#15563,#14047,#15565,.T.);
#15563 = VERTEX_POINT('',#15564);
#15564 = CARTESIAN_POINT('',(4.5,-5.85,2.8245));
#15565 = LINE('',#15566,#15567);
#15566 = CARTESIAN_POINT('',(4.5,-5.85,19.459273268156));
#15567 = VECTOR('',#15568,1.);
#15568 = DIRECTION('',(-0.,0.,-1.));
#15569 = ORIENTED_EDGE('',*,*,#15570,.T.);
#15570 = EDGE_CURVE('',#15563,#15328,#15571,.T.);
#15571 = LINE('',#15572,#15573);
#15572 = CARTESIAN_POINT('',(4.5,-5.425,2.8245));
#15573 = VECTOR('',#15574,1.);
#15574 = DIRECTION('',(-8.467173948181E-15,1.,0.));
#15575 = PLANE('',#15576);
#15576 = AXIS2_PLACEMENT_3D('',#15577,#15578,#15579);
#15577 = CARTESIAN_POINT('',(4.5,-5.425,19.459273268156));
#15578 = DIRECTION('',(1.,1.249318835986E-16,0.));
#15579 = DIRECTION('',(0.,0.,1.));
#15580 = ADVANCED_FACE('',(#15581),#15606,.F.);
#15581 = FACE_BOUND('',#15582,.T.);
#15582 = EDGE_LOOP('',(#15583,#15584,#15585,#15591,#15592,#15600));
#15583 = ORIENTED_EDGE('',*,*,#15562,.T.);
#15584 = ORIENTED_EDGE('',*,*,#14046,.T.);
#15585 = ORIENTED_EDGE('',*,*,#15586,.F.);
#15586 = EDGE_CURVE('',#13018,#14037,#15587,.T.);
#15587 = LINE('',#15588,#15589);
#15588 = CARTESIAN_POINT('',(4.7,-5.85,0.5495));
#15589 = VECTOR('',#15590,1.);
#15590 = DIRECTION('',(1.529923784499E-32,-1.224606353822E-16,1.));
#15591 = ORIENTED_EDGE('',*,*,#13052,.F.);
#15592 = ORIENTED_EDGE('',*,*,#15593,.F.);
#15593 = EDGE_CURVE('',#15594,#13044,#15596,.T.);
#15594 = VERTEX_POINT('',#15595);
#15595 = CARTESIAN_POINT('',(5.,-5.85,2.8245));
#15596 = LINE('',#15597,#15598);
#15597 = CARTESIAN_POINT('',(5.,-5.85,19.459273268156));
#15598 = VECTOR('',#15599,1.);
#15599 = DIRECTION('',(-0.,0.,-1.));
#15600 = ORIENTED_EDGE('',*,*,#15601,.T.);
#15601 = EDGE_CURVE('',#15594,#15563,#15602,.T.);
#15602 = LINE('',#15603,#15604);
#15603 = CARTESIAN_POINT('',(4.5,-5.85,2.8245));
#15604 = VECTOR('',#15605,1.);
#15605 = DIRECTION('',(-1.,-3.037693553488E-16,0.));
#15606 = PLANE('',#15607);
#15607 = AXIS2_PLACEMENT_3D('',#15608,#15609,#15610);
#15608 = CARTESIAN_POINT('',(4.5,-5.85,19.459273268156));
#15609 = DIRECTION('',(-1.249318835986E-16,1.,0.));
#15610 = DIRECTION('',(0.,0.,1.));
#15611 = ADVANCED_FACE('',(#15612),#15631,.T.);
#15612 = FACE_BOUND('',#15613,.T.);
#15613 = EDGE_LOOP('',(#15614,#15615,#15616,#15624));
#15614 = ORIENTED_EDGE('',*,*,#15593,.T.);
#15615 = ORIENTED_EDGE('',*,*,#13043,.F.);
#15616 = ORIENTED_EDGE('',*,*,#15617,.F.);
#15617 = EDGE_CURVE('',#15618,#13036,#15620,.T.);
#15618 = VERTEX_POINT('',#15619);
#15619 = CARTESIAN_POINT('',(6.,-4.85,2.8245));
#15620 = LINE('',#15621,#15622);
#15621 = CARTESIAN_POINT('',(6.,-4.85,19.459273268156));
#15622 = VECTOR('',#15623,1.);
#15623 = DIRECTION('',(-0.,0.,-1.));
#15624 = ORIENTED_EDGE('',*,*,#15625,.T.);
#15625 = EDGE_CURVE('',#15618,#15594,#15626,.T.);
#15626 = CIRCLE('',#15627,1.);
#15627 = AXIS2_PLACEMENT_3D('',#15628,#15629,#15630);
#15628 = CARTESIAN_POINT('',(5.,-4.85,2.8245));
#15629 = DIRECTION('',(0.,0.,-1.));
#15630 = DIRECTION('',(1.,3.037693553488E-16,0.));
#15631 = CYLINDRICAL_SURFACE('',#15632,1.);
#15632 = AXIS2_PLACEMENT_3D('',#15633,#15634,#15635);
#15633 = CARTESIAN_POINT('',(5.,-4.85,19.459273268156));
#15634 = DIRECTION('',(-0.,0.,-1.));
#15635 = DIRECTION('',(-3.037693553488E-16,1.,0.));
#15636 = ADVANCED_FACE('',(#15637),#15663,.T.);
#15637 = FACE_BOUND('',#15638,.T.);
#15638 = EDGE_LOOP('',(#15639,#15647,#15648,#15656));
#15639 = ORIENTED_EDGE('',*,*,#15640,.T.);
#15640 = EDGE_CURVE('',#15641,#12855,#15643,.T.);
#15641 = VERTEX_POINT('',#15642);
#15642 = CARTESIAN_POINT('',(6.,4.85,2.8245));
#15643 = LINE('',#15644,#15645);
#15644 = CARTESIAN_POINT('',(6.,4.85,19.459273268156));
#15645 = VECTOR('',#15646,1.);
#15646 = DIRECTION('',(-0.,0.,-1.));
#15647 = ORIENTED_EDGE('',*,*,#12854,.F.);
#15648 = ORIENTED_EDGE('',*,*,#15649,.F.);
#15649 = EDGE_CURVE('',#15650,#12847,#15652,.T.);
#15650 = VERTEX_POINT('',#15651);
#15651 = CARTESIAN_POINT('',(5.,5.85,2.8245));
#15652 = LINE('',#15653,#15654);
#15653 = CARTESIAN_POINT('',(5.,5.85,19.459273268156));
#15654 = VECTOR('',#15655,1.);
#15655 = DIRECTION('',(-0.,0.,-1.));
#15656 = ORIENTED_EDGE('',*,*,#15657,.T.);
#15657 = EDGE_CURVE('',#15650,#15641,#15658,.T.);
#15658 = CIRCLE('',#15659,1.);
#15659 = AXIS2_PLACEMENT_3D('',#15660,#15661,#15662);
#15660 = CARTESIAN_POINT('',(5.,4.85,2.8245));
#15661 = DIRECTION('',(0.,0.,-1.));
#15662 = DIRECTION('',(1.,3.037693553488E-16,0.));
#15663 = CYLINDRICAL_SURFACE('',#15664,1.);
#15664 = AXIS2_PLACEMENT_3D('',#15665,#15666,#15667);
#15665 = CARTESIAN_POINT('',(5.,4.85,19.459273268156));
#15666 = DIRECTION('',(-0.,0.,-1.));
#15667 = DIRECTION('',(-3.037693553488E-16,1.,0.));
#15668 = ADVANCED_FACE('',(#15669),#15682,.F.);
#15669 = FACE_BOUND('',#15670,.T.);
#15670 = EDGE_LOOP('',(#15671,#15672,#15673,#15674,#15675,#15676));
#15671 = ORIENTED_EDGE('',*,*,#15649,.T.);
#15672 = ORIENTED_EDGE('',*,*,#12846,.F.);
#15673 = ORIENTED_EDGE('',*,*,#14656,.T.);
#15674 = ORIENTED_EDGE('',*,*,#14102,.T.);
#15675 = ORIENTED_EDGE('',*,*,#15536,.F.);
#15676 = ORIENTED_EDGE('',*,*,#15677,.T.);
#15677 = EDGE_CURVE('',#15537,#15650,#15678,.T.);
#15678 = LINE('',#15679,#15680);
#15679 = CARTESIAN_POINT('',(5.,5.85,2.8245));
#15680 = VECTOR('',#15681,1.);
#15681 = DIRECTION('',(1.,3.037693553488E-16,0.));
#15682 = PLANE('',#15683);
#15683 = AXIS2_PLACEMENT_3D('',#15684,#15685,#15686);
#15684 = CARTESIAN_POINT('',(5.,5.85,19.459273268156));
#15685 = DIRECTION('',(1.249318835986E-16,-1.,0.));
#15686 = DIRECTION('',(0.,-0.,-1.));
#15687 = ADVANCED_FACE('',(#15688,#15730,#15740),#15750,.F.);
#15688 = FACE_BOUND('',#15689,.T.);
#15689 = EDGE_LOOP('',(#15690,#15691,#15692,#15693,#15694,#15695,#15701,
    #15702,#15703,#15704,#15710,#15711,#15712,#15713,#15719,#15720,
    #15721,#15722,#15723,#15724));
#15690 = ORIENTED_EDGE('',*,*,#15617,.T.);
#15691 = ORIENTED_EDGE('',*,*,#13035,.F.);
#15692 = ORIENTED_EDGE('',*,*,#13082,.T.);
#15693 = ORIENTED_EDGE('',*,*,#13113,.F.);
#15694 = ORIENTED_EDGE('',*,*,#13138,.T.);
#15695 = ORIENTED_EDGE('',*,*,#15696,.F.);
#15696 = EDGE_CURVE('',#11904,#13129,#15697,.T.);
#15697 = LINE('',#15698,#15699);
#15698 = CARTESIAN_POINT('',(6.,4.85,0.5495));
#15699 = VECTOR('',#15700,1.);
#15700 = DIRECTION('',(-5.390558815155E-17,-1.,-1.224606353822E-16));
#15701 = ORIENTED_EDGE('',*,*,#11913,.F.);
#15702 = ORIENTED_EDGE('',*,*,#11879,.F.);
#15703 = ORIENTED_EDGE('',*,*,#11856,.T.);
#15704 = ORIENTED_EDGE('',*,*,#15705,.F.);
#15705 = EDGE_CURVE('',#11825,#11849,#15706,.T.);
#15706 = LINE('',#15707,#15708);
#15707 = CARTESIAN_POINT('',(6.,4.85,0.5495));
#15708 = VECTOR('',#15709,1.);
#15709 = DIRECTION('',(-5.390558815155E-17,-1.,-1.224606353822E-16));
#15710 = ORIENTED_EDGE('',*,*,#11834,.F.);
#15711 = ORIENTED_EDGE('',*,*,#11801,.F.);
#15712 = ORIENTED_EDGE('',*,*,#11777,.T.);
#15713 = ORIENTED_EDGE('',*,*,#15714,.F.);
#15714 = EDGE_CURVE('',#12738,#11770,#15715,.T.);
#15715 = LINE('',#15716,#15717);
#15716 = CARTESIAN_POINT('',(6.,4.85,0.5495));
#15717 = VECTOR('',#15718,1.);
#15718 = DIRECTION('',(-5.390558815155E-17,-1.,-1.224606353822E-16));
#15719 = ORIENTED_EDGE('',*,*,#12761,.F.);
#15720 = ORIENTED_EDGE('',*,*,#12775,.F.);
#15721 = ORIENTED_EDGE('',*,*,#12806,.F.);
#15722 = ORIENTED_EDGE('',*,*,#12863,.F.);
#15723 = ORIENTED_EDGE('',*,*,#15640,.F.);
#15724 = ORIENTED_EDGE('',*,*,#15725,.T.);
#15725 = EDGE_CURVE('',#15641,#15618,#15726,.T.);
#15726 = LINE('',#15727,#15728);
#15727 = CARTESIAN_POINT('',(6.,-4.85,2.8245));
#15728 = VECTOR('',#15729,1.);
#15729 = DIRECTION('',(3.037693553488E-16,-1.,0.));
#15730 = FACE_BOUND('',#15731,.T.);
#15731 = EDGE_LOOP('',(#15732,#15733,#15734,#15735,#15736,#15737,#15738,
    #15739));
#15732 = ORIENTED_EDGE('',*,*,#13825,.T.);
#15733 = ORIENTED_EDGE('',*,*,#13800,.T.);
#15734 = ORIENTED_EDGE('',*,*,#13776,.T.);
#15735 = ORIENTED_EDGE('',*,*,#13752,.T.);
#15736 = ORIENTED_EDGE('',*,*,#13729,.F.);
#15737 = ORIENTED_EDGE('',*,*,#13712,.F.);
#15738 = ORIENTED_EDGE('',*,*,#13680,.F.);
#15739 = ORIENTED_EDGE('',*,*,#13656,.F.);
#15740 = FACE_BOUND('',#15741,.T.);
#15741 = EDGE_LOOP('',(#15742,#15743,#15744,#15745,#15746,#15747,#15748,
    #15749));
#15742 = ORIENTED_EDGE('',*,*,#14019,.F.);
#15743 = ORIENTED_EDGE('',*,*,#13994,.T.);
#15744 = ORIENTED_EDGE('',*,*,#13971,.F.);
#15745 = ORIENTED_EDGE('',*,*,#13947,.F.);
#15746 = ORIENTED_EDGE('',*,*,#13931,.T.);
#15747 = ORIENTED_EDGE('',*,*,#13898,.F.);
#15748 = ORIENTED_EDGE('',*,*,#13873,.T.);
#15749 = ORIENTED_EDGE('',*,*,#13842,.T.);
#15750 = PLANE('',#15751);
#15751 = AXIS2_PLACEMENT_3D('',#15752,#15753,#15754);
#15752 = CARTESIAN_POINT('',(6.,-4.85,19.459273268156));
#15753 = DIRECTION('',(-1.,-3.037693553488E-16,0.));
#15754 = DIRECTION('',(3.037693553488E-16,-1.,0.));
#15755 = ADVANCED_FACE('',(#15756),#15780,.F.);
#15756 = FACE_BOUND('',#15757,.T.);
#15757 = EDGE_LOOP('',(#15758,#15766,#15772,#15773,#15779));
#15758 = ORIENTED_EDGE('',*,*,#15759,.T.);
#15759 = EDGE_CURVE('',#15281,#15760,#15762,.T.);
#15760 = VERTEX_POINT('',#15761);
#15761 = CARTESIAN_POINT('',(-2.8,-5.275,0.599287543885));
#15762 = LINE('',#15763,#15764);
#15763 = CARTESIAN_POINT('',(-2.799999999979,-5.275000000388,
    0.599287544273));
#15764 = VECTOR('',#15765,1.);
#15765 = DIRECTION('',(2.571907287229E-16,0.707106781187,-0.707106781187
    ));
#15766 = ORIENTED_EDGE('',*,*,#15767,.T.);
#15767 = EDGE_CURVE('',#15760,#14902,#15768,.T.);
#15768 = LINE('',#15769,#15770);
#15769 = CARTESIAN_POINT('',(-2.800000000036,-3.150000000774,
    0.699499999963));
#15770 = VECTOR('',#15771,1.);
#15771 = DIRECTION('',(3.633188390928E-16,0.998889874962,
    4.710645070964E-02));
#15772 = ORIENTED_EDGE('',*,*,#14927,.T.);
#15773 = ORIENTED_EDGE('',*,*,#15774,.T.);
#15774 = EDGE_CURVE('',#14920,#15289,#15775,.T.);
#15775 = LINE('',#15776,#15777);
#15776 = CARTESIAN_POINT('',(-2.8,-5.425,0.5495));
#15777 = VECTOR('',#15778,1.);
#15778 = DIRECTION('',(-3.637226166765E-16,-1.,-1.224606353822E-16));
#15779 = ORIENTED_EDGE('',*,*,#15288,.F.);
#15780 = PLANE('',#15781);
#15781 = AXIS2_PLACEMENT_3D('',#15782,#15783,#15784);
#15782 = CARTESIAN_POINT('',(-2.8,-5.425,0.7495));
#15783 = DIRECTION('',(1.,-3.637226166765E-16,-5.675945267507E-32));
#15784 = DIRECTION('',(-3.637226166765E-16,-1.,-1.224606353822E-16));
#15785 = ADVANCED_FACE('',(#15786),#15808,.F.);
#15786 = FACE_BOUND('',#15787,.T.);
#15787 = EDGE_LOOP('',(#15788,#15789,#15795,#15796,#15797,#15798,#15804,
    #15805,#15806,#15807));
#15788 = ORIENTED_EDGE('',*,*,#2318,.F.);
#15789 = ORIENTED_EDGE('',*,*,#15790,.F.);
#15790 = EDGE_CURVE('',#15760,#2311,#15791,.T.);
#15791 = LINE('',#15792,#15793);
#15792 = CARTESIAN_POINT('',(5.E+05,-5.275000000958,0.599287543885));
#15793 = VECTOR('',#15794,1.);
#15794 = DIRECTION('',(-1.,1.915919264609E-15,2.468424404191E-31));
#15795 = ORIENTED_EDGE('',*,*,#15759,.F.);
#15796 = ORIENTED_EDGE('',*,*,#15280,.T.);
#15797 = ORIENTED_EDGE('',*,*,#14980,.T.);
#15798 = ORIENTED_EDGE('',*,*,#15799,.F.);
#15799 = EDGE_CURVE('',#2340,#14973,#15800,.T.);
#15800 = LINE('',#15801,#15802);
#15801 = CARTESIAN_POINT('',(5.E+05,-5.275000000958,0.599287543885));
#15802 = VECTOR('',#15803,1.);
#15803 = DIRECTION('',(-1.,1.915919264609E-15,2.468424404191E-31));
#15804 = ORIENTED_EDGE('',*,*,#2339,.F.);
#15805 = ORIENTED_EDGE('',*,*,#2218,.T.);
#15806 = ORIENTED_EDGE('',*,*,#2295,.T.);
#15807 = ORIENTED_EDGE('',*,*,#2169,.T.);
#15808 = PLANE('',#15809);
#15809 = AXIS2_PLACEMENT_3D('',#15810,#15811,#15812);
#15810 = CARTESIAN_POINT('',(5.E+05,-5.275000000958,0.599287543885));
#15811 = DIRECTION('',(1.354759504211E-15,0.707106781187,0.707106781187)
  );
#15812 = DIRECTION('',(-8.834018207901E-17,0.707106781187,
    -0.707106781187));
#15813 = ADVANCED_FACE('',(#15814),#15827,.F.);
#15814 = FACE_BOUND('',#15815,.T.);
#15815 = EDGE_LOOP('',(#15816,#15817,#15818,#15819,#15820,#15821,#15822,
    #15823,#15824,#15825,#15826));
#15816 = ORIENTED_EDGE('',*,*,#2310,.F.);
#15817 = ORIENTED_EDGE('',*,*,#2139,.F.);
#15818 = ORIENTED_EDGE('',*,*,#2108,.F.);
#15819 = ORIENTED_EDGE('',*,*,#2077,.F.);
#15820 = ORIENTED_EDGE('',*,*,#2347,.F.);
#15821 = ORIENTED_EDGE('',*,*,#15799,.T.);
#15822 = ORIENTED_EDGE('',*,*,#14972,.T.);
#15823 = ORIENTED_EDGE('',*,*,#14941,.F.);
#15824 = ORIENTED_EDGE('',*,*,#14901,.F.);
#15825 = ORIENTED_EDGE('',*,*,#15767,.F.);
#15826 = ORIENTED_EDGE('',*,*,#15790,.T.);
#15827 = PLANE('',#15828);
#15828 = AXIS2_PLACEMENT_3D('',#15829,#15830,#15831);
#15829 = CARTESIAN_POINT('',(5.E+05,-3.150000000958,0.6995));
#15830 = DIRECTION('',(-9.025215640196E-17,-4.710645070964E-02,
    0.998889874962));
#15831 = DIRECTION('',(-1.247931935866E-16,0.998889874962,
    4.710645070964E-02));
#15832 = ADVANCED_FACE('',(#15833),#15863,.F.);
#15833 = FACE_BOUND('',#15834,.T.);
#15834 = EDGE_LOOP('',(#15835,#15836,#15844,#15850,#15851,#15857,#15858,
    #15859,#15860,#15861,#15862));
#15835 = ORIENTED_EDGE('',*,*,#15320,.F.);
#15836 = ORIENTED_EDGE('',*,*,#15837,.T.);
#15837 = EDGE_CURVE('',#15313,#15838,#15840,.T.);
#15838 = VERTEX_POINT('',#15839);
#15839 = CARTESIAN_POINT('',(4.7,-5.275,0.599287543885));
#15840 = LINE('',#15841,#15842);
#15841 = CARTESIAN_POINT('',(4.7,-5.275,0.599287543885));
#15842 = VECTOR('',#15843,1.);
#15843 = DIRECTION('',(-4.177122626568E-15,0.707106781187,
    -0.707106781187));
#15844 = ORIENTED_EDGE('',*,*,#15845,.T.);
#15845 = EDGE_CURVE('',#15838,#14792,#15846,.T.);
#15846 = LINE('',#15847,#15848);
#15847 = CARTESIAN_POINT('',(4.7,-3.15,0.6995));
#15848 = VECTOR('',#15849,1.);
#15849 = DIRECTION('',(-2.163378741836E-15,0.998889874962,
    4.710645070964E-02));
#15850 = ORIENTED_EDGE('',*,*,#14791,.T.);
#15851 = ORIENTED_EDGE('',*,*,#15852,.T.);
#15852 = EDGE_CURVE('',#14794,#13131,#15853,.T.);
#15853 = LINE('',#15854,#15855);
#15854 = CARTESIAN_POINT('',(4.7,-3.15,0.5495));
#15855 = VECTOR('',#15856,1.);
#15856 = DIRECTION('',(-2.563260232094E-16,-1.,-1.224606353822E-16));
#15857 = ORIENTED_EDGE('',*,*,#13145,.F.);
#15858 = ORIENTED_EDGE('',*,*,#13097,.F.);
#15859 = ORIENTED_EDGE('',*,*,#13066,.F.);
#15860 = ORIENTED_EDGE('',*,*,#13017,.F.);
#15861 = ORIENTED_EDGE('',*,*,#15586,.T.);
#15862 = ORIENTED_EDGE('',*,*,#14036,.T.);
#15863 = PLANE('',#15864);
#15864 = AXIS2_PLACEMENT_3D('',#15865,#15866,#15867);
#15865 = CARTESIAN_POINT('',(4.7,-5.85,0.5495));
#15866 = DIRECTION('',(1.,2.165783031807E-15,2.530054162411E-31));
#15867 = DIRECTION('',(2.165783031807E-15,-1.,-1.224606353822E-16));
#15868 = ADVANCED_FACE('',(#15869),#15891,.T.);
#15869 = FACE_BOUND('',#15870,.T.);
#15870 = EDGE_LOOP('',(#15871,#15872,#15873,#15879,#15880,#15881,#15882,
    #15888,#15889,#15890));
#15871 = ORIENTED_EDGE('',*,*,#6730,.F.);
#15872 = ORIENTED_EDGE('',*,*,#7111,.T.);
#15873 = ORIENTED_EDGE('',*,*,#15874,.T.);
#15874 = EDGE_CURVE('',#7104,#15838,#15875,.T.);
#15875 = LINE('',#15876,#15877);
#15876 = CARTESIAN_POINT('',(-5.E+05,-5.275000001083,0.599287543885));
#15877 = VECTOR('',#15878,1.);
#15878 = DIRECTION('',(1.,2.165783031807E-15,2.530054162411E-31));
#15879 = ORIENTED_EDGE('',*,*,#15837,.F.);
#15880 = ORIENTED_EDGE('',*,*,#15312,.F.);
#15881 = ORIENTED_EDGE('',*,*,#14870,.T.);
#15882 = ORIENTED_EDGE('',*,*,#15883,.T.);
#15883 = EDGE_CURVE('',#14863,#7153,#15884,.T.);
#15884 = LINE('',#15885,#15886);
#15885 = CARTESIAN_POINT('',(-5.E+05,-5.275000001083,0.599287543885));
#15886 = VECTOR('',#15887,1.);
#15887 = DIRECTION('',(1.,2.165783031807E-15,2.530054162411E-31));
#15888 = ORIENTED_EDGE('',*,*,#7163,.T.);
#15889 = ORIENTED_EDGE('',*,*,#6780,.F.);
#15890 = ORIENTED_EDGE('',*,*,#6892,.F.);
#15891 = PLANE('',#15892);
#15892 = AXIS2_PLACEMENT_3D('',#15893,#15894,#15895);
#15893 = CARTESIAN_POINT('',(-5.E+05,-5.275000001083,0.599287543885));
#15894 = DIRECTION('',(1.531439868369E-15,-0.707106781187,
    -0.707106781187));
#15895 = DIRECTION('',(8.834018207901E-17,-0.707106781187,0.707106781187
    ));
#15896 = ADVANCED_FACE('',(#15897),#15910,.T.);
#15897 = FACE_BOUND('',#15898,.T.);
#15898 = EDGE_LOOP('',(#15899,#15900,#15901,#15902,#15903,#15904,#15905,
    #15906,#15907,#15908,#15909));
#15899 = ORIENTED_EDGE('',*,*,#15874,.F.);
#15900 = ORIENTED_EDGE('',*,*,#7103,.T.);
#15901 = ORIENTED_EDGE('',*,*,#7072,.T.);
#15902 = ORIENTED_EDGE('',*,*,#7041,.T.);
#15903 = ORIENTED_EDGE('',*,*,#7001,.T.);
#15904 = ORIENTED_EDGE('',*,*,#7152,.T.);
#15905 = ORIENTED_EDGE('',*,*,#15883,.F.);
#15906 = ORIENTED_EDGE('',*,*,#14862,.T.);
#15907 = ORIENTED_EDGE('',*,*,#14832,.T.);
#15908 = ORIENTED_EDGE('',*,*,#14801,.T.);
#15909 = ORIENTED_EDGE('',*,*,#15845,.F.);
#15910 = PLANE('',#15911);
#15911 = AXIS2_PLACEMENT_3D('',#15912,#15913,#15914);
#15912 = CARTESIAN_POINT('',(-5.E+05,-3.150000001083,0.6995));
#15913 = DIRECTION('',(-1.020223516356E-16,4.710645070964E-02,
    -0.998889874962));
#15914 = DIRECTION('',(1.247931935866E-16,-0.998889874962,
    -4.710645070964E-02));
#15915 = ADVANCED_FACE('',(#15916),#15946,.F.);
#15916 = FACE_BOUND('',#15917,.T.);
#15917 = EDGE_LOOP('',(#15918,#15919,#15920,#15921,#15929,#15935,#15936,
    #15942,#15943,#15944,#15945));
#15918 = ORIENTED_EDGE('',*,*,#12964,.T.);
#15919 = ORIENTED_EDGE('',*,*,#1050,.F.);
#15920 = ORIENTED_EDGE('',*,*,#15087,.F.);
#15921 = ORIENTED_EDGE('',*,*,#15922,.T.);
#15922 = EDGE_CURVE('',#15088,#15923,#15925,.T.);
#15923 = VERTEX_POINT('',#15924);
#15924 = CARTESIAN_POINT('',(-4.7,5.275,0.599287543885));
#15925 = LINE('',#15926,#15927);
#15926 = CARTESIAN_POINT('',(-4.7,5.275,0.599287543885));
#15927 = VECTOR('',#15928,1.);
#15928 = DIRECTION('',(4.177122626568E-15,-0.707106781187,
    -0.707106781187));
#15929 = ORIENTED_EDGE('',*,*,#15930,.T.);
#15930 = EDGE_CURVE('',#15923,#14682,#15931,.T.);
#15931 = LINE('',#15932,#15933);
#15932 = CARTESIAN_POINT('',(-4.7,3.15,0.6995));
#15933 = VECTOR('',#15934,1.);
#15934 = DIRECTION('',(2.163378741836E-15,-0.998889874962,
    4.710645070964E-02));
#15935 = ORIENTED_EDGE('',*,*,#14681,.T.);
#15936 = ORIENTED_EDGE('',*,*,#15937,.T.);
#15937 = EDGE_CURVE('',#14684,#13493,#15938,.T.);
#15938 = LINE('',#15939,#15940);
#15939 = CARTESIAN_POINT('',(-4.7,5.425,0.5495));
#15940 = VECTOR('',#15941,1.);
#15941 = DIRECTION('',(-1.249318835986E-16,1.,1.224606353822E-16));
#15942 = ORIENTED_EDGE('',*,*,#13516,.F.);
#15943 = ORIENTED_EDGE('',*,*,#13540,.F.);
#15944 = ORIENTED_EDGE('',*,*,#13561,.F.);
#15945 = ORIENTED_EDGE('',*,*,#13592,.F.);
#15946 = PLANE('',#15947);
#15947 = AXIS2_PLACEMENT_3D('',#15948,#15949,#15950);
#15948 = CARTESIAN_POINT('',(-4.7,5.85,0.5495));
#15949 = DIRECTION('',(-1.,-2.165783031807E-15,-2.530054162411E-31));
#15950 = DIRECTION('',(-2.165783031807E-15,1.,1.224606353822E-16));
#15951 = ADVANCED_FACE('',(#15952),#15974,.T.);
#15952 = FACE_BOUND('',#15953,.T.);
#15953 = EDGE_LOOP('',(#15954,#15955,#15961,#15962,#15963,#15964,#15970,
    #15971,#15972,#15973));
#15954 = ORIENTED_EDGE('',*,*,#7583,.F.);
#15955 = ORIENTED_EDGE('',*,*,#15956,.T.);
#15956 = EDGE_CURVE('',#7576,#15923,#15957,.T.);
#15957 = LINE('',#15958,#15959);
#15958 = CARTESIAN_POINT('',(5.E+05,5.275000001083,0.599287543885));
#15959 = VECTOR('',#15960,1.);
#15960 = DIRECTION('',(-1.,-2.165783031807E-15,-2.530054162411E-31));
#15961 = ORIENTED_EDGE('',*,*,#15922,.F.);
#15962 = ORIENTED_EDGE('',*,*,#15165,.F.);
#15963 = ORIENTED_EDGE('',*,*,#14760,.T.);
#15964 = ORIENTED_EDGE('',*,*,#15965,.T.);
#15965 = EDGE_CURVE('',#14753,#7624,#15966,.T.);
#15966 = LINE('',#15967,#15968);
#15967 = CARTESIAN_POINT('',(5.E+05,5.275000001083,0.599287543885));
#15968 = VECTOR('',#15969,1.);
#15969 = DIRECTION('',(-1.,-2.165783031807E-15,-2.530054162411E-31));
#15970 = ORIENTED_EDGE('',*,*,#7623,.F.);
#15971 = ORIENTED_EDGE('',*,*,#7202,.F.);
#15972 = ORIENTED_EDGE('',*,*,#7363,.F.);
#15973 = ORIENTED_EDGE('',*,*,#7328,.F.);
#15974 = PLANE('',#15975);
#15975 = AXIS2_PLACEMENT_3D('',#15976,#15977,#15978);
#15976 = CARTESIAN_POINT('',(5.E+05,5.275000001083,0.599287543885));
#15977 = DIRECTION('',(-1.531439868369E-15,0.707106781187,
    -0.707106781187));
#15978 = DIRECTION('',(8.834018207901E-17,-0.707106781187,
    -0.707106781187));
#15979 = ADVANCED_FACE('',(#15980),#15993,.T.);
#15980 = FACE_BOUND('',#15981,.T.);
#15981 = EDGE_LOOP('',(#15982,#15983,#15984,#15985,#15986,#15987,#15988,
    #15989,#15990,#15991,#15992));
#15982 = ORIENTED_EDGE('',*,*,#7575,.F.);
#15983 = ORIENTED_EDGE('',*,*,#7544,.F.);
#15984 = ORIENTED_EDGE('',*,*,#7513,.F.);
#15985 = ORIENTED_EDGE('',*,*,#7482,.F.);
#15986 = ORIENTED_EDGE('',*,*,#7631,.F.);
#15987 = ORIENTED_EDGE('',*,*,#15965,.F.);
#15988 = ORIENTED_EDGE('',*,*,#14752,.T.);
#15989 = ORIENTED_EDGE('',*,*,#14722,.T.);
#15990 = ORIENTED_EDGE('',*,*,#14691,.T.);
#15991 = ORIENTED_EDGE('',*,*,#15930,.F.);
#15992 = ORIENTED_EDGE('',*,*,#15956,.F.);
#15993 = PLANE('',#15994);
#15994 = AXIS2_PLACEMENT_3D('',#15995,#15996,#15997);
#15995 = CARTESIAN_POINT('',(5.E+05,3.150000001083,0.6995));
#15996 = DIRECTION('',(1.020223516356E-16,-4.710645070964E-02,
    -0.998889874962));
#15997 = DIRECTION('',(1.247931935866E-16,-0.998889874962,
    4.710645070964E-02));
#15998 = ADVANCED_FACE('',(#15999),#16023,.F.);
#15999 = FACE_BOUND('',#16000,.T.);
#16000 = EDGE_LOOP('',(#16001,#16009,#16015,#16016,#16022));
#16001 = ORIENTED_EDGE('',*,*,#16002,.T.);
#16002 = EDGE_CURVE('',#15134,#16003,#16005,.T.);
#16003 = VERTEX_POINT('',#16004);
#16004 = CARTESIAN_POINT('',(2.8,5.275,0.599287543885));
#16005 = LINE('',#16006,#16007);
#16006 = CARTESIAN_POINT('',(2.799999999979,5.275000000388,
    0.599287544273));
#16007 = VECTOR('',#16008,1.);
#16008 = DIRECTION('',(-2.571907287229E-16,-0.707106781187,
    -0.707106781187));
#16009 = ORIENTED_EDGE('',*,*,#16010,.T.);
#16010 = EDGE_CURVE('',#16003,#14563,#16011,.T.);
#16011 = LINE('',#16012,#16013);
#16012 = CARTESIAN_POINT('',(2.799999999979,3.150000000774,
    0.699499999963));
#16013 = VECTOR('',#16014,1.);
#16014 = DIRECTION('',(-3.633188390928E-16,-0.998889874962,
    4.710645070964E-02));
#16015 = ORIENTED_EDGE('',*,*,#14588,.T.);
#16016 = ORIENTED_EDGE('',*,*,#16017,.T.);
#16017 = EDGE_CURVE('',#14581,#15142,#16018,.T.);
#16018 = LINE('',#16019,#16020);
#16019 = CARTESIAN_POINT('',(2.8,3.65,0.5495));
#16020 = VECTOR('',#16021,1.);
#16021 = DIRECTION('',(3.637226166765E-16,1.,1.224606353822E-16));
#16022 = ORIENTED_EDGE('',*,*,#15141,.F.);
#16023 = PLANE('',#16024);
#16024 = AXIS2_PLACEMENT_3D('',#16025,#16026,#16027);
#16025 = CARTESIAN_POINT('',(2.8,3.65,0.7495));
#16026 = DIRECTION('',(-1.,3.637226166765E-16,5.675945267507E-32));
#16027 = DIRECTION('',(3.637226166765E-16,1.,1.224606353822E-16));
#16028 = ADVANCED_FACE('',(#16029),#16051,.F.);
#16029 = FACE_BOUND('',#16030,.T.);
#16030 = EDGE_LOOP('',(#16031,#16032,#16033,#16039,#16040,#16041,#16042,
    #16048,#16049,#16050));
#16031 = ORIENTED_EDGE('',*,*,#1918,.T.);
#16032 = ORIENTED_EDGE('',*,*,#2015,.T.);
#16033 = ORIENTED_EDGE('',*,*,#16034,.F.);
#16034 = EDGE_CURVE('',#16003,#2008,#16035,.T.);
#16035 = LINE('',#16036,#16037);
#16036 = CARTESIAN_POINT('',(-5.E+05,5.275000000958,0.599287543885));
#16037 = VECTOR('',#16038,1.);
#16038 = DIRECTION('',(1.,-1.915919264609E-15,-2.468424404191E-31));
#16039 = ORIENTED_EDGE('',*,*,#16002,.F.);
#16040 = ORIENTED_EDGE('',*,*,#15133,.T.);
#16041 = ORIENTED_EDGE('',*,*,#14641,.T.);
#16042 = ORIENTED_EDGE('',*,*,#16043,.F.);
#16043 = EDGE_CURVE('',#2038,#14634,#16044,.T.);
#16044 = LINE('',#16045,#16046);
#16045 = CARTESIAN_POINT('',(-5.E+05,5.275000000958,0.599287543885));
#16046 = VECTOR('',#16047,1.);
#16047 = DIRECTION('',(1.,-1.915919264609E-15,-2.468424404191E-31));
#16048 = ORIENTED_EDGE('',*,*,#2053,.T.);
#16049 = ORIENTED_EDGE('',*,*,#1867,.T.);
#16050 = ORIENTED_EDGE('',*,*,#1993,.T.);
#16051 = PLANE('',#16052);
#16052 = AXIS2_PLACEMENT_3D('',#16053,#16054,#16055);
#16053 = CARTESIAN_POINT('',(-5.E+05,5.275000000958,0.599287543885));
#16054 = DIRECTION('',(-1.354759504211E-15,-0.707106781187,
    0.707106781187));
#16055 = DIRECTION('',(-8.834018207901E-17,0.707106781187,0.707106781187
    ));
#16056 = ADVANCED_FACE('',(#16057),#16070,.F.);
#16057 = FACE_BOUND('',#16058,.T.);
#16058 = EDGE_LOOP('',(#16059,#16060,#16061,#16062,#16063,#16064,#16065,
    #16066,#16067,#16068,#16069));
#16059 = ORIENTED_EDGE('',*,*,#16034,.T.);
#16060 = ORIENTED_EDGE('',*,*,#2007,.T.);
#16061 = ORIENTED_EDGE('',*,*,#1836,.T.);
#16062 = ORIENTED_EDGE('',*,*,#1805,.T.);
#16063 = ORIENTED_EDGE('',*,*,#1765,.T.);
#16064 = ORIENTED_EDGE('',*,*,#2037,.T.);
#16065 = ORIENTED_EDGE('',*,*,#16043,.T.);
#16066 = ORIENTED_EDGE('',*,*,#14633,.T.);
#16067 = ORIENTED_EDGE('',*,*,#14602,.F.);
#16068 = ORIENTED_EDGE('',*,*,#14562,.F.);
#16069 = ORIENTED_EDGE('',*,*,#16010,.F.);
#16070 = PLANE('',#16071);
#16071 = AXIS2_PLACEMENT_3D('',#16072,#16073,#16074);
#16072 = CARTESIAN_POINT('',(-5.E+05,3.150000000958,0.6995));
#16073 = DIRECTION('',(9.025215640196E-17,4.710645070964E-02,
    0.998889874962));
#16074 = DIRECTION('',(-1.247931935866E-16,0.998889874962,
    -4.710645070964E-02));
#16075 = ADVANCED_FACE('',(#16076),#16080,.F.);
#16076 = FACE_BOUND('',#16077,.T.);
#16077 = EDGE_LOOP('',(#16078,#16079));
#16078 = ORIENTED_EDGE('',*,*,#1741,.F.);
#16079 = ORIENTED_EDGE('',*,*,#865,.F.);
#16080 = PLANE('',#16081);
#16081 = AXIS2_PLACEMENT_3D('',#16082,#16083,#16084);
#16082 = CARTESIAN_POINT('',(-4.469571421427,-5.7625,4.0495));
#16083 = DIRECTION('',(-1.529923784499E-32,1.224606353822E-16,-1.));
#16084 = DIRECTION('',(1.249318835986E-16,-1.,-1.224606353822E-16));
#16085 = ADVANCED_FACE('',(#16086),#16090,.F.);
#16086 = FACE_BOUND('',#16087,.T.);
#16087 = EDGE_LOOP('',(#16088,#16089));
#16088 = ORIENTED_EDGE('',*,*,#1717,.F.);
#16089 = ORIENTED_EDGE('',*,*,#907,.F.);
#16090 = PLANE('',#16091);
#16091 = AXIS2_PLACEMENT_3D('',#16092,#16093,#16094);
#16092 = CARTESIAN_POINT('',(-4.469571421427,-5.7625,4.0495));
#16093 = DIRECTION('',(-1.529923784499E-32,1.224606353822E-16,-1.));
#16094 = DIRECTION('',(1.249318835986E-16,-1.,-1.224606353822E-16));
#16095 = ADVANCED_FACE('',(#16096,#16162),#16196,.T.);
#16096 = FACE_BOUND('',#16097,.T.);
#16097 = EDGE_LOOP('',(#16098,#16107,#16115,#16123,#16129,#16130,#16139,
    #16147,#16155,#16161));
#16098 = ORIENTED_EDGE('',*,*,#16099,.F.);
#16099 = EDGE_CURVE('',#16100,#33,#16102,.T.);
#16100 = VERTEX_POINT('',#16101);
#16101 = CARTESIAN_POINT('',(-6.3,-0.3,1.4995));
#16102 = CIRCLE('',#16103,0.375);
#16103 = AXIS2_PLACEMENT_3D('',#16104,#16105,#16106);
#16104 = CARTESIAN_POINT('',(-6.3,-1.350185673419E-15,1.2745));
#16105 = DIRECTION('',(-1.,-1.249318835986E-16,-2.486067977623E-16));
#16106 = DIRECTION('',(2.486067977623E-16,3.105891551988E-32,-1.));
#16107 = ORIENTED_EDGE('',*,*,#16108,.F.);
#16108 = EDGE_CURVE('',#16109,#16100,#16111,.T.);
#16109 = VERTEX_POINT('',#16110);
#16110 = CARTESIAN_POINT('',(-6.3,-0.75,1.4995));
#16111 = LINE('',#16112,#16113);
#16112 = CARTESIAN_POINT('',(-6.3,1.25,1.4995));
#16113 = VECTOR('',#16114,1.);
#16114 = DIRECTION('',(-1.249318835986E-16,1.,-2.465190328816E-32));
#16115 = ORIENTED_EDGE('',*,*,#16116,.T.);
#16116 = EDGE_CURVE('',#16109,#16117,#16119,.T.);
#16117 = VERTEX_POINT('',#16118);
#16118 = CARTESIAN_POINT('',(-6.3,-0.75,1.3495));
#16119 = LINE('',#16120,#16121);
#16120 = CARTESIAN_POINT('',(-6.3,-0.75,1.0495));
#16121 = VECTOR('',#16122,1.);
#16122 = DIRECTION('',(2.486067977623E-16,1.050146253843E-31,-1.));
#16123 = ORIENTED_EDGE('',*,*,#16124,.T.);
#16124 = EDGE_CURVE('',#16117,#66,#16125,.T.);
#16125 = LINE('',#16126,#16127);
#16126 = CARTESIAN_POINT('',(-6.3,1.25,1.3495));
#16127 = VECTOR('',#16128,1.);
#16128 = DIRECTION('',(-1.249318835986E-16,1.,-2.465190328816E-32));
#16129 = ORIENTED_EDGE('',*,*,#73,.T.);
#16130 = ORIENTED_EDGE('',*,*,#16131,.T.);
#16131 = EDGE_CURVE('',#74,#16132,#16134,.T.);
#16132 = VERTEX_POINT('',#16133);
#16133 = CARTESIAN_POINT('',(-6.3,0.212132034356,1.3495));
#16134 = CIRCLE('',#16135,0.225);
#16135 = AXIS2_PLACEMENT_3D('',#16136,#16137,#16138);
#16136 = CARTESIAN_POINT('',(-6.3,-1.350185673419E-15,1.2745));
#16137 = DIRECTION('',(-1.,-1.249318835986E-16,-2.486067977623E-16));
#16138 = DIRECTION('',(2.486067977623E-16,3.105891551988E-32,-1.));
#16139 = ORIENTED_EDGE('',*,*,#16140,.T.);
#16140 = EDGE_CURVE('',#16132,#16141,#16143,.T.);
#16141 = VERTEX_POINT('',#16142);
#16142 = CARTESIAN_POINT('',(-6.3,0.75,1.3495));
#16143 = LINE('',#16144,#16145);
#16144 = CARTESIAN_POINT('',(-6.3,1.25,1.3495));
#16145 = VECTOR('',#16146,1.);
#16146 = DIRECTION('',(-1.249318835986E-16,1.,-2.465190328816E-32));
#16147 = ORIENTED_EDGE('',*,*,#16148,.T.);
#16148 = EDGE_CURVE('',#16141,#16149,#16151,.T.);
#16149 = VERTEX_POINT('',#16150);
#16150 = CARTESIAN_POINT('',(-6.3,0.75,1.4995));
#16151 = LINE('',#16152,#16153);
#16152 = CARTESIAN_POINT('',(-6.3,0.75,1.0495));
#16153 = VECTOR('',#16154,1.);
#16154 = DIRECTION('',(-2.486067977623E-16,-1.050146253843E-31,1.));
#16155 = ORIENTED_EDGE('',*,*,#16156,.F.);
#16156 = EDGE_CURVE('',#41,#16149,#16157,.T.);
#16157 = LINE('',#16158,#16159);
#16158 = CARTESIAN_POINT('',(-6.3,1.25,1.4995));
#16159 = VECTOR('',#16160,1.);
#16160 = DIRECTION('',(-1.249318835986E-16,1.,-2.465190328816E-32));
#16161 = ORIENTED_EDGE('',*,*,#40,.F.);
#16162 = FACE_BOUND('',#16163,.T.);
#16163 = EDGE_LOOP('',(#16164,#16174,#16182,#16190));
#16164 = ORIENTED_EDGE('',*,*,#16165,.T.);
#16165 = EDGE_CURVE('',#16166,#16168,#16170,.T.);
#16166 = VERTEX_POINT('',#16167);
#16167 = CARTESIAN_POINT('',(-6.3,-1.25,1.0495));
#16168 = VERTEX_POINT('',#16169);
#16169 = CARTESIAN_POINT('',(-6.3,-1.25,2.2995));
#16170 = LINE('',#16171,#16172);
#16171 = CARTESIAN_POINT('',(-6.3,-1.25,1.0495));
#16172 = VECTOR('',#16173,1.);
#16173 = DIRECTION('',(-2.486067977623E-16,-1.050146253843E-31,1.));
#16174 = ORIENTED_EDGE('',*,*,#16175,.F.);
#16175 = EDGE_CURVE('',#16176,#16168,#16178,.T.);
#16176 = VERTEX_POINT('',#16177);
#16177 = CARTESIAN_POINT('',(-6.3,1.25,2.2995));
#16178 = LINE('',#16179,#16180);
#16179 = CARTESIAN_POINT('',(-6.3,1.25,2.2995));
#16180 = VECTOR('',#16181,1.);
#16181 = DIRECTION('',(1.249318835986E-16,-1.,2.465190328816E-32));
#16182 = ORIENTED_EDGE('',*,*,#16183,.F.);
#16183 = EDGE_CURVE('',#16184,#16176,#16186,.T.);
#16184 = VERTEX_POINT('',#16185);
#16185 = CARTESIAN_POINT('',(-6.3,1.25,1.0495));
#16186 = LINE('',#16187,#16188);
#16187 = CARTESIAN_POINT('',(-6.3,1.25,1.0495));
#16188 = VECTOR('',#16189,1.);
#16189 = DIRECTION('',(-2.486067977623E-16,-1.050146253843E-31,1.));
#16190 = ORIENTED_EDGE('',*,*,#16191,.T.);
#16191 = EDGE_CURVE('',#16184,#16166,#16192,.T.);
#16192 = LINE('',#16193,#16194);
#16193 = CARTESIAN_POINT('',(-6.3,1.25,1.0495));
#16194 = VECTOR('',#16195,1.);
#16195 = DIRECTION('',(1.249318835986E-16,-1.,2.465190328816E-32));
#16196 = PLANE('',#16197);
#16197 = AXIS2_PLACEMENT_3D('',#16198,#16199,#16200);
#16198 = CARTESIAN_POINT('',(-6.3,1.25,1.0495));
#16199 = DIRECTION('',(-1.,-1.249318835986E-16,-2.486067977623E-16));
#16200 = DIRECTION('',(2.486067977623E-16,1.050146253843E-31,-1.));
#16201 = ADVANCED_FACE('',(#16202),#16218,.T.);
#16202 = FACE_BOUND('',#16203,.T.);
#16203 = EDGE_LOOP('',(#16204,#16210,#16211,#16217));
#16204 = ORIENTED_EDGE('',*,*,#16205,.T.);
#16205 = EDGE_CURVE('',#15507,#16176,#16206,.T.);
#16206 = LINE('',#16207,#16208);
#16207 = CARTESIAN_POINT('',(-6.,1.25,2.2995));
#16208 = VECTOR('',#16209,1.);
#16209 = DIRECTION('',(-1.,5.97869564725E-16,-2.486067977623E-16));
#16210 = ORIENTED_EDGE('',*,*,#16175,.T.);
#16211 = ORIENTED_EDGE('',*,*,#16212,.T.);
#16212 = EDGE_CURVE('',#16168,#15515,#16213,.T.);
#16213 = LINE('',#16214,#16215);
#16214 = CARTESIAN_POINT('',(-6.3,-1.25,2.2995));
#16215 = VECTOR('',#16216,1.);
#16216 = DIRECTION('',(1.,8.477333319223E-16,2.486067977623E-16));
#16217 = ORIENTED_EDGE('',*,*,#15514,.T.);
#16218 = PLANE('',#16219);
#16219 = AXIS2_PLACEMENT_3D('',#16220,#16221,#16222);
#16220 = CARTESIAN_POINT('',(-6.3,1.25,2.2995));
#16221 = DIRECTION('',(-2.486067977623E-16,-6.407012231719E-33,1.));
#16222 = DIRECTION('',(1.249318835986E-16,-1.,2.465190328816E-32));
#16223 = ADVANCED_FACE('',(#16224),#16240,.F.);
#16224 = FACE_BOUND('',#16225,.T.);
#16225 = EDGE_LOOP('',(#16226,#16232,#16233,#16239));
#16226 = ORIENTED_EDGE('',*,*,#16227,.F.);
#16227 = EDGE_CURVE('',#15497,#16184,#16228,.T.);
#16228 = LINE('',#16229,#16230);
#16229 = CARTESIAN_POINT('',(-6.,1.25,1.0495));
#16230 = VECTOR('',#16231,1.);
#16231 = DIRECTION('',(-1.,5.97869564725E-16,-2.486067977623E-16));
#16232 = ORIENTED_EDGE('',*,*,#15496,.T.);
#16233 = ORIENTED_EDGE('',*,*,#16234,.F.);
#16234 = EDGE_CURVE('',#16166,#15499,#16235,.T.);
#16235 = LINE('',#16236,#16237);
#16236 = CARTESIAN_POINT('',(-6.3,-1.25,1.0495));
#16237 = VECTOR('',#16238,1.);
#16238 = DIRECTION('',(1.,8.477333319223E-16,2.486067977623E-16));
#16239 = ORIENTED_EDGE('',*,*,#16191,.F.);
#16240 = PLANE('',#16241);
#16241 = AXIS2_PLACEMENT_3D('',#16242,#16243,#16244);
#16242 = CARTESIAN_POINT('',(-5.,4.85,1.0495));
#16243 = DIRECTION('',(-2.486067977623E-16,-6.407012231719E-33,1.));
#16244 = DIRECTION('',(1.249318835986E-16,-1.,2.465190328816E-32));
#16245 = ADVANCED_FACE('',(#16246),#16252,.T.);
#16246 = FACE_BOUND('',#16247,.T.);
#16247 = EDGE_LOOP('',(#16248,#16249,#16250,#16251));
#16248 = ORIENTED_EDGE('',*,*,#16183,.T.);
#16249 = ORIENTED_EDGE('',*,*,#16205,.F.);
#16250 = ORIENTED_EDGE('',*,*,#15506,.F.);
#16251 = ORIENTED_EDGE('',*,*,#16227,.T.);
#16252 = PLANE('',#16253);
#16253 = AXIS2_PLACEMENT_3D('',#16254,#16255,#16256);
#16254 = CARTESIAN_POINT('',(-6.,1.25,1.0495));
#16255 = DIRECTION('',(5.97869564725E-16,1.,1.550414501976E-31));
#16256 = DIRECTION('',(-1.,5.97869564725E-16,-2.486067977623E-16));
#16257 = ADVANCED_FACE('',(#16258),#16264,.T.);
#16258 = FACE_BOUND('',#16259,.T.);
#16259 = EDGE_LOOP('',(#16260,#16261,#16262,#16263));
#16260 = ORIENTED_EDGE('',*,*,#15522,.T.);
#16261 = ORIENTED_EDGE('',*,*,#16212,.F.);
#16262 = ORIENTED_EDGE('',*,*,#16165,.F.);
#16263 = ORIENTED_EDGE('',*,*,#16234,.T.);
#16264 = PLANE('',#16265);
#16265 = AXIS2_PLACEMENT_3D('',#16266,#16267,#16268);
#16266 = CARTESIAN_POINT('',(-6.3,-1.25,1.0495));
#16267 = DIRECTION('',(8.477333319223E-16,-1.,2.043452567739E-31));
#16268 = DIRECTION('',(1.,8.477333319223E-16,2.486067977623E-16));
#16269 = ADVANCED_FACE('',(#16270),#16318,.T.);
#16270 = FACE_BOUND('',#16271,.T.);
#16271 = EDGE_LOOP('',(#16272,#16289,#16297,#16312));
#16272 = ORIENTED_EDGE('',*,*,#16273,.T.);
#16273 = EDGE_CURVE('',#16274,#16276,#16278,.T.);
#16274 = VERTEX_POINT('',#16275);
#16275 = CARTESIAN_POINT('',(-7.425,0.212132034356,-3.412632034356));
#16276 = VERTEX_POINT('',#16277);
#16277 = CARTESIAN_POINT('',(-7.425,-0.212132034356,-3.412632034356));
#16278 = B_SPLINE_CURVE_WITH_KNOTS('',3,(#16279,#16280,#16281,#16282,
    #16283,#16284,#16285,#16286,#16287,#16288),.UNSPECIFIED.,.F.,.F.,(4,
    2,2,2,4),(2.003758441536E-18,1.453875650969E-04,2.907751301938E-04,
    4.361626952907E-04,5.815502603876E-04),.UNSPECIFIED.);
#16279 = CARTESIAN_POINT('',(-7.425,0.212132034356,-3.412632034356));
#16280 = CARTESIAN_POINT('',(-7.469064944726,0.196552723742,
    -3.42821134497));
#16281 = CARTESIAN_POINT('',(-7.50470161365,0.169490847373,
    -3.451337682883));
#16282 = CARTESIAN_POINT('',(-7.558079719982,9.676035728042E-02,
    -3.487352093867));
#16283 = CARTESIAN_POINT('',(-7.574900161602,4.912726693791E-02,
    -3.500425121269));
#16284 = CARTESIAN_POINT('',(-7.5750989004,-4.820846485534E-02,
    -3.500574175233));
#16285 = CARTESIAN_POINT('',(-7.558564976287,-9.594427580564E-02,
    -3.487694051424));
#16286 = CARTESIAN_POINT('',(-7.504748074582,-0.169580915219,
    -3.451354620103));
#16287 = CARTESIAN_POINT('',(-7.469085576584,-0.196545429278,
    -3.428218639434));
#16288 = CARTESIAN_POINT('',(-7.425,-0.212132034356,-3.412632034356));
#16289 = ORIENTED_EDGE('',*,*,#16290,.F.);
#16290 = EDGE_CURVE('',#16291,#16276,#16293,.T.);
#16291 = VERTEX_POINT('',#16292);
#16292 = CARTESIAN_POINT('',(-7.659232921921,-0.212132034356,
    -3.412632034356));
#16293 = LINE('',#16294,#16295);
#16294 = CARTESIAN_POINT('',(-7.725025,-0.212132034356,-3.412632034356)
  );
#16295 = VECTOR('',#16296,1.);
#16296 = DIRECTION('',(1.,1.249318835986E-16,3.740090158872E-15));
#16297 = ORIENTED_EDGE('',*,*,#16298,.F.);
#16298 = EDGE_CURVE('',#16299,#16291,#16301,.T.);
#16299 = VERTEX_POINT('',#16300);
#16300 = CARTESIAN_POINT('',(-7.659232921921,0.212132034356,
    -3.412632034356));
#16301 = B_SPLINE_CURVE_WITH_KNOTS('',3,(#16302,#16303,#16304,#16305,
    #16306,#16307,#16308,#16309,#16310,#16311),.UNSPECIFIED.,.F.,.F.,(4,
    2,2,2,4),(5.421010862428E-20,1.227093749406E-04,2.454187498812E-04,
    3.681281248218E-04,4.908374997624E-04),.UNSPECIFIED.);
#16302 = CARTESIAN_POINT('',(-7.659232921921,0.212132034356,
    -3.412632034356));
#16303 = CARTESIAN_POINT('',(-7.677293886708,0.185803880144,
    -3.438960188568));
#16304 = CARTESIAN_POINT('',(-7.693845804299,0.154415233026,
    -3.46069410799));
#16305 = CARTESIAN_POINT('',(-7.717861336074,8.217079010597E-02,
    -3.491692375032));
#16306 = CARTESIAN_POINT('',(-7.724954313462,4.128305942076E-02,
    -3.500442891808));
#16307 = CARTESIAN_POINT('',(-7.725045222597,-4.044884654237E-02,
    -3.500556528266));
#16308 = CARTESIAN_POINT('',(-7.718008828738,-8.159836921206E-02,
    -3.491879112333));
#16309 = CARTESIAN_POINT('',(-7.693947723897,-0.154236037014,
    -3.460829264294));
#16310 = CARTESIAN_POINT('',(-7.677316781262,-0.185770505886,
    -3.438993562829));
#16311 = CARTESIAN_POINT('',(-7.659232921921,-0.212132034356,
    -3.412632034356));
#16312 = ORIENTED_EDGE('',*,*,#16313,.T.);
#16313 = EDGE_CURVE('',#16299,#16274,#16314,.T.);
#16314 = LINE('',#16315,#16316);
#16315 = CARTESIAN_POINT('',(-7.725025,0.212132034356,-3.412632034356));
#16316 = VECTOR('',#16317,1.);
#16317 = DIRECTION('',(1.,1.249318835986E-16,3.740090158872E-15));
#16318 = CYLINDRICAL_SURFACE('',#16319,0.3);
#16319 = AXIS2_PLACEMENT_3D('',#16320,#16321,#16322);
#16320 = CARTESIAN_POINT('',(-7.725025,1.259041428395E-16,-3.2005));
#16321 = DIRECTION('',(1.,1.249318835986E-16,3.740090158872E-15));
#16322 = DIRECTION('',(-3.740090158872E-15,-9.843124427589E-31,1.));
#16323 = ADVANCED_FACE('',(#16324),#16358,.F.);
#16324 = FACE_BOUND('',#16325,.T.);
#16325 = EDGE_LOOP('',(#16326,#16336,#16344,#16352));
#16326 = ORIENTED_EDGE('',*,*,#16327,.T.);
#16327 = EDGE_CURVE('',#16328,#16330,#16332,.T.);
#16328 = VERTEX_POINT('',#16329);
#16329 = CARTESIAN_POINT('',(-7.425,0.75,0.327707887907));
#16330 = VERTEX_POINT('',#16331);
#16331 = CARTESIAN_POINT('',(-7.425,0.45,0.327707887907));
#16332 = LINE('',#16333,#16334);
#16333 = CARTESIAN_POINT('',(-7.425,0.75,0.327707887907));
#16334 = VECTOR('',#16335,1.);
#16335 = DIRECTION('',(1.249318835986E-16,-1.,0.));
#16336 = ORIENTED_EDGE('',*,*,#16337,.F.);
#16337 = EDGE_CURVE('',#16338,#16330,#16340,.T.);
#16338 = VERTEX_POINT('',#16339);
#16339 = CARTESIAN_POINT('',(-7.575,0.45,0.327707887907));
#16340 = LINE('',#16341,#16342);
#16341 = CARTESIAN_POINT('',(-7.575,0.45,0.327707887907));
#16342 = VECTOR('',#16343,1.);
#16343 = DIRECTION('',(1.,1.249318835986E-16,3.740088136605E-15));
#16344 = ORIENTED_EDGE('',*,*,#16345,.F.);
#16345 = EDGE_CURVE('',#16346,#16338,#16348,.T.);
#16346 = VERTEX_POINT('',#16347);
#16347 = CARTESIAN_POINT('',(-7.575,0.75,0.327707887907));
#16348 = LINE('',#16349,#16350);
#16349 = CARTESIAN_POINT('',(-7.575,0.75,0.327707887907));
#16350 = VECTOR('',#16351,1.);
#16351 = DIRECTION('',(1.249318835986E-16,-1.,0.));
#16352 = ORIENTED_EDGE('',*,*,#16353,.T.);
#16353 = EDGE_CURVE('',#16346,#16328,#16354,.T.);
#16354 = LINE('',#16355,#16356);
#16355 = CARTESIAN_POINT('',(-7.575,0.75,0.327707887907));
#16356 = VECTOR('',#16357,1.);
#16357 = DIRECTION('',(1.,1.249318835986E-16,3.740088136605E-15));
#16358 = PLANE('',#16359);
#16359 = AXIS2_PLACEMENT_3D('',#16360,#16361,#16362);
#16360 = CARTESIAN_POINT('',(-7.575,0.75,0.327707887907));
#16361 = DIRECTION('',(-3.740088136605E-15,-5.658638688837E-31,1.));
#16362 = DIRECTION('',(-1.,-1.249318835986E-16,-3.740088136605E-15));
#16363 = ADVANCED_FACE('',(#16364),#16389,.F.);
#16364 = FACE_BOUND('',#16365,.T.);
#16365 = EDGE_LOOP('',(#16366,#16374,#16382,#16388));
#16366 = ORIENTED_EDGE('',*,*,#16367,.T.);
#16367 = EDGE_CURVE('',#16330,#16368,#16370,.T.);
#16368 = VERTEX_POINT('',#16369);
#16369 = CARTESIAN_POINT('',(-7.425,0.45,-3.174764068712));
#16370 = LINE('',#16371,#16372);
#16371 = CARTESIAN_POINT('',(-7.425,0.45,-3.822292112093));
#16372 = VECTOR('',#16373,1.);
#16373 = DIRECTION('',(3.740088136605E-15,-1.175640909924E-16,-1.));
#16374 = ORIENTED_EDGE('',*,*,#16375,.F.);
#16375 = EDGE_CURVE('',#16376,#16368,#16378,.T.);
#16376 = VERTEX_POINT('',#16377);
#16377 = CARTESIAN_POINT('',(-7.575,0.45,-3.174764068712));
#16378 = LINE('',#16379,#16380);
#16379 = CARTESIAN_POINT('',(-7.725025,0.45,-3.174764068712));
#16380 = VECTOR('',#16381,1.);
#16381 = DIRECTION('',(1.,1.249318835986E-16,3.740090158872E-15));
#16382 = ORIENTED_EDGE('',*,*,#16383,.F.);
#16383 = EDGE_CURVE('',#16338,#16376,#16384,.T.);
#16384 = LINE('',#16385,#16386);
#16385 = CARTESIAN_POINT('',(-7.575,0.45,-3.822292112093));
#16386 = VECTOR('',#16387,1.);
#16387 = DIRECTION('',(3.740088136605E-15,-1.175640909924E-16,-1.));
#16388 = ORIENTED_EDGE('',*,*,#16337,.T.);
#16389 = PLANE('',#16390);
#16390 = AXIS2_PLACEMENT_3D('',#16391,#16392,#16393);
#16391 = CARTESIAN_POINT('',(-7.575,0.45,-3.822292112093));
#16392 = DIRECTION('',(1.249318835986E-16,-1.,1.175640909924E-16));
#16393 = DIRECTION('',(-3.740088136605E-15,1.175640909924E-16,1.));
#16394 = ADVANCED_FACE('',(#16395),#16420,.F.);
#16395 = FACE_BOUND('',#16396,.T.);
#16396 = EDGE_LOOP('',(#16397,#16405,#16406,#16412,#16413));
#16397 = ORIENTED_EDGE('',*,*,#16398,.T.);
#16398 = EDGE_CURVE('',#16399,#16376,#16401,.T.);
#16399 = VERTEX_POINT('',#16400);
#16400 = CARTESIAN_POINT('',(-7.575,0.3,-3.324764068712));
#16401 = LINE('',#16402,#16403);
#16402 = CARTESIAN_POINT('',(-7.575,3.40123597831,-0.223528090402));
#16403 = VECTOR('',#16404,1.);
#16404 = DIRECTION('',(-2.732981865708E-15,0.707106781187,0.707106781187
    ));
#16405 = ORIENTED_EDGE('',*,*,#16375,.T.);
#16406 = ORIENTED_EDGE('',*,*,#16407,.T.);
#16407 = EDGE_CURVE('',#16368,#16274,#16408,.T.);
#16408 = LINE('',#16409,#16410);
#16409 = CARTESIAN_POINT('',(-7.425,0.45,-3.174764068712));
#16410 = VECTOR('',#16411,1.);
#16411 = DIRECTION('',(2.842525866063E-15,-0.707106781187,
    -0.707106781187));
#16412 = ORIENTED_EDGE('',*,*,#16313,.F.);
#16413 = ORIENTED_EDGE('',*,*,#16414,.F.);
#16414 = EDGE_CURVE('',#16399,#16299,#16415,.T.);
#16415 = ( BOUNDED_CURVE() B_SPLINE_CURVE(3,(#16416,#16417,#16418,#16419
),.UNSPECIFIED.,.F.,.F.) B_SPLINE_CURVE_WITH_KNOTS((4,4),(3.785093762383
,4.111124763706),.PIECEWISE_BEZIER_KNOTS.) CURVE() 
GEOMETRIC_REPRESENTATION_ITEM() RATIONAL_B_SPLINE_CURVE((1.,
0.991161580934,0.991161580934,1.)) REPRESENTATION_ITEM('') );
#16416 = CARTESIAN_POINT('',(-7.575,0.3,-3.324764068712));
#16417 = CARTESIAN_POINT('',(-7.607748335971,0.275438748022,
    -3.34932532069));
#16418 = CARTESIAN_POINT('',(-7.636076351484,0.245888246424,
    -3.378875822288));
#16419 = CARTESIAN_POINT('',(-7.659232921921,0.212132034356,
    -3.412632034356));
#16420 = PLANE('',#16421);
#16421 = AXIS2_PLACEMENT_3D('',#16422,#16423,#16424);
#16422 = CARTESIAN_POINT('',(-7.725025,0.45,-3.174764068712));
#16423 = DIRECTION('',(-2.556302931508E-15,-0.707106781187,
    0.707106781187));
#16424 = DIRECTION('',(2.641317346258E-16,-0.707106781187,
    -0.707106781187));
#16425 = ADVANCED_FACE('',(#16426),#16460,.F.);
#16426 = FACE_BOUND('',#16427,.T.);
#16427 = EDGE_LOOP('',(#16428,#16438,#16446,#16454));
#16428 = ORIENTED_EDGE('',*,*,#16429,.T.);
#16429 = EDGE_CURVE('',#16430,#16432,#16434,.T.);
#16430 = VERTEX_POINT('',#16431);
#16431 = CARTESIAN_POINT('',(-7.425,-0.45,0.327707887907));
#16432 = VERTEX_POINT('',#16433);
#16433 = CARTESIAN_POINT('',(-7.425,-0.75,0.327707887907));
#16434 = LINE('',#16435,#16436);
#16435 = CARTESIAN_POINT('',(-7.425,-0.45,0.327707887907));
#16436 = VECTOR('',#16437,1.);
#16437 = DIRECTION('',(1.249318835986E-16,-1.,0.));
#16438 = ORIENTED_EDGE('',*,*,#16439,.F.);
#16439 = EDGE_CURVE('',#16440,#16432,#16442,.T.);
#16440 = VERTEX_POINT('',#16441);
#16441 = CARTESIAN_POINT('',(-7.575,-0.75,0.327707887907));
#16442 = LINE('',#16443,#16444);
#16443 = CARTESIAN_POINT('',(-7.575,-0.75,0.327707887907));
#16444 = VECTOR('',#16445,1.);
#16445 = DIRECTION('',(1.,1.249318835986E-16,3.740088136605E-15));
#16446 = ORIENTED_EDGE('',*,*,#16447,.F.);
#16447 = EDGE_CURVE('',#16448,#16440,#16450,.T.);
#16448 = VERTEX_POINT('',#16449);
#16449 = CARTESIAN_POINT('',(-7.575,-0.45,0.327707887907));
#16450 = LINE('',#16451,#16452);
#16451 = CARTESIAN_POINT('',(-7.575,-0.45,0.327707887907));
#16452 = VECTOR('',#16453,1.);
#16453 = DIRECTION('',(1.249318835986E-16,-1.,0.));
#16454 = ORIENTED_EDGE('',*,*,#16455,.T.);
#16455 = EDGE_CURVE('',#16448,#16430,#16456,.T.);
#16456 = LINE('',#16457,#16458);
#16457 = CARTESIAN_POINT('',(-7.575,-0.45,0.327707887907));
#16458 = VECTOR('',#16459,1.);
#16459 = DIRECTION('',(1.,1.249318835986E-16,3.740088136605E-15));
#16460 = PLANE('',#16461);
#16461 = AXIS2_PLACEMENT_3D('',#16462,#16463,#16464);
#16462 = CARTESIAN_POINT('',(-7.575,-0.45,0.327707887907));
#16463 = DIRECTION('',(-3.740088136605E-15,-5.658638688837E-31,1.));
#16464 = DIRECTION('',(-1.,-1.249318835986E-16,-3.740088136605E-15));
#16465 = ADVANCED_FACE('',(#16466),#16500,.F.);
#16466 = FACE_BOUND('',#16467,.T.);
#16467 = EDGE_LOOP('',(#16468,#16469,#16477,#16485,#16493));
#16468 = ORIENTED_EDGE('',*,*,#16290,.T.);
#16469 = ORIENTED_EDGE('',*,*,#16470,.T.);
#16470 = EDGE_CURVE('',#16276,#16471,#16473,.T.);
#16471 = VERTEX_POINT('',#16472);
#16472 = CARTESIAN_POINT('',(-7.425,-0.45,-3.174764068712));
#16473 = LINE('',#16474,#16475);
#16474 = CARTESIAN_POINT('',(-7.425,-0.212132034356,-3.412632034356));
#16475 = VECTOR('',#16476,1.);
#16476 = DIRECTION('',(-2.665845501904E-15,-0.707106781187,
    0.707106781187));
#16477 = ORIENTED_EDGE('',*,*,#16478,.F.);
#16478 = EDGE_CURVE('',#16479,#16471,#16481,.T.);
#16479 = VERTEX_POINT('',#16480);
#16480 = CARTESIAN_POINT('',(-7.575,-0.45,-3.174764068712));
#16481 = LINE('',#16482,#16483);
#16482 = CARTESIAN_POINT('',(-7.725025,-0.45,-3.174764068712));
#16483 = VECTOR('',#16484,1.);
#16484 = DIRECTION('',(1.,1.249318835986E-16,3.740090158872E-15));
#16485 = ORIENTED_EDGE('',*,*,#16486,.T.);
#16486 = EDGE_CURVE('',#16479,#16487,#16489,.T.);
#16487 = VERTEX_POINT('',#16488);
#16488 = CARTESIAN_POINT('',(-7.575,-0.3,-3.324764068712));
#16489 = LINE('',#16490,#16491);
#16490 = CARTESIAN_POINT('',(-7.575,5.59876402169,-9.223528090402));
#16491 = VECTOR('',#16492,1.);
#16492 = DIRECTION('',(2.55630150155E-15,0.707106781187,-0.707106781187)
  );
#16493 = ORIENTED_EDGE('',*,*,#16494,.F.);
#16494 = EDGE_CURVE('',#16291,#16487,#16495,.T.);
#16495 = ( BOUNDED_CURVE() B_SPLINE_CURVE(3,(#16496,#16497,#16498,#16499
),.UNSPECIFIED.,.F.,.F.) B_SPLINE_CURVE_WITH_KNOTS((4,4),(2.172060543474
,2.498091544797),.PIECEWISE_BEZIER_KNOTS.) CURVE() 
GEOMETRIC_REPRESENTATION_ITEM() RATIONAL_B_SPLINE_CURVE((1.,
0.991161580934,0.991161580934,1.)) REPRESENTATION_ITEM('') );
#16496 = CARTESIAN_POINT('',(-7.659232921921,-0.212132034356,
    -3.412632034356));
#16497 = CARTESIAN_POINT('',(-7.636076351484,-0.245888246424,
    -3.378875822288));
#16498 = CARTESIAN_POINT('',(-7.607748335971,-0.275438748022,
    -3.34932532069));
#16499 = CARTESIAN_POINT('',(-7.575,-0.3,-3.324764068712));
#16500 = PLANE('',#16501);
#16501 = AXIS2_PLACEMENT_3D('',#16502,#16503,#16504);
#16502 = CARTESIAN_POINT('',(-7.725025,-0.212132034356,-3.412632034356)
  );
#16503 = DIRECTION('',(-2.732983295666E-15,0.707106781187,0.707106781187
    ));
#16504 = DIRECTION('',(-8.745137046782E-17,-0.707106781187,
    0.707106781187));
#16505 = ADVANCED_FACE('',(#16506),#16522,.F.);
#16506 = FACE_BOUND('',#16507,.T.);
#16507 = EDGE_LOOP('',(#16508,#16514,#16515,#16521));
#16508 = ORIENTED_EDGE('',*,*,#16509,.F.);
#16509 = EDGE_CURVE('',#16479,#16448,#16510,.T.);
#16510 = LINE('',#16511,#16512);
#16511 = CARTESIAN_POINT('',(-7.575,-0.45,0.327707887907));
#16512 = VECTOR('',#16513,1.);
#16513 = DIRECTION('',(-3.740088136605E-15,1.175640909924E-16,1.));
#16514 = ORIENTED_EDGE('',*,*,#16478,.T.);
#16515 = ORIENTED_EDGE('',*,*,#16516,.T.);
#16516 = EDGE_CURVE('',#16471,#16430,#16517,.T.);
#16517 = LINE('',#16518,#16519);
#16518 = CARTESIAN_POINT('',(-7.425,-0.45,0.327707887907));
#16519 = VECTOR('',#16520,1.);
#16520 = DIRECTION('',(-3.740088136605E-15,1.175640909924E-16,1.));
#16521 = ORIENTED_EDGE('',*,*,#16455,.F.);
#16522 = PLANE('',#16523);
#16523 = AXIS2_PLACEMENT_3D('',#16524,#16525,#16526);
#16524 = CARTESIAN_POINT('',(-7.575,-0.45,0.327707887907));
#16525 = DIRECTION('',(-1.249318835986E-16,1.,-1.175640909924E-16));
#16526 = DIRECTION('',(3.740088136605E-15,-1.175640909924E-16,-1.));
#16527 = ADVANCED_FACE('',(#16528),#16553,.F.);
#16528 = FACE_BOUND('',#16529,.T.);
#16529 = EDGE_LOOP('',(#16530,#16540,#16546,#16547));
#16530 = ORIENTED_EDGE('',*,*,#16531,.F.);
#16531 = EDGE_CURVE('',#16532,#16534,#16536,.T.);
#16532 = VERTEX_POINT('',#16533);
#16533 = CARTESIAN_POINT('',(-7.575,-0.75,0.8495));
#16534 = VERTEX_POINT('',#16535);
#16535 = CARTESIAN_POINT('',(-7.425,-0.75,0.8495));
#16536 = LINE('',#16537,#16538);
#16537 = CARTESIAN_POINT('',(-7.575,-0.75,0.8495));
#16538 = VECTOR('',#16539,1.);
#16539 = DIRECTION('',(1.,1.249318835986E-16,3.740088136605E-15));
#16540 = ORIENTED_EDGE('',*,*,#16541,.F.);
#16541 = EDGE_CURVE('',#16440,#16532,#16542,.T.);
#16542 = LINE('',#16543,#16544);
#16543 = CARTESIAN_POINT('',(-7.575,-0.75,0.327707887907));
#16544 = VECTOR('',#16545,1.);
#16545 = DIRECTION('',(-3.740088136605E-15,-7.72308396839E-16,1.));
#16546 = ORIENTED_EDGE('',*,*,#16439,.T.);
#16547 = ORIENTED_EDGE('',*,*,#16548,.T.);
#16548 = EDGE_CURVE('',#16432,#16534,#16549,.T.);
#16549 = LINE('',#16550,#16551);
#16550 = CARTESIAN_POINT('',(-7.425,-0.75,0.327707887907));
#16551 = VECTOR('',#16552,1.);
#16552 = DIRECTION('',(-3.740088136605E-15,-7.72308396839E-16,1.));
#16553 = PLANE('',#16554);
#16554 = AXIS2_PLACEMENT_3D('',#16555,#16556,#16557);
#16555 = CARTESIAN_POINT('',(-7.575,-0.75,0.327707887907));
#16556 = DIRECTION('',(-1.249318835986E-16,1.,7.72308396839E-16));
#16557 = DIRECTION('',(3.740088136605E-15,7.72308396839E-16,-1.));
#16558 = ADVANCED_FACE('',(#16559),#16584,.F.);
#16559 = FACE_BOUND('',#16560,.T.);
#16560 = EDGE_LOOP('',(#16561,#16571,#16577,#16578));
#16561 = ORIENTED_EDGE('',*,*,#16562,.F.);
#16562 = EDGE_CURVE('',#16563,#16565,#16567,.T.);
#16563 = VERTEX_POINT('',#16564);
#16564 = CARTESIAN_POINT('',(-7.425,0.75,0.8495));
#16565 = VERTEX_POINT('',#16566);
#16566 = CARTESIAN_POINT('',(-7.575,0.75,0.8495));
#16567 = LINE('',#16568,#16569);
#16568 = CARTESIAN_POINT('',(-7.575,0.75,0.8495));
#16569 = VECTOR('',#16570,1.);
#16570 = DIRECTION('',(-1.,-1.249318835986E-16,-3.740088136605E-15));
#16571 = ORIENTED_EDGE('',*,*,#16572,.T.);
#16572 = EDGE_CURVE('',#16563,#16328,#16573,.T.);
#16573 = LINE('',#16574,#16575);
#16574 = CARTESIAN_POINT('',(-7.425,0.75,0.327707887907));
#16575 = VECTOR('',#16576,1.);
#16576 = DIRECTION('',(3.740088136605E-15,-1.009941749713E-15,-1.));
#16577 = ORIENTED_EDGE('',*,*,#16353,.F.);
#16578 = ORIENTED_EDGE('',*,*,#16579,.F.);
#16579 = EDGE_CURVE('',#16565,#16346,#16580,.T.);
#16580 = LINE('',#16581,#16582);
#16581 = CARTESIAN_POINT('',(-7.575,0.75,0.327707887907));
#16582 = VECTOR('',#16583,1.);
#16583 = DIRECTION('',(3.740088136605E-15,-1.009941749713E-15,-1.));
#16584 = PLANE('',#16585);
#16585 = AXIS2_PLACEMENT_3D('',#16586,#16587,#16588);
#16586 = CARTESIAN_POINT('',(-7.575,0.75,0.327707887907));
#16587 = DIRECTION('',(1.249318835986E-16,-1.,1.009941749713E-15));
#16588 = DIRECTION('',(-3.740088136605E-15,1.009941749713E-15,1.));
#16589 = ADVANCED_FACE('',(#16590),#16616,.F.);
#16590 = FACE_BOUND('',#16591,.F.);
#16591 = EDGE_LOOP('',(#16592,#16600,#16609,#16615));
#16592 = ORIENTED_EDGE('',*,*,#16593,.F.);
#16593 = EDGE_CURVE('',#16594,#16276,#16596,.T.);
#16594 = VERTEX_POINT('',#16595);
#16595 = CARTESIAN_POINT('',(-7.425,-0.212132034356,0.8495));
#16596 = LINE('',#16597,#16598);
#16597 = CARTESIAN_POINT('',(-7.425,-0.212132034356,0.8495));
#16598 = VECTOR('',#16599,1.);
#16599 = DIRECTION('',(4.527931034891E-15,6.642905661463E-31,-1.));
#16600 = ORIENTED_EDGE('',*,*,#16601,.F.);
#16601 = EDGE_CURVE('',#16602,#16594,#16604,.T.);
#16602 = VERTEX_POINT('',#16603);
#16603 = CARTESIAN_POINT('',(-7.425,0.212132034356,0.8495));
#16604 = CIRCLE('',#16605,0.225);
#16605 = AXIS2_PLACEMENT_3D('',#16606,#16607,#16608);
#16606 = CARTESIAN_POINT('',(-7.35,-1.481364151197E-15,0.8495));
#16607 = DIRECTION('',(-2.486067977623E-16,-1.296665286725E-31,1.));
#16608 = DIRECTION('',(3.037693553488E-16,-1.,-5.41474019809E-32));
#16609 = ORIENTED_EDGE('',*,*,#16610,.T.);
#16610 = EDGE_CURVE('',#16602,#16274,#16611,.T.);
#16611 = LINE('',#16612,#16613);
#16612 = CARTESIAN_POINT('',(-7.425,0.212132034356,0.8495));
#16613 = VECTOR('',#16614,1.);
#16614 = DIRECTION('',(4.527931034891E-15,6.642905661463E-31,-1.));
#16615 = ORIENTED_EDGE('',*,*,#16273,.T.);
#16616 = CYLINDRICAL_SURFACE('',#16617,0.225);
#16617 = AXIS2_PLACEMENT_3D('',#16618,#16619,#16620);
#16618 = CARTESIAN_POINT('',(-7.35,-1.481364151197E-15,0.8495));
#16619 = DIRECTION('',(4.527931034891E-15,6.642905661463E-31,-1.));
#16620 = DIRECTION('',(1.,1.249318835986E-16,4.527931034891E-15));
#16621 = ADVANCED_FACE('',(#16622),#16650,.T.);
#16622 = FACE_BOUND('',#16623,.T.);
#16623 = EDGE_LOOP('',(#16624,#16625,#16626,#16634,#16643,#16649));
#16624 = ORIENTED_EDGE('',*,*,#16298,.T.);
#16625 = ORIENTED_EDGE('',*,*,#16494,.T.);
#16626 = ORIENTED_EDGE('',*,*,#16627,.F.);
#16627 = EDGE_CURVE('',#16628,#16487,#16630,.T.);
#16628 = VERTEX_POINT('',#16629);
#16629 = CARTESIAN_POINT('',(-7.575,-0.3,0.8495));
#16630 = LINE('',#16631,#16632);
#16631 = CARTESIAN_POINT('',(-7.575,-0.3,0.8495));
#16632 = VECTOR('',#16633,1.);
#16633 = DIRECTION('',(4.518771114812E-15,6.631462000772E-31,-1.));
#16634 = ORIENTED_EDGE('',*,*,#16635,.F.);
#16635 = EDGE_CURVE('',#16636,#16628,#16638,.T.);
#16636 = VERTEX_POINT('',#16637);
#16637 = CARTESIAN_POINT('',(-7.575,0.3,0.8495));
#16638 = CIRCLE('',#16639,0.375);
#16639 = AXIS2_PLACEMENT_3D('',#16640,#16641,#16642);
#16640 = CARTESIAN_POINT('',(-7.35,-1.481364151197E-15,0.8495));
#16641 = DIRECTION('',(-2.486067977623E-16,-1.296665286725E-31,1.));
#16642 = DIRECTION('',(3.037693553488E-16,-1.,-5.41474019809E-32));
#16643 = ORIENTED_EDGE('',*,*,#16644,.T.);
#16644 = EDGE_CURVE('',#16636,#16399,#16645,.T.);
#16645 = LINE('',#16646,#16647);
#16646 = CARTESIAN_POINT('',(-7.575,0.3,0.8495));
#16647 = VECTOR('',#16648,1.);
#16648 = DIRECTION('',(4.518771114812E-15,6.631462000772E-31,-1.));
#16649 = ORIENTED_EDGE('',*,*,#16414,.T.);
#16650 = CYLINDRICAL_SURFACE('',#16651,0.375);
#16651 = AXIS2_PLACEMENT_3D('',#16652,#16653,#16654);
#16652 = CARTESIAN_POINT('',(-7.35,-1.481364151197E-15,0.8495));
#16653 = DIRECTION('',(4.518771114812E-15,6.631462000772E-31,-1.));
#16654 = DIRECTION('',(1.,1.249318835986E-16,4.518771114812E-15));
#16655 = ADVANCED_FACE('',(#16656),#16669,.T.);
#16656 = FACE_BOUND('',#16657,.T.);
#16657 = EDGE_LOOP('',(#16658,#16659,#16660,#16666,#16667,#16668));
#16658 = ORIENTED_EDGE('',*,*,#16398,.F.);
#16659 = ORIENTED_EDGE('',*,*,#16644,.F.);
#16660 = ORIENTED_EDGE('',*,*,#16661,.T.);
#16661 = EDGE_CURVE('',#16636,#16565,#16662,.T.);
#16662 = LINE('',#16663,#16664);
#16663 = CARTESIAN_POINT('',(-7.575,9.,0.8495));
#16664 = VECTOR('',#16665,1.);
#16665 = DIRECTION('',(-1.249318835986E-16,1.,0.));
#16666 = ORIENTED_EDGE('',*,*,#16579,.T.);
#16667 = ORIENTED_EDGE('',*,*,#16345,.T.);
#16668 = ORIENTED_EDGE('',*,*,#16383,.T.);
#16669 = PLANE('',#16670);
#16670 = AXIS2_PLACEMENT_3D('',#16671,#16672,#16673);
#16671 = CARTESIAN_POINT('',(-7.575,9.,-5.822292112093));
#16672 = DIRECTION('',(-1.,-1.249318835986E-16,-3.740088136605E-15));
#16673 = DIRECTION('',(1.249318835986E-16,-1.,0.));
#16674 = ADVANCED_FACE('',(#16675),#16688,.T.);
#16675 = FACE_BOUND('',#16676,.T.);
#16676 = EDGE_LOOP('',(#16677,#16678,#16679,#16680,#16681,#16687));
#16677 = ORIENTED_EDGE('',*,*,#16486,.F.);
#16678 = ORIENTED_EDGE('',*,*,#16509,.T.);
#16679 = ORIENTED_EDGE('',*,*,#16447,.T.);
#16680 = ORIENTED_EDGE('',*,*,#16541,.T.);
#16681 = ORIENTED_EDGE('',*,*,#16682,.T.);
#16682 = EDGE_CURVE('',#16532,#16628,#16683,.T.);
#16683 = LINE('',#16684,#16685);
#16684 = CARTESIAN_POINT('',(-7.575,9.,0.8495));
#16685 = VECTOR('',#16686,1.);
#16686 = DIRECTION('',(-1.249318835986E-16,1.,0.));
#16687 = ORIENTED_EDGE('',*,*,#16627,.T.);
#16688 = PLANE('',#16689);
#16689 = AXIS2_PLACEMENT_3D('',#16690,#16691,#16692);
#16690 = CARTESIAN_POINT('',(-7.575,9.,-5.822292112093));
#16691 = DIRECTION('',(-1.,-1.249318835986E-16,-3.740088136605E-15));
#16692 = DIRECTION('',(1.249318835986E-16,-1.,0.));
#16693 = ADVANCED_FACE('',(#16694),#16707,.F.);
#16694 = FACE_BOUND('',#16695,.T.);
#16695 = EDGE_LOOP('',(#16696,#16697,#16698,#16699,#16700,#16701));
#16696 = ORIENTED_EDGE('',*,*,#16610,.T.);
#16697 = ORIENTED_EDGE('',*,*,#16407,.F.);
#16698 = ORIENTED_EDGE('',*,*,#16367,.F.);
#16699 = ORIENTED_EDGE('',*,*,#16327,.F.);
#16700 = ORIENTED_EDGE('',*,*,#16572,.F.);
#16701 = ORIENTED_EDGE('',*,*,#16702,.F.);
#16702 = EDGE_CURVE('',#16602,#16563,#16703,.T.);
#16703 = LINE('',#16704,#16705);
#16704 = CARTESIAN_POINT('',(-7.425,9.,0.8495));
#16705 = VECTOR('',#16706,1.);
#16706 = DIRECTION('',(-1.249318835986E-16,1.,0.));
#16707 = PLANE('',#16708);
#16708 = AXIS2_PLACEMENT_3D('',#16709,#16710,#16711);
#16709 = CARTESIAN_POINT('',(-7.425,9.,-5.822292112093));
#16710 = DIRECTION('',(-1.,-1.249318835986E-16,-3.740088136605E-15));
#16711 = DIRECTION('',(1.249318835986E-16,-1.,0.));
#16712 = ADVANCED_FACE('',(#16713),#16726,.F.);
#16713 = FACE_BOUND('',#16714,.T.);
#16714 = EDGE_LOOP('',(#16715,#16716,#16717,#16718,#16724,#16725));
#16715 = ORIENTED_EDGE('',*,*,#16516,.F.);
#16716 = ORIENTED_EDGE('',*,*,#16470,.F.);
#16717 = ORIENTED_EDGE('',*,*,#16593,.F.);
#16718 = ORIENTED_EDGE('',*,*,#16719,.F.);
#16719 = EDGE_CURVE('',#16534,#16594,#16720,.T.);
#16720 = LINE('',#16721,#16722);
#16721 = CARTESIAN_POINT('',(-7.425,9.,0.8495));
#16722 = VECTOR('',#16723,1.);
#16723 = DIRECTION('',(-1.249318835986E-16,1.,0.));
#16724 = ORIENTED_EDGE('',*,*,#16548,.F.);
#16725 = ORIENTED_EDGE('',*,*,#16429,.F.);
#16726 = PLANE('',#16727);
#16727 = AXIS2_PLACEMENT_3D('',#16728,#16729,#16730);
#16728 = CARTESIAN_POINT('',(-7.425,9.,-5.822292112093));
#16729 = DIRECTION('',(-1.,-1.249318835986E-16,-3.740088136605E-15));
#16730 = DIRECTION('',(1.249318835986E-16,-1.,0.));
#16731 = ADVANCED_FACE('',(#16732),#16759,.T.);
#16732 = FACE_BOUND('',#16733,.T.);
#16733 = EDGE_LOOP('',(#16734,#16735,#16744,#16752));
#16734 = ORIENTED_EDGE('',*,*,#16531,.T.);
#16735 = ORIENTED_EDGE('',*,*,#16736,.T.);
#16736 = EDGE_CURVE('',#16534,#16737,#16739,.T.);
#16737 = VERTEX_POINT('',#16738);
#16738 = CARTESIAN_POINT('',(-6.925,-0.75,1.3495));
#16739 = CIRCLE('',#16740,0.5);
#16740 = AXIS2_PLACEMENT_3D('',#16741,#16742,#16743);
#16741 = CARTESIAN_POINT('',(-6.925,-0.75,0.8495));
#16742 = DIRECTION('',(-1.249318835986E-16,1.,-0.));
#16743 = DIRECTION('',(0.,-0.,-1.));
#16744 = ORIENTED_EDGE('',*,*,#16745,.F.);
#16745 = EDGE_CURVE('',#16746,#16737,#16748,.T.);
#16746 = VERTEX_POINT('',#16747);
#16747 = CARTESIAN_POINT('',(-6.925,-0.75,1.4995));
#16748 = LINE('',#16749,#16750);
#16749 = CARTESIAN_POINT('',(-6.925,-0.75,1.4995));
#16750 = VECTOR('',#16751,1.);
#16751 = DIRECTION('',(2.486067977623E-16,1.296665286725E-31,-1.));
#16752 = ORIENTED_EDGE('',*,*,#16753,.F.);
#16753 = EDGE_CURVE('',#16532,#16746,#16754,.T.);
#16754 = CIRCLE('',#16755,0.65);
#16755 = AXIS2_PLACEMENT_3D('',#16756,#16757,#16758);
#16756 = CARTESIAN_POINT('',(-6.925,-0.75,0.8495));
#16757 = DIRECTION('',(-1.249318835986E-16,1.,0.));
#16758 = DIRECTION('',(0.,0.,1.));
#16759 = PLANE('',#16760);
#16760 = AXIS2_PLACEMENT_3D('',#16761,#16762,#16763);
#16761 = CARTESIAN_POINT('',(-6.925,-0.75,0.8495));
#16762 = DIRECTION('',(1.249318835986E-16,-1.,-9.860761315263E-32));
#16763 = DIRECTION('',(2.486067977623E-16,1.296665286725E-31,-1.));
#16764 = ADVANCED_FACE('',(#16765),#16792,.T.);
#16765 = FACE_BOUND('',#16766,.T.);
#16766 = EDGE_LOOP('',(#16767,#16776,#16777,#16786));
#16767 = ORIENTED_EDGE('',*,*,#16768,.T.);
#16768 = EDGE_CURVE('',#16769,#16563,#16771,.T.);
#16769 = VERTEX_POINT('',#16770);
#16770 = CARTESIAN_POINT('',(-6.925,0.75,1.3495));
#16771 = CIRCLE('',#16772,0.5);
#16772 = AXIS2_PLACEMENT_3D('',#16773,#16774,#16775);
#16773 = CARTESIAN_POINT('',(-6.925,0.75,0.8495));
#16774 = DIRECTION('',(1.249318835986E-16,-1.,0.));
#16775 = DIRECTION('',(0.,-0.,-1.));
#16776 = ORIENTED_EDGE('',*,*,#16562,.T.);
#16777 = ORIENTED_EDGE('',*,*,#16778,.F.);
#16778 = EDGE_CURVE('',#16779,#16565,#16781,.T.);
#16779 = VERTEX_POINT('',#16780);
#16780 = CARTESIAN_POINT('',(-6.925,0.75,1.4995));
#16781 = CIRCLE('',#16782,0.65);
#16782 = AXIS2_PLACEMENT_3D('',#16783,#16784,#16785);
#16783 = CARTESIAN_POINT('',(-6.925,0.75,0.8495));
#16784 = DIRECTION('',(1.249318835986E-16,-1.,0.));
#16785 = DIRECTION('',(0.,-0.,-1.));
#16786 = ORIENTED_EDGE('',*,*,#16787,.F.);
#16787 = EDGE_CURVE('',#16769,#16779,#16788,.T.);
#16788 = LINE('',#16789,#16790);
#16789 = CARTESIAN_POINT('',(-6.925,0.75,1.4995));
#16790 = VECTOR('',#16791,1.);
#16791 = DIRECTION('',(-2.486067977623E-16,-1.296665286725E-31,1.));
#16792 = PLANE('',#16793);
#16793 = AXIS2_PLACEMENT_3D('',#16794,#16795,#16796);
#16794 = CARTESIAN_POINT('',(-6.925,0.75,0.8495));
#16795 = DIRECTION('',(-1.249318835986E-16,1.,9.860761315263E-32));
#16796 = DIRECTION('',(-2.486067977623E-16,-1.296665286725E-31,1.));
#16797 = ADVANCED_FACE('',(#16798),#16825,.F.);
#16798 = FACE_BOUND('',#16799,.F.);
#16799 = EDGE_LOOP('',(#16800,#16807,#16808,#16817,#16824));
#16800 = ORIENTED_EDGE('',*,*,#16801,.T.);
#16801 = EDGE_CURVE('',#16594,#64,#16802,.T.);
#16802 = CIRCLE('',#16803,0.5);
#16803 = AXIS2_PLACEMENT_3D('',#16804,#16805,#16806);
#16804 = CARTESIAN_POINT('',(-6.925,-0.212132034356,0.8495));
#16805 = DIRECTION('',(-1.249318835986E-16,1.,0.));
#16806 = DIRECTION('',(0.,0.,1.));
#16807 = ORIENTED_EDGE('',*,*,#90,.F.);
#16808 = ORIENTED_EDGE('',*,*,#16809,.F.);
#16809 = EDGE_CURVE('',#16810,#83,#16812,.T.);
#16810 = VERTEX_POINT('',#16811);
#16811 = CARTESIAN_POINT('',(-6.925,0.212132034356,1.3495));
#16812 = CIRCLE('',#16813,0.225);
#16813 = AXIS2_PLACEMENT_3D('',#16814,#16815,#16816);
#16814 = CARTESIAN_POINT('',(-6.925,-1.428268100668E-15,1.2745));
#16815 = DIRECTION('',(1.,1.249318835986E-16,-1.723168465136E-14));
#16816 = DIRECTION('',(1.249318835986E-16,-1.,3.081670917045E-30));
#16817 = ORIENTED_EDGE('',*,*,#16818,.F.);
#16818 = EDGE_CURVE('',#16602,#16810,#16819,.T.);
#16819 = CIRCLE('',#16820,0.5);
#16820 = AXIS2_PLACEMENT_3D('',#16821,#16822,#16823);
#16821 = CARTESIAN_POINT('',(-6.925,0.212132034356,0.8495));
#16822 = DIRECTION('',(-1.249318835986E-16,1.,0.));
#16823 = DIRECTION('',(0.,0.,1.));
#16824 = ORIENTED_EDGE('',*,*,#16601,.T.);
#16825 = TOROIDAL_SURFACE('',#16826,0.425,0.225);
#16826 = AXIS2_PLACEMENT_3D('',#16827,#16828,#16829);
#16827 = CARTESIAN_POINT('',(-6.925,-1.428268100668E-15,0.8495));
#16828 = DIRECTION('',(-1.249318835986E-16,1.,-0.));
#16829 = DIRECTION('',(0.,0.,1.));
#16830 = ADVANCED_FACE('',(#16831),#16858,.T.);
#16831 = FACE_BOUND('',#16832,.T.);
#16832 = EDGE_LOOP('',(#16833,#16834,#16843,#16850,#16851));
#16833 = ORIENTED_EDGE('',*,*,#16635,.T.);
#16834 = ORIENTED_EDGE('',*,*,#16835,.T.);
#16835 = EDGE_CURVE('',#16628,#16836,#16838,.T.);
#16836 = VERTEX_POINT('',#16837);
#16837 = CARTESIAN_POINT('',(-6.925,-0.3,1.4995));
#16838 = CIRCLE('',#16839,0.65);
#16839 = AXIS2_PLACEMENT_3D('',#16840,#16841,#16842);
#16840 = CARTESIAN_POINT('',(-6.925,-0.3,0.8495));
#16841 = DIRECTION('',(-1.249318835986E-16,1.,0.));
#16842 = DIRECTION('',(0.,0.,1.));
#16843 = ORIENTED_EDGE('',*,*,#16844,.F.);
#16844 = EDGE_CURVE('',#24,#16836,#16845,.T.);
#16845 = CIRCLE('',#16846,0.375);
#16846 = AXIS2_PLACEMENT_3D('',#16847,#16848,#16849);
#16847 = CARTESIAN_POINT('',(-6.925,-1.428268100668E-15,1.2745));
#16848 = DIRECTION('',(1.,1.249318835986E-16,-1.367897097256E-14));
#16849 = DIRECTION('',(1.249318835986E-16,-1.,2.446312584876E-30));
#16850 = ORIENTED_EDGE('',*,*,#21,.F.);
#16851 = ORIENTED_EDGE('',*,*,#16852,.F.);
#16852 = EDGE_CURVE('',#16636,#22,#16853,.T.);
#16853 = CIRCLE('',#16854,0.65);
#16854 = AXIS2_PLACEMENT_3D('',#16855,#16856,#16857);
#16855 = CARTESIAN_POINT('',(-6.925,0.3,0.8495));
#16856 = DIRECTION('',(-1.249318835986E-16,1.,0.));
#16857 = DIRECTION('',(0.,0.,1.));
#16858 = TOROIDAL_SURFACE('',#16859,0.425,0.375);
#16859 = AXIS2_PLACEMENT_3D('',#16860,#16861,#16862);
#16860 = CARTESIAN_POINT('',(-6.925,-1.428268100668E-15,0.8495));
#16861 = DIRECTION('',(-1.249318835986E-16,1.,-0.));
#16862 = DIRECTION('',(0.,0.,1.));
#16863 = ADVANCED_FACE('',(#16864),#16875,.T.);
#16864 = FACE_BOUND('',#16865,.T.);
#16865 = EDGE_LOOP('',(#16866,#16867,#16873,#16874));
#16866 = ORIENTED_EDGE('',*,*,#16852,.T.);
#16867 = ORIENTED_EDGE('',*,*,#16868,.T.);
#16868 = EDGE_CURVE('',#22,#16779,#16869,.T.);
#16869 = LINE('',#16870,#16871);
#16870 = CARTESIAN_POINT('',(-6.925,9.,1.4995));
#16871 = VECTOR('',#16872,1.);
#16872 = DIRECTION('',(-1.249318835986E-16,1.,0.));
#16873 = ORIENTED_EDGE('',*,*,#16778,.T.);
#16874 = ORIENTED_EDGE('',*,*,#16661,.F.);
#16875 = CYLINDRICAL_SURFACE('',#16876,0.65);
#16876 = AXIS2_PLACEMENT_3D('',#16877,#16878,#16879);
#16877 = CARTESIAN_POINT('',(-6.925,1.757351555261,0.8495));
#16878 = DIRECTION('',(1.249318835986E-16,-1.,0.));
#16879 = DIRECTION('',(0.,-0.,-1.));
#16880 = ADVANCED_FACE('',(#16881),#16892,.T.);
#16881 = FACE_BOUND('',#16882,.T.);
#16882 = EDGE_LOOP('',(#16883,#16884,#16885,#16886));
#16883 = ORIENTED_EDGE('',*,*,#16835,.F.);
#16884 = ORIENTED_EDGE('',*,*,#16682,.F.);
#16885 = ORIENTED_EDGE('',*,*,#16753,.T.);
#16886 = ORIENTED_EDGE('',*,*,#16887,.T.);
#16887 = EDGE_CURVE('',#16746,#16836,#16888,.T.);
#16888 = LINE('',#16889,#16890);
#16889 = CARTESIAN_POINT('',(-6.925,9.,1.4995));
#16890 = VECTOR('',#16891,1.);
#16891 = DIRECTION('',(-1.249318835986E-16,1.,0.));
#16892 = CYLINDRICAL_SURFACE('',#16893,0.65);
#16893 = AXIS2_PLACEMENT_3D('',#16894,#16895,#16896);
#16894 = CARTESIAN_POINT('',(-6.925,1.757351555261,0.8495));
#16895 = DIRECTION('',(1.249318835986E-16,-1.,0.));
#16896 = DIRECTION('',(0.,-0.,-1.));
#16897 = ADVANCED_FACE('',(#16898),#16909,.F.);
#16898 = FACE_BOUND('',#16899,.F.);
#16899 = EDGE_LOOP('',(#16900,#16901,#16902,#16903));
#16900 = ORIENTED_EDGE('',*,*,#16768,.T.);
#16901 = ORIENTED_EDGE('',*,*,#16702,.F.);
#16902 = ORIENTED_EDGE('',*,*,#16818,.T.);
#16903 = ORIENTED_EDGE('',*,*,#16904,.T.);
#16904 = EDGE_CURVE('',#16810,#16769,#16905,.T.);
#16905 = LINE('',#16906,#16907);
#16906 = CARTESIAN_POINT('',(-6.925,9.,1.3495));
#16907 = VECTOR('',#16908,1.);
#16908 = DIRECTION('',(-1.249318835986E-16,1.,0.));
#16909 = CYLINDRICAL_SURFACE('',#16910,0.5);
#16910 = AXIS2_PLACEMENT_3D('',#16911,#16912,#16913);
#16911 = CARTESIAN_POINT('',(-6.925,1.757351555261,0.8495));
#16912 = DIRECTION('',(1.249318835986E-16,-1.,0.));
#16913 = DIRECTION('',(0.,-0.,-1.));
#16914 = ADVANCED_FACE('',(#16915),#16926,.F.);
#16915 = FACE_BOUND('',#16916,.F.);
#16916 = EDGE_LOOP('',(#16917,#16918,#16924,#16925));
#16917 = ORIENTED_EDGE('',*,*,#16736,.T.);
#16918 = ORIENTED_EDGE('',*,*,#16919,.T.);
#16919 = EDGE_CURVE('',#16737,#64,#16920,.T.);
#16920 = LINE('',#16921,#16922);
#16921 = CARTESIAN_POINT('',(-6.925,9.,1.3495));
#16922 = VECTOR('',#16923,1.);
#16923 = DIRECTION('',(-1.249318835986E-16,1.,0.));
#16924 = ORIENTED_EDGE('',*,*,#16801,.F.);
#16925 = ORIENTED_EDGE('',*,*,#16719,.F.);
#16926 = CYLINDRICAL_SURFACE('',#16927,0.5);
#16927 = AXIS2_PLACEMENT_3D('',#16928,#16929,#16930);
#16928 = CARTESIAN_POINT('',(-6.925,1.757351555261,0.8495));
#16929 = DIRECTION('',(1.249318835986E-16,-1.,0.));
#16930 = DIRECTION('',(0.,-0.,-1.));
#16931 = ADVANCED_FACE('',(#16932),#16943,.F.);
#16932 = FACE_BOUND('',#16933,.T.);
#16933 = EDGE_LOOP('',(#16934,#16935,#16936,#16942));
#16934 = ORIENTED_EDGE('',*,*,#63,.T.);
#16935 = ORIENTED_EDGE('',*,*,#16124,.F.);
#16936 = ORIENTED_EDGE('',*,*,#16937,.F.);
#16937 = EDGE_CURVE('',#16737,#16117,#16938,.T.);
#16938 = LINE('',#16939,#16940);
#16939 = CARTESIAN_POINT('',(-8.35,-0.75,1.3495));
#16940 = VECTOR('',#16941,1.);
#16941 = DIRECTION('',(1.,-6.473765132403E-16,2.486067977623E-16));
#16942 = ORIENTED_EDGE('',*,*,#16919,.T.);
#16943 = PLANE('',#16944);
#16944 = AXIS2_PLACEMENT_3D('',#16945,#16946,#16947);
#16945 = CARTESIAN_POINT('',(-14.5,9.,1.3495));
#16946 = DIRECTION('',(-2.486067977623E-16,-3.105891551988E-32,1.));
#16947 = DIRECTION('',(1.249318835986E-16,-1.,0.));
#16948 = ADVANCED_FACE('',(#16949),#16965,.F.);
#16949 = FACE_BOUND('',#16950,.T.);
#16950 = EDGE_LOOP('',(#16951,#16957,#16958,#16964));
#16951 = ORIENTED_EDGE('',*,*,#16952,.F.);
#16952 = EDGE_CURVE('',#16141,#16769,#16953,.T.);
#16953 = LINE('',#16954,#16955);
#16954 = CARTESIAN_POINT('',(-8.35,0.75,1.3495));
#16955 = VECTOR('',#16956,1.);
#16956 = DIRECTION('',(-1.,-1.134873633311E-15,-2.486067977623E-16));
#16957 = ORIENTED_EDGE('',*,*,#16140,.F.);
#16958 = ORIENTED_EDGE('',*,*,#16959,.F.);
#16959 = EDGE_CURVE('',#16810,#16132,#16960,.T.);
#16960 = LINE('',#16961,#16962);
#16961 = CARTESIAN_POINT('',(-6.925,0.212132034356,1.3495));
#16962 = VECTOR('',#16963,1.);
#16963 = DIRECTION('',(1.,1.249318835986E-16,2.486067977623E-16));
#16964 = ORIENTED_EDGE('',*,*,#16904,.T.);
#16965 = PLANE('',#16966);
#16966 = AXIS2_PLACEMENT_3D('',#16967,#16968,#16969);
#16967 = CARTESIAN_POINT('',(-14.5,9.,1.3495));
#16968 = DIRECTION('',(-2.486067977623E-16,-3.105891551988E-32,1.));
#16969 = DIRECTION('',(1.249318835986E-16,-1.,0.));
#16970 = ADVANCED_FACE('',(#16971),#16977,.F.);
#16971 = FACE_BOUND('',#16972,.F.);
#16972 = EDGE_LOOP('',(#16973,#16974,#16975,#16976));
#16973 = ORIENTED_EDGE('',*,*,#16131,.T.);
#16974 = ORIENTED_EDGE('',*,*,#16959,.F.);
#16975 = ORIENTED_EDGE('',*,*,#16809,.T.);
#16976 = ORIENTED_EDGE('',*,*,#82,.T.);
#16977 = CYLINDRICAL_SURFACE('',#16978,0.225);
#16978 = AXIS2_PLACEMENT_3D('',#16979,#16980,#16981);
#16979 = CARTESIAN_POINT('',(-6.925,-1.428268100668E-15,1.2745));
#16980 = DIRECTION('',(1.,1.249318835986E-16,2.486067977623E-16));
#16981 = DIRECTION('',(-2.486067977623E-16,-3.105891551988E-32,1.));
#16982 = ADVANCED_FACE('',(#16983),#16999,.T.);
#16983 = FACE_BOUND('',#16984,.T.);
#16984 = EDGE_LOOP('',(#16985,#16986,#16992,#16993));
#16985 = ORIENTED_EDGE('',*,*,#16108,.T.);
#16986 = ORIENTED_EDGE('',*,*,#16987,.F.);
#16987 = EDGE_CURVE('',#16836,#16100,#16988,.T.);
#16988 = LINE('',#16989,#16990);
#16989 = CARTESIAN_POINT('',(-6.925,-0.3,1.4995));
#16990 = VECTOR('',#16991,1.);
#16991 = DIRECTION('',(1.,1.249318835986E-16,2.486067977623E-16));
#16992 = ORIENTED_EDGE('',*,*,#16887,.F.);
#16993 = ORIENTED_EDGE('',*,*,#16994,.T.);
#16994 = EDGE_CURVE('',#16746,#16109,#16995,.T.);
#16995 = LINE('',#16996,#16997);
#16996 = CARTESIAN_POINT('',(-8.35,-0.75,1.4995));
#16997 = VECTOR('',#16998,1.);
#16998 = DIRECTION('',(1.,-6.473765132403E-16,2.486067977623E-16));
#16999 = PLANE('',#17000);
#17000 = AXIS2_PLACEMENT_3D('',#17001,#17002,#17003);
#17001 = CARTESIAN_POINT('',(-14.5,9.,1.4995));
#17002 = DIRECTION('',(-2.486067977623E-16,-3.105891551988E-32,1.));
#17003 = DIRECTION('',(1.249318835986E-16,-1.,0.));
#17004 = ADVANCED_FACE('',(#17005),#17016,.T.);
#17005 = FACE_BOUND('',#17006,.T.);
#17006 = EDGE_LOOP('',(#17007,#17008,#17014,#17015));
#17007 = ORIENTED_EDGE('',*,*,#16156,.T.);
#17008 = ORIENTED_EDGE('',*,*,#17009,.T.);
#17009 = EDGE_CURVE('',#16149,#16779,#17010,.T.);
#17010 = LINE('',#17011,#17012);
#17011 = CARTESIAN_POINT('',(-8.35,0.75,1.4995));
#17012 = VECTOR('',#17013,1.);
#17013 = DIRECTION('',(-1.,-1.134873633311E-15,-2.486067977623E-16));
#17014 = ORIENTED_EDGE('',*,*,#16868,.F.);
#17015 = ORIENTED_EDGE('',*,*,#49,.T.);
#17016 = PLANE('',#17017);
#17017 = AXIS2_PLACEMENT_3D('',#17018,#17019,#17020);
#17018 = CARTESIAN_POINT('',(-14.5,9.,1.4995));
#17019 = DIRECTION('',(-2.486067977623E-16,-3.105891551988E-32,1.));
#17020 = DIRECTION('',(1.249318835986E-16,-1.,0.));
#17021 = ADVANCED_FACE('',(#17022),#17028,.T.);
#17022 = FACE_BOUND('',#17023,.T.);
#17023 = EDGE_LOOP('',(#17024,#17025,#17026,#17027));
#17024 = ORIENTED_EDGE('',*,*,#32,.F.);
#17025 = ORIENTED_EDGE('',*,*,#16844,.T.);
#17026 = ORIENTED_EDGE('',*,*,#16987,.T.);
#17027 = ORIENTED_EDGE('',*,*,#16099,.T.);
#17028 = CYLINDRICAL_SURFACE('',#17029,0.375);
#17029 = AXIS2_PLACEMENT_3D('',#17030,#17031,#17032);
#17030 = CARTESIAN_POINT('',(-6.925,-1.428268100668E-15,1.2745));
#17031 = DIRECTION('',(1.,1.249318835986E-16,2.486067977623E-16));
#17032 = DIRECTION('',(-2.486067977623E-16,-3.105891551988E-32,1.));
#17033 = ADVANCED_FACE('',(#17034),#17040,.F.);
#17034 = FACE_BOUND('',#17035,.T.);
#17035 = EDGE_LOOP('',(#17036,#17037,#17038,#17039));
#17036 = ORIENTED_EDGE('',*,*,#17009,.F.);
#17037 = ORIENTED_EDGE('',*,*,#16148,.F.);
#17038 = ORIENTED_EDGE('',*,*,#16952,.T.);
#17039 = ORIENTED_EDGE('',*,*,#16787,.T.);
#17040 = PLANE('',#17041);
#17041 = AXIS2_PLACEMENT_3D('',#17042,#17043,#17044);
#17042 = CARTESIAN_POINT('',(-8.35,0.75,1.4995));
#17043 = DIRECTION('',(1.134873633311E-15,-1.,2.510783843225E-31));
#17044 = DIRECTION('',(1.,1.134873633311E-15,2.486067977623E-16));
#17045 = ADVANCED_FACE('',(#17046),#17052,.F.);
#17046 = FACE_BOUND('',#17047,.T.);
#17047 = EDGE_LOOP('',(#17048,#17049,#17050,#17051));
#17048 = ORIENTED_EDGE('',*,*,#16937,.T.);
#17049 = ORIENTED_EDGE('',*,*,#16116,.F.);
#17050 = ORIENTED_EDGE('',*,*,#16994,.F.);
#17051 = ORIENTED_EDGE('',*,*,#16745,.T.);
#17052 = PLANE('',#17053);
#17053 = AXIS2_PLACEMENT_3D('',#17054,#17055,#17056);
#17054 = CARTESIAN_POINT('',(-8.35,-0.75,1.4995));
#17055 = DIRECTION('',(6.473765132403E-16,1.,1.920011174231E-31));
#17056 = DIRECTION('',(-1.,6.473765132403E-16,-2.486067977623E-16));
#17057 = ADVANCED_FACE('',(#17058,#17064),#17114,.F.);
#17058 = FACE_BOUND('',#17059,.T.);
#17059 = EDGE_LOOP('',(#17060,#17061,#17062,#17063));
#17060 = ORIENTED_EDGE('',*,*,#11380,.T.);
#17061 = ORIENTED_EDGE('',*,*,#11351,.T.);
#17062 = ORIENTED_EDGE('',*,*,#11329,.T.);
#17063 = ORIENTED_EDGE('',*,*,#11291,.T.);
#17064 = FACE_BOUND('',#17065,.T.);
#17065 = EDGE_LOOP('',(#17066,#17067,#17068,#17069,#17070,#17071,#17072,
    #17073,#17074,#17075,#17076,#17077,#17078,#17079,#17080,#17081,
    #17082,#17083,#17084,#17085,#17086,#17087,#17088,#17089,#17090,
    #17091,#17092,#17093,#17094,#17095,#17096,#17097,#17098,#17099,
    #17100,#17101,#17102,#17103,#17104,#17105,#17106,#17107,#17108,
    #17109,#17110,#17111,#17112,#17113));
#17066 = ORIENTED_EDGE('',*,*,#11848,.F.);
#17067 = ORIENTED_EDGE('',*,*,#11550,.F.);
#17068 = ORIENTED_EDGE('',*,*,#11903,.F.);
#17069 = ORIENTED_EDGE('',*,*,#15696,.T.);
#17070 = ORIENTED_EDGE('',*,*,#13128,.T.);
#17071 = ORIENTED_EDGE('',*,*,#15852,.F.);
#17072 = ORIENTED_EDGE('',*,*,#14817,.F.);
#17073 = ORIENTED_EDGE('',*,*,#14848,.F.);
#17074 = ORIENTED_EDGE('',*,*,#14886,.F.);
#17075 = ORIENTED_EDGE('',*,*,#15305,.T.);
#17076 = ORIENTED_EDGE('',*,*,#12995,.T.);
#17077 = ORIENTED_EDGE('',*,*,#12673,.T.);
#17078 = ORIENTED_EDGE('',*,*,#13175,.T.);
#17079 = ORIENTED_EDGE('',*,*,#15296,.T.);
#17080 = ORIENTED_EDGE('',*,*,#15774,.F.);
#17081 = ORIENTED_EDGE('',*,*,#14919,.F.);
#17082 = ORIENTED_EDGE('',*,*,#14957,.F.);
#17083 = ORIENTED_EDGE('',*,*,#15005,.F.);
#17084 = ORIENTED_EDGE('',*,*,#13301,.T.);
#17085 = ORIENTED_EDGE('',*,*,#15453,.T.);
#17086 = ORIENTED_EDGE('',*,*,#13332,.F.);
#17087 = ORIENTED_EDGE('',*,*,#11508,.F.);
#17088 = ORIENTED_EDGE('',*,*,#13387,.F.);
#17089 = ORIENTED_EDGE('',*,*,#15444,.T.);
#17090 = ORIENTED_EDGE('',*,*,#13411,.F.);
#17091 = ORIENTED_EDGE('',*,*,#11466,.F.);
#17092 = ORIENTED_EDGE('',*,*,#13466,.F.);
#17093 = ORIENTED_EDGE('',*,*,#15435,.T.);
#17094 = ORIENTED_EDGE('',*,*,#13490,.T.);
#17095 = ORIENTED_EDGE('',*,*,#15937,.F.);
#17096 = ORIENTED_EDGE('',*,*,#14707,.F.);
#17097 = ORIENTED_EDGE('',*,*,#14738,.F.);
#17098 = ORIENTED_EDGE('',*,*,#14776,.F.);
#17099 = ORIENTED_EDGE('',*,*,#15158,.T.);
#17100 = ORIENTED_EDGE('',*,*,#12917,.T.);
#17101 = ORIENTED_EDGE('',*,*,#12713,.T.);
#17102 = ORIENTED_EDGE('',*,*,#12893,.T.);
#17103 = ORIENTED_EDGE('',*,*,#15149,.T.);
#17104 = ORIENTED_EDGE('',*,*,#16017,.F.);
#17105 = ORIENTED_EDGE('',*,*,#14580,.F.);
#17106 = ORIENTED_EDGE('',*,*,#14618,.F.);
#17107 = ORIENTED_EDGE('',*,*,#14666,.F.);
#17108 = ORIENTED_EDGE('',*,*,#12735,.T.);
#17109 = ORIENTED_EDGE('',*,*,#15714,.T.);
#17110 = ORIENTED_EDGE('',*,*,#11769,.F.);
#17111 = ORIENTED_EDGE('',*,*,#11424,.F.);
#17112 = ORIENTED_EDGE('',*,*,#11824,.F.);
#17113 = ORIENTED_EDGE('',*,*,#15705,.T.);
#17114 = PLANE('',#17115);
#17115 = AXIS2_PLACEMENT_3D('',#17116,#17117,#17118);
#17116 = CARTESIAN_POINT('',(2.983351379772E-34,-2.387982389953E-18,
    0.5495));
#17117 = DIRECTION('',(0.,0.,1.));
#17118 = DIRECTION('',(1.249318835986E-16,-1.,0.));
#17119 = ADVANCED_FACE('',(#17120),#17124,.T.);
#17120 = FACE_BOUND('',#17121,.T.);
#17121 = EDGE_LOOP('',(#17122,#17123));
#17122 = ORIENTED_EDGE('',*,*,#1278,.F.);
#17123 = ORIENTED_EDGE('',*,*,#1387,.T.);
#17124 = PLANE('',#17125);
#17125 = AXIS2_PLACEMENT_3D('',#17126,#17127,#17128);
#17126 = CARTESIAN_POINT('',(2.983351379773E-34,-2.387982389954E-18,
    19.4995));
#17127 = DIRECTION('',(0.,0.,1.));
#17128 = DIRECTION('',(-1.,-3.037693553488E-16,0.));
#17129 = ADVANCED_FACE('',(#17130),#17156,.F.);
#17130 = FACE_BOUND('',#17131,.T.);
#17131 = EDGE_LOOP('',(#17132,#17133,#17134,#17135,#17136,#17137,#17138,
    #17139,#17140,#17141,#17142,#17143,#17144,#17145,#17146,#17147,
    #17148,#17149,#17150,#17151,#17152,#17153,#17154,#17155));
#17132 = ORIENTED_EDGE('',*,*,#8119,.T.);
#17133 = ORIENTED_EDGE('',*,*,#1438,.T.);
#17134 = ORIENTED_EDGE('',*,*,#1160,.F.);
#17135 = ORIENTED_EDGE('',*,*,#15335,.F.);
#17136 = ORIENTED_EDGE('',*,*,#15570,.F.);
#17137 = ORIENTED_EDGE('',*,*,#15601,.F.);
#17138 = ORIENTED_EDGE('',*,*,#15625,.F.);
#17139 = ORIENTED_EDGE('',*,*,#15725,.F.);
#17140 = ORIENTED_EDGE('',*,*,#15657,.F.);
#17141 = ORIENTED_EDGE('',*,*,#15677,.F.);
#17142 = ORIENTED_EDGE('',*,*,#15546,.F.);
#17143 = ORIENTED_EDGE('',*,*,#15117,.F.);
#17144 = ORIENTED_EDGE('',*,*,#1200,.F.);
#17145 = ORIENTED_EDGE('',*,*,#1702,.T.);
#17146 = ORIENTED_EDGE('',*,*,#8387,.T.);
#17147 = ORIENTED_EDGE('',*,*,#8422,.T.);
#17148 = ORIENTED_EDGE('',*,*,#8445,.T.);
#17149 = ORIENTED_EDGE('',*,*,#9030,.T.);
#17150 = ORIENTED_EDGE('',*,*,#9003,.T.);
#17151 = ORIENTED_EDGE('',*,*,#8979,.T.);
#17152 = ORIENTED_EDGE('',*,*,#8954,.T.);
#17153 = ORIENTED_EDGE('',*,*,#8930,.T.);
#17154 = ORIENTED_EDGE('',*,*,#8062,.T.);
#17155 = ORIENTED_EDGE('',*,*,#8105,.T.);
#17156 = PLANE('',#17157);
#17157 = AXIS2_PLACEMENT_3D('',#17158,#17159,#17160);
#17158 = CARTESIAN_POINT('',(4.469571421427,5.7625,2.8245));
#17159 = DIRECTION('',(0.,0.,-1.));
#17160 = DIRECTION('',(-1.249318835986E-16,1.,0.));
#17161 = ADVANCED_FACE('',(#17162),#17188,.F.);
#17162 = FACE_BOUND('',#17163,.T.);
#17163 = EDGE_LOOP('',(#17164,#17165,#17166,#17167,#17168,#17169,#17170,
    #17171,#17172,#17173,#17174,#17175,#17176,#17177,#17178,#17179,
    #17180,#17181,#17182,#17183,#17184,#17185,#17186,#17187));
#17164 = ORIENTED_EDGE('',*,*,#8369,.T.);
#17165 = ORIENTED_EDGE('',*,*,#1604,.T.);
#17166 = ORIENTED_EDGE('',*,*,#1120,.F.);
#17167 = ORIENTED_EDGE('',*,*,#15104,.F.);
#17168 = ORIENTED_EDGE('',*,*,#15182,.F.);
#17169 = ORIENTED_EDGE('',*,*,#12949,.F.);
#17170 = ORIENTED_EDGE('',*,*,#13632,.F.);
#17171 = ORIENTED_EDGE('',*,*,#15464,.F.);
#17172 = ORIENTED_EDGE('',*,*,#15372,.F.);
#17173 = ORIENTED_EDGE('',*,*,#15399,.F.);
#17174 = ORIENTED_EDGE('',*,*,#15416,.F.);
#17175 = ORIENTED_EDGE('',*,*,#15264,.F.);
#17176 = ORIENTED_EDGE('',*,*,#1080,.F.);
#17177 = ORIENTED_EDGE('',*,*,#1536,.T.);
#17178 = ORIENTED_EDGE('',*,*,#8137,.T.);
#17179 = ORIENTED_EDGE('',*,*,#8172,.T.);
#17180 = ORIENTED_EDGE('',*,*,#8202,.T.);
#17181 = ORIENTED_EDGE('',*,*,#8915,.T.);
#17182 = ORIENTED_EDGE('',*,*,#8888,.T.);
#17183 = ORIENTED_EDGE('',*,*,#8864,.T.);
#17184 = ORIENTED_EDGE('',*,*,#8839,.T.);
#17185 = ORIENTED_EDGE('',*,*,#8815,.T.);
#17186 = ORIENTED_EDGE('',*,*,#8312,.T.);
#17187 = ORIENTED_EDGE('',*,*,#8355,.T.);
#17188 = PLANE('',#17189);
#17189 = AXIS2_PLACEMENT_3D('',#17190,#17191,#17192);
#17190 = CARTESIAN_POINT('',(4.469571421427,5.7625,2.8245));
#17191 = DIRECTION('',(0.,0.,-1.));
#17192 = DIRECTION('',(-1.249318835986E-16,1.,0.));
#17193 = ORIENTED_CLOSED_SHELL('',*,#17194,.F.);
#17194 = CLOSED_SHELL('',(#17195,#17228,#17260,#17284,#17301));
#17195 = ADVANCED_FACE('',(#17196),#17223,.F.);
#17196 = FACE_BOUND('',#17197,.F.);
#17197 = EDGE_LOOP('',(#17198,#17209,#17217));
#17198 = ORIENTED_EDGE('',*,*,#17199,.F.);
#17199 = EDGE_CURVE('',#17200,#17202,#17204,.T.);
#17200 = VERTEX_POINT('',#17201);
#17201 = CARTESIAN_POINT('',(-4.3,-3.865310466185,2.6995));
#17202 = VERTEX_POINT('',#17203);
#17203 = CARTESIAN_POINT('',(-3.223449239557,-4.8,2.6995));
#17204 = CIRCLE('',#17205,5.781922258211);
#17205 = AXIS2_PLACEMENT_3D('',#17206,#17207,#17208);
#17206 = CARTESIAN_POINT('',(5.049701140105E-16,-2.91674781658E-15,
    2.6995));
#17207 = DIRECTION('',(-0.,0.,1.));
#17208 = DIRECTION('',(1.249318835986E-16,-1.,0.));
#17209 = ORIENTED_EDGE('',*,*,#17210,.T.);
#17210 = EDGE_CURVE('',#17200,#17211,#17213,.T.);
#17211 = VERTEX_POINT('',#17212);
#17212 = CARTESIAN_POINT('',(-4.3,-4.8,2.6995));
#17213 = LINE('',#17214,#17215);
#17214 = CARTESIAN_POINT('',(-4.3,-4.85,2.6995));
#17215 = VECTOR('',#17216,1.);
#17216 = DIRECTION('',(-8.663386741024E-16,-1.,-1.224606353822E-16));
#17217 = ORIENTED_EDGE('',*,*,#17218,.T.);
#17218 = EDGE_CURVE('',#17211,#17202,#17219,.T.);
#17219 = LINE('',#17220,#17221);
#17220 = CARTESIAN_POINT('',(-5.,-4.8,2.6995));
#17221 = VECTOR('',#17222,1.);
#17222 = DIRECTION('',(1.,1.249318835986E-16,-2.486067977623E-16));
#17223 = PLANE('',#17224);
#17224 = AXIS2_PLACEMENT_3D('',#17225,#17226,#17227);
#17225 = CARTESIAN_POINT('',(-5.,-4.85,2.6995));
#17226 = DIRECTION('',(2.486067977623E-16,-1.224606353822E-16,1.));
#17227 = DIRECTION('',(-1.249318835986E-16,1.,1.224606353822E-16));
#17228 = ADVANCED_FACE('',(#17229),#17255,.F.);
#17229 = FACE_BOUND('',#17230,.F.);
#17230 = EDGE_LOOP('',(#17231,#17242,#17248,#17249));
#17231 = ORIENTED_EDGE('',*,*,#17232,.T.);
#17232 = EDGE_CURVE('',#17233,#17235,#17237,.T.);
#17233 = VERTEX_POINT('',#17234);
#17234 = CARTESIAN_POINT('',(-3.223449239557,-4.8,2.8245));
#17235 = VERTEX_POINT('',#17236);
#17236 = CARTESIAN_POINT('',(-4.3,-3.865310466185,2.8245));
#17237 = CIRCLE('',#17238,5.781922258211);
#17238 = AXIS2_PLACEMENT_3D('',#17239,#17240,#17241);
#17239 = CARTESIAN_POINT('',(5.049701140105E-16,-2.91674781658E-15,
    2.8245));
#17240 = DIRECTION('',(0.,0.,-1.));
#17241 = DIRECTION('',(1.,3.037693553488E-16,0.));
#17242 = ORIENTED_EDGE('',*,*,#17243,.F.);
#17243 = EDGE_CURVE('',#17200,#17235,#17244,.T.);
#17244 = LINE('',#17245,#17246);
#17245 = CARTESIAN_POINT('',(-4.3,-3.865310466185,3.6995));
#17246 = VECTOR('',#17247,1.);
#17247 = DIRECTION('',(0.,0.,1.));
#17248 = ORIENTED_EDGE('',*,*,#17199,.T.);
#17249 = ORIENTED_EDGE('',*,*,#17250,.F.);
#17250 = EDGE_CURVE('',#17233,#17202,#17251,.T.);
#17251 = LINE('',#17252,#17253);
#17252 = CARTESIAN_POINT('',(-3.223449239557,-4.8,3.6995));
#17253 = VECTOR('',#17254,1.);
#17254 = DIRECTION('',(-0.,0.,-1.));
#17255 = CYLINDRICAL_SURFACE('',#17256,5.781922258211);
#17256 = AXIS2_PLACEMENT_3D('',#17257,#17258,#17259);
#17257 = CARTESIAN_POINT('',(5.049701140105E-16,-2.91674781658E-15,
    3.6995));
#17258 = DIRECTION('',(-0.,0.,-1.));
#17259 = DIRECTION('',(-1.249318835986E-16,1.,0.));
#17260 = ADVANCED_FACE('',(#17261),#17279,.T.);
#17261 = FACE_BOUND('',#17262,.F.);
#17262 = EDGE_LOOP('',(#17263,#17264,#17265,#17273));
#17263 = ORIENTED_EDGE('',*,*,#17250,.T.);
#17264 = ORIENTED_EDGE('',*,*,#17218,.F.);
#17265 = ORIENTED_EDGE('',*,*,#17266,.T.);
#17266 = EDGE_CURVE('',#17211,#17267,#17269,.T.);
#17267 = VERTEX_POINT('',#17268);
#17268 = CARTESIAN_POINT('',(-4.3,-4.8,2.8245));
#17269 = LINE('',#17270,#17271);
#17270 = CARTESIAN_POINT('',(-4.3,-4.8,0.5995));
#17271 = VECTOR('',#17272,1.);
#17272 = DIRECTION('',(-2.486067977623E-16,-1.050146253843E-31,1.));
#17273 = ORIENTED_EDGE('',*,*,#17274,.T.);
#17274 = EDGE_CURVE('',#17267,#17233,#17275,.T.);
#17275 = LINE('',#17276,#17277);
#17276 = CARTESIAN_POINT('',(-4.3,-4.8,2.8245));
#17277 = VECTOR('',#17278,1.);
#17278 = DIRECTION('',(1.,1.249318835986E-16,0.));
#17279 = PLANE('',#17280);
#17280 = AXIS2_PLACEMENT_3D('',#17281,#17282,#17283);
#17281 = CARTESIAN_POINT('',(-4.3,-4.8,0.5995));
#17282 = DIRECTION('',(1.249318835986E-16,-1.,-7.395570986447E-32));
#17283 = DIRECTION('',(2.486067977623E-16,1.050146253843E-31,-1.));
#17284 = ADVANCED_FACE('',(#17285),#17296,.T.);
#17285 = FACE_BOUND('',#17286,.F.);
#17286 = EDGE_LOOP('',(#17287,#17288,#17289,#17295));
#17287 = ORIENTED_EDGE('',*,*,#17210,.F.);
#17288 = ORIENTED_EDGE('',*,*,#17243,.T.);
#17289 = ORIENTED_EDGE('',*,*,#17290,.T.);
#17290 = EDGE_CURVE('',#17235,#17267,#17291,.T.);
#17291 = LINE('',#17292,#17293);
#17292 = CARTESIAN_POINT('',(-4.3,-4.8,2.8245));
#17293 = VECTOR('',#17294,1.);
#17294 = DIRECTION('',(3.835044685732E-14,-1.,0.));
#17295 = ORIENTED_EDGE('',*,*,#17266,.F.);
#17296 = PLANE('',#17297);
#17297 = AXIS2_PLACEMENT_3D('',#17298,#17299,#17300);
#17298 = CARTESIAN_POINT('',(-4.3,-3.05,0.5995));
#17299 = DIRECTION('',(-1.,8.663386741024E-16,-2.486067977623E-16));
#17300 = DIRECTION('',(-8.663386741024E-16,-1.,-2.21784695778E-31));
#17301 = ADVANCED_FACE('',(#17302),#17307,.F.);
#17302 = FACE_BOUND('',#17303,.F.);
#17303 = EDGE_LOOP('',(#17304,#17305,#17306));
#17304 = ORIENTED_EDGE('',*,*,#17290,.F.);
#17305 = ORIENTED_EDGE('',*,*,#17232,.F.);
#17306 = ORIENTED_EDGE('',*,*,#17274,.F.);
#17307 = PLANE('',#17308);
#17308 = AXIS2_PLACEMENT_3D('',#17309,#17310,#17311);
#17309 = CARTESIAN_POINT('',(4.469571421427,5.7625,2.8245));
#17310 = DIRECTION('',(0.,0.,-1.));
#17311 = DIRECTION('',(-1.249318835986E-16,1.,0.));
#17312 = ORIENTED_CLOSED_SHELL('',*,#17313,.F.);
#17313 = CLOSED_SHELL('',(#17314,#17347,#17379,#17403,#17420));
#17314 = ADVANCED_FACE('',(#17315),#17342,.F.);
#17315 = FACE_BOUND('',#17316,.F.);
#17316 = EDGE_LOOP('',(#17317,#17327,#17335));
#17317 = ORIENTED_EDGE('',*,*,#17318,.T.);
#17318 = EDGE_CURVE('',#17319,#17321,#17323,.T.);
#17319 = VERTEX_POINT('',#17320);
#17320 = CARTESIAN_POINT('',(-3.223449239557,4.8,2.6995));
#17321 = VERTEX_POINT('',#17322);
#17322 = CARTESIAN_POINT('',(-4.3,4.8,2.6995));
#17323 = LINE('',#17324,#17325);
#17324 = CARTESIAN_POINT('',(-5.,4.8,2.6995));
#17325 = VECTOR('',#17326,1.);
#17326 = DIRECTION('',(-1.,-4.002848162934E-16,2.486067977623E-16));
#17327 = ORIENTED_EDGE('',*,*,#17328,.T.);
#17328 = EDGE_CURVE('',#17321,#17329,#17331,.T.);
#17329 = VERTEX_POINT('',#17330);
#17330 = CARTESIAN_POINT('',(-4.3,3.865310466185,2.6995));
#17331 = LINE('',#17332,#17333);
#17332 = CARTESIAN_POINT('',(-4.3,-4.85,2.6995));
#17333 = VECTOR('',#17334,1.);
#17334 = DIRECTION('',(1.249318835986E-16,-1.,-1.224606353822E-16));
#17335 = ORIENTED_EDGE('',*,*,#17336,.F.);
#17336 = EDGE_CURVE('',#17319,#17329,#17337,.T.);
#17337 = CIRCLE('',#17338,5.781922258211);
#17338 = AXIS2_PLACEMENT_3D('',#17339,#17340,#17341);
#17339 = CARTESIAN_POINT('',(5.049701140105E-16,-2.91674781658E-15,
    2.6995));
#17340 = DIRECTION('',(-0.,0.,1.));
#17341 = DIRECTION('',(1.249318835986E-16,-1.,0.));
#17342 = PLANE('',#17343);
#17343 = AXIS2_PLACEMENT_3D('',#17344,#17345,#17346);
#17344 = CARTESIAN_POINT('',(-5.,-4.85,2.6995));
#17345 = DIRECTION('',(2.486067977623E-16,-1.224606353822E-16,1.));
#17346 = DIRECTION('',(-1.249318835986E-16,1.,1.224606353822E-16));
#17347 = ADVANCED_FACE('',(#17348),#17374,.F.);
#17348 = FACE_BOUND('',#17349,.F.);
#17349 = EDGE_LOOP('',(#17350,#17358,#17367,#17373));
#17350 = ORIENTED_EDGE('',*,*,#17351,.F.);
#17351 = EDGE_CURVE('',#17352,#17329,#17354,.T.);
#17352 = VERTEX_POINT('',#17353);
#17353 = CARTESIAN_POINT('',(-4.3,3.865310466185,2.8245));
#17354 = LINE('',#17355,#17356);
#17355 = CARTESIAN_POINT('',(-4.3,3.865310466185,3.6995));
#17356 = VECTOR('',#17357,1.);
#17357 = DIRECTION('',(-0.,0.,-1.));
#17358 = ORIENTED_EDGE('',*,*,#17359,.T.);
#17359 = EDGE_CURVE('',#17352,#17360,#17362,.T.);
#17360 = VERTEX_POINT('',#17361);
#17361 = CARTESIAN_POINT('',(-3.223449239557,4.8,2.8245));
#17362 = CIRCLE('',#17363,5.781922258211);
#17363 = AXIS2_PLACEMENT_3D('',#17364,#17365,#17366);
#17364 = CARTESIAN_POINT('',(5.049701140105E-16,-2.91674781658E-15,
    2.8245));
#17365 = DIRECTION('',(0.,0.,-1.));
#17366 = DIRECTION('',(1.,3.037693553488E-16,0.));
#17367 = ORIENTED_EDGE('',*,*,#17368,.F.);
#17368 = EDGE_CURVE('',#17319,#17360,#17369,.T.);
#17369 = LINE('',#17370,#17371);
#17370 = CARTESIAN_POINT('',(-3.223449239557,4.8,3.6995));
#17371 = VECTOR('',#17372,1.);
#17372 = DIRECTION('',(0.,0.,1.));
#17373 = ORIENTED_EDGE('',*,*,#17336,.T.);
#17374 = CYLINDRICAL_SURFACE('',#17375,5.781922258211);
#17375 = AXIS2_PLACEMENT_3D('',#17376,#17377,#17378);
#17376 = CARTESIAN_POINT('',(5.049701140105E-16,-2.91674781658E-15,
    3.6995));
#17377 = DIRECTION('',(-0.,0.,-1.));
#17378 = DIRECTION('',(-1.249318835986E-16,1.,0.));
#17379 = ADVANCED_FACE('',(#17380),#17398,.T.);
#17380 = FACE_BOUND('',#17381,.F.);
#17381 = EDGE_LOOP('',(#17382,#17390,#17396,#17397));
#17382 = ORIENTED_EDGE('',*,*,#17383,.T.);
#17383 = EDGE_CURVE('',#17360,#17384,#17386,.T.);
#17384 = VERTEX_POINT('',#17385);
#17385 = CARTESIAN_POINT('',(-4.3,4.8,2.8245));
#17386 = LINE('',#17387,#17388);
#17387 = CARTESIAN_POINT('',(2.,4.8,2.8245));
#17388 = VECTOR('',#17389,1.);
#17389 = DIRECTION('',(-1.,-4.002848162934E-16,0.));
#17390 = ORIENTED_EDGE('',*,*,#17391,.F.);
#17391 = EDGE_CURVE('',#17321,#17384,#17392,.T.);
#17392 = LINE('',#17393,#17394);
#17393 = CARTESIAN_POINT('',(-4.3,4.8,0.5995));
#17394 = VECTOR('',#17395,1.);
#17395 = DIRECTION('',(-2.486067977623E-16,-1.050146253843E-31,1.));
#17396 = ORIENTED_EDGE('',*,*,#17318,.F.);
#17397 = ORIENTED_EDGE('',*,*,#17368,.T.);
#17398 = PLANE('',#17399);
#17399 = AXIS2_PLACEMENT_3D('',#17400,#17401,#17402);
#17400 = CARTESIAN_POINT('',(2.,4.8,0.5995));
#17401 = DIRECTION('',(-4.002848162934E-16,1.,-9.310651413986E-32));
#17402 = DIRECTION('',(-1.,-4.002848162934E-16,-2.486067977623E-16));
#17403 = ADVANCED_FACE('',(#17404),#17415,.T.);
#17404 = FACE_BOUND('',#17405,.F.);
#17405 = EDGE_LOOP('',(#17406,#17407,#17408,#17414));
#17406 = ORIENTED_EDGE('',*,*,#17328,.F.);
#17407 = ORIENTED_EDGE('',*,*,#17391,.T.);
#17408 = ORIENTED_EDGE('',*,*,#17409,.T.);
#17409 = EDGE_CURVE('',#17384,#17352,#17410,.T.);
#17410 = LINE('',#17411,#17412);
#17411 = CARTESIAN_POINT('',(-4.3,3.865310466185,2.8245));
#17412 = VECTOR('',#17413,1.);
#17413 = DIRECTION('',(-3.867087589057E-14,-1.,0.));
#17414 = ORIENTED_EDGE('',*,*,#17351,.T.);
#17415 = PLANE('',#17416);
#17416 = AXIS2_PLACEMENT_3D('',#17417,#17418,#17419);
#17417 = CARTESIAN_POINT('',(-4.3,4.8,0.5995));
#17418 = DIRECTION('',(-1.,-1.249318835986E-16,-2.486067977623E-16));
#17419 = DIRECTION('',(2.486067977623E-16,1.050146253843E-31,-1.));
#17420 = ADVANCED_FACE('',(#17421),#17426,.F.);
#17421 = FACE_BOUND('',#17422,.F.);
#17422 = EDGE_LOOP('',(#17423,#17424,#17425));
#17423 = ORIENTED_EDGE('',*,*,#17409,.F.);
#17424 = ORIENTED_EDGE('',*,*,#17383,.F.);
#17425 = ORIENTED_EDGE('',*,*,#17359,.F.);
#17426 = PLANE('',#17427);
#17427 = AXIS2_PLACEMENT_3D('',#17428,#17429,#17430);
#17428 = CARTESIAN_POINT('',(4.469571421427,5.7625,2.8245));
#17429 = DIRECTION('',(0.,0.,-1.));
#17430 = DIRECTION('',(-1.249318835986E-16,1.,0.));
#17431 = ( GEOMETRIC_REPRESENTATION_CONTEXT(3) 
GLOBAL_UNCERTAINTY_ASSIGNED_CONTEXT((#17435)) 
GLOBAL_UNIT_ASSIGNED_CONTEXT((#17432,#17433,#17434)) 
REPRESENTATION_CONTEXT('Context #1',
  '3D Context with UNIT and UNCERTAINTY') );
#17432 = ( LENGTH_UNIT() NAMED_UNIT(*) SI_UNIT(.MILLI.,.METRE.) );
#17433 = ( NAMED_UNIT(*) PLANE_ANGLE_UNIT() SI_UNIT($,.RADIAN.) );
#17434 = ( NAMED_UNIT(*) SI_UNIT($,.STERADIAN.) SOLID_ANGLE_UNIT() );
#17435 = UNCERTAINTY_MEASURE_WITH_UNIT(LENGTH_MEASURE(1.E-05),#17432,
  'distance_accuracy_value','confusion accuracy');
#17436 = PRODUCT_RELATED_PRODUCT_CATEGORY('part',$,(#7));
ENDSEC;
END-ISO-10303-21;
