ISO-10303-21;
HEADER;
FILE_DESCRIPTION(('FreeCAD Model'),'2;1');
FILE_NAME('Open CASCADE Shape Model','2026-08-22T11:55:07',('FreeCAD'),(
    'FreeCAD'),'Open CASCADE STEP processor 7.9','FreeCAD','Unknown');
FILE_SCHEMA(('AUTOMOTIVE_DESIGN { 1 0 10303 214 1 1 1 1 }'));
ENDSEC;
DATA;
#1 = APPLICATION_PROTOCOL_DEFINITION('international standard',
  'automotive_design',2000,#2);
#2 = APPLICATION_CONTEXT(
  'core data for automotive mechanical design processes');
#3 = SHAPE_DEFINITION_REPRESENTATION(#4,#10);
#4 = PRODUCT_DEFINITION_SHAPE('','',#5);
#5 = PRODUCT_DEFINITION('design','',#6,#9);
#6 = PRODUCT_DEFINITION_FORMATION('','',#7);
#7 = PRODUCT('Open CASCADE STEP translator 7.9 1',
  'Open CASCADE STEP translator 7.9 1','',(#8));
#8 = PRODUCT_CONTEXT('',#2,'mechanical');
#9 = PRODUCT_DEFINITION_CONTEXT('part definition',#2,'design');
#10 = SHAPE_REPRESENTATION('',(#11,#15,#3584,#3734),#3884);
#11 = AXIS2_PLACEMENT_3D('',#12,#13,#14);
#12 = CARTESIAN_POINT('',(0.,0.,0.));
#13 = DIRECTION('',(0.,0.,1.));
#14 = DIRECTION('',(1.,0.,-0.));
#15 = MANIFOLD_SOLID_BREP('',#16);
#16 = CLOSED_SHELL('',(#17,#57,#97,#137,#177,#217,#257,#297,#337,#377,
    #417,#459,#500,#1058,#1083,#1107,#1119,#1143,#1174,#1198,#1222,#1239
    ,#1270,#1294,#1318,#1335,#1366,#1390,#1414,#1431,#1462,#1486,#1510,
    #1527,#1558,#1582,#1606,#1623,#1654,#1678,#1702,#1719,#1750,#1774,
    #1798,#1815,#1846,#1870,#1894,#1911,#1942,#1966,#1990,#2007,#2038,
    #2062,#2086,#2110,#2141,#2165,#2190,#2215,#2240,#2265,#2290,#2315,
    #2340,#2365,#2390,#2415,#2440,#2465,#2496,#2521,#2545,#2563,#2588,
    #2613,#2638,#2663,#2688,#2713,#2738,#2763,#2794,#2819,#2843,#2861,
    #2886,#2911,#2936,#2961,#2986,#3011,#3042,#3067,#3091,#3109,#3134,
    #3159,#3190,#3215,#3239,#3257,#3282,#3313,#3346,#3363,#3380,#3397));
#17 = ADVANCED_FACE('',(#18),#52,.T.);
#18 = FACE_BOUND('',#19,.T.);
#19 = EDGE_LOOP('',(#20,#30,#38,#46));
#20 = ORIENTED_EDGE('',*,*,#21,.T.);
#21 = EDGE_CURVE('',#22,#24,#26,.T.);
#22 = VERTEX_POINT('',#23);
#23 = CARTESIAN_POINT('',(-6.30682901624,8.866036436908,-3.14));
#24 = VERTEX_POINT('',#25);
#25 = CARTESIAN_POINT('',(-6.30682901624,7.517350003033,-3.14));
#26 = LINE('',#27,#28);
#27 = CARTESIAN_POINT('',(-6.30682901624,7.517350003033,-3.14));
#28 = VECTOR('',#29,1.);
#29 = DIRECTION('',(1.110223024625E-16,-1.,0.));
#30 = ORIENTED_EDGE('',*,*,#31,.T.);
#31 = EDGE_CURVE('',#24,#32,#34,.T.);
#32 = VERTEX_POINT('',#33);
#33 = CARTESIAN_POINT('',(-5.121619725865,7.517350003033,-3.14));
#34 = LINE('',#35,#36);
#35 = CARTESIAN_POINT('',(-5.121619725865,7.517350003033,-3.14));
#36 = VECTOR('',#37,1.);
#37 = DIRECTION('',(1.,1.110223024625E-16,0.));
#38 = ORIENTED_EDGE('',*,*,#39,.T.);
#39 = EDGE_CURVE('',#32,#40,#42,.T.);
#40 = VERTEX_POINT('',#41);
#41 = CARTESIAN_POINT('',(-5.121619725865,8.866036436908,-3.14));
#42 = LINE('',#43,#44);
#43 = CARTESIAN_POINT('',(-5.121619725865,8.866036436908,-3.14));
#44 = VECTOR('',#45,1.);
#45 = DIRECTION('',(-1.110223024625E-16,1.,0.));
#46 = ORIENTED_EDGE('',*,*,#47,.T.);
#47 = EDGE_CURVE('',#40,#22,#48,.T.);
#48 = LINE('',#49,#50);
#49 = CARTESIAN_POINT('',(-6.30682901624,8.866036436908,-3.14));
#50 = VECTOR('',#51,1.);
#51 = DIRECTION('',(-1.,-1.110223024625E-16,0.));
#52 = PLANE('',#53);
#53 = AXIS2_PLACEMENT_3D('',#54,#55,#56);
#54 = CARTESIAN_POINT('',(-5.714224371052,8.191693219971,-3.14));
#55 = DIRECTION('',(0.,0.,1.));
#56 = DIRECTION('',(1.110223024625E-16,-1.,0.));
#57 = ADVANCED_FACE('',(#58),#92,.T.);
#58 = FACE_BOUND('',#59,.T.);
#59 = EDGE_LOOP('',(#60,#70,#78,#86));
#60 = ORIENTED_EDGE('',*,*,#61,.T.);
#61 = EDGE_CURVE('',#62,#64,#66,.T.);
#62 = VERTEX_POINT('',#63);
#63 = CARTESIAN_POINT('',(1.284691897273,6.117830224087,-3.14));
#64 = VERTEX_POINT('',#65);
#65 = CARTESIAN_POINT('',(4.440899262603,6.117830224087,-3.14));
#66 = LINE('',#67,#68);
#67 = CARTESIAN_POINT('',(1.284691897273,6.117830224087,-3.14));
#68 = VECTOR('',#69,1.);
#69 = DIRECTION('',(1.,1.110223024625E-16,0.));
#70 = ORIENTED_EDGE('',*,*,#71,.T.);
#71 = EDGE_CURVE('',#64,#72,#74,.T.);
#72 = VERTEX_POINT('',#73);
#73 = CARTESIAN_POINT('',(4.440899262603,7.947360595177,-3.14));
#74 = LINE('',#75,#76);
#75 = CARTESIAN_POINT('',(4.440899262603,6.117830224087,-3.14));
#76 = VECTOR('',#77,1.);
#77 = DIRECTION('',(-1.110223024625E-16,1.,0.));
#78 = ORIENTED_EDGE('',*,*,#79,.T.);
#79 = EDGE_CURVE('',#72,#80,#82,.T.);
#80 = VERTEX_POINT('',#81);
#81 = CARTESIAN_POINT('',(1.284691897273,7.947360595177,-3.14));
#82 = LINE('',#83,#84);
#83 = CARTESIAN_POINT('',(4.440899262603,7.947360595177,-3.14));
#84 = VECTOR('',#85,1.);
#85 = DIRECTION('',(-1.,-1.110223024625E-16,0.));
#86 = ORIENTED_EDGE('',*,*,#87,.T.);
#87 = EDGE_CURVE('',#80,#62,#88,.T.);
#88 = LINE('',#89,#90);
#89 = CARTESIAN_POINT('',(1.284691897273,7.947360595177,-3.14));
#90 = VECTOR('',#91,1.);
#91 = DIRECTION('',(1.110223024625E-16,-1.,0.));
#92 = PLANE('',#93);
#93 = AXIS2_PLACEMENT_3D('',#94,#95,#96);
#94 = CARTESIAN_POINT('',(2.862795579938,7.032595409632,-3.14));
#95 = DIRECTION('',(0.,0.,1.));
#96 = DIRECTION('',(1.110223024625E-16,-1.,0.));
#97 = ADVANCED_FACE('',(#98),#132,.T.);
#98 = FACE_BOUND('',#99,.T.);
#99 = EDGE_LOOP('',(#100,#110,#118,#126));
#100 = ORIENTED_EDGE('',*,*,#101,.T.);
#101 = EDGE_CURVE('',#102,#104,#106,.T.);
#102 = VERTEX_POINT('',#103);
#103 = CARTESIAN_POINT('',(-5.057945766132,4.417028202674,-3.14));
#104 = VERTEX_POINT('',#105);
#105 = CARTESIAN_POINT('',(-5.057945766132,1.142980994577,-3.14));
#106 = LINE('',#107,#108);
#107 = CARTESIAN_POINT('',(-5.057945766132,1.142980994577,-3.14));
#108 = VECTOR('',#109,1.);
#109 = DIRECTION('',(1.110223024625E-16,-1.,0.));
#110 = ORIENTED_EDGE('',*,*,#111,.T.);
#111 = EDGE_CURVE('',#104,#112,#114,.T.);
#112 = VERTEX_POINT('',#113);
#113 = CARTESIAN_POINT('',(-2.572412545325,1.142980994577,-3.14));
#114 = LINE('',#115,#116);
#115 = CARTESIAN_POINT('',(-2.572412545325,1.142980994577,-3.14));
#116 = VECTOR('',#117,1.);
#117 = DIRECTION('',(1.,1.110223024625E-16,0.));
#118 = ORIENTED_EDGE('',*,*,#119,.T.);
#119 = EDGE_CURVE('',#112,#120,#122,.T.);
#120 = VERTEX_POINT('',#121);
#121 = CARTESIAN_POINT('',(-2.572412545325,4.417028202674,-3.14));
#122 = LINE('',#123,#124);
#123 = CARTESIAN_POINT('',(-2.572412545325,4.417028202674,-3.14));
#124 = VECTOR('',#125,1.);
#125 = DIRECTION('',(-1.110223024625E-16,1.,0.));
#126 = ORIENTED_EDGE('',*,*,#127,.T.);
#127 = EDGE_CURVE('',#120,#102,#128,.T.);
#128 = LINE('',#129,#130);
#129 = CARTESIAN_POINT('',(-5.057945766132,4.417028202674,-3.14));
#130 = VECTOR('',#131,1.);
#131 = DIRECTION('',(-1.,-1.110223024625E-16,0.));
#132 = PLANE('',#133);
#133 = AXIS2_PLACEMENT_3D('',#134,#135,#136);
#134 = CARTESIAN_POINT('',(-3.815179155728,2.780004598626,-3.14));
#135 = DIRECTION('',(0.,0.,1.));
#136 = DIRECTION('',(1.110223024625E-16,-1.,0.));
#137 = ADVANCED_FACE('',(#138),#172,.T.);
#138 = FACE_BOUND('',#139,.T.);
#139 = EDGE_LOOP('',(#140,#150,#158,#166));
#140 = ORIENTED_EDGE('',*,*,#141,.T.);
#141 = EDGE_CURVE('',#142,#144,#146,.T.);
#142 = VERTEX_POINT('',#143);
#143 = CARTESIAN_POINT('',(2.320849592711,4.640011687454,-3.14));
#144 = VERTEX_POINT('',#145);
#145 = CARTESIAN_POINT('',(2.320849592711,1.52913207986,-3.14));
#146 = LINE('',#147,#148);
#147 = CARTESIAN_POINT('',(2.320849592711,1.52913207986,-3.14));
#148 = VECTOR('',#149,1.);
#149 = DIRECTION('',(1.110223024625E-16,-1.,0.));
#150 = ORIENTED_EDGE('',*,*,#151,.T.);
#151 = EDGE_CURVE('',#144,#152,#154,.T.);
#152 = VERTEX_POINT('',#153);
#153 = CARTESIAN_POINT('',(3.741566263895,1.52913207986,-3.14));
#154 = LINE('',#155,#156);
#155 = CARTESIAN_POINT('',(3.741566263895,1.52913207986,-3.14));
#156 = VECTOR('',#157,1.);
#157 = DIRECTION('',(1.,1.110223024625E-16,0.));
#158 = ORIENTED_EDGE('',*,*,#159,.T.);
#159 = EDGE_CURVE('',#152,#160,#162,.T.);
#160 = VERTEX_POINT('',#161);
#161 = CARTESIAN_POINT('',(3.741566263895,4.640011687454,-3.14));
#162 = LINE('',#163,#164);
#163 = CARTESIAN_POINT('',(3.741566263895,4.640011687454,-3.14));
#164 = VECTOR('',#165,1.);
#165 = DIRECTION('',(-1.110223024625E-16,1.,0.));
#166 = ORIENTED_EDGE('',*,*,#167,.T.);
#167 = EDGE_CURVE('',#160,#142,#168,.T.);
#168 = LINE('',#169,#170);
#169 = CARTESIAN_POINT('',(2.320849592711,4.640011687454,-3.14));
#170 = VECTOR('',#171,1.);
#171 = DIRECTION('',(-1.,-1.110223024625E-16,0.));
#172 = PLANE('',#173);
#173 = AXIS2_PLACEMENT_3D('',#174,#175,#176);
#174 = CARTESIAN_POINT('',(3.031207928303,3.084571883657,-3.14));
#175 = DIRECTION('',(0.,0.,1.));
#176 = DIRECTION('',(1.110223024625E-16,-1.,0.));
#177 = ADVANCED_FACE('',(#178),#212,.T.);
#178 = FACE_BOUND('',#179,.T.);
#179 = EDGE_LOOP('',(#180,#190,#198,#206));
#180 = ORIENTED_EDGE('',*,*,#181,.T.);
#181 = EDGE_CURVE('',#182,#184,#186,.T.);
#182 = VERTEX_POINT('',#183);
#183 = CARTESIAN_POINT('',(-5.003807304221,-5.630055399691,-3.14));
#184 = VERTEX_POINT('',#185);
#185 = CARTESIAN_POINT('',(1.7763568394E-15,-10.55915256768,-3.14));
#186 = LINE('',#187,#188);
#187 = CARTESIAN_POINT('',(-5.003807304221,-5.630055399691,-3.14));
#188 = VECTOR('',#189,1.);
#189 = DIRECTION('',(0.712405119226,-0.701768441938,0.));
#190 = ORIENTED_EDGE('',*,*,#191,.T.);
#191 = EDGE_CURVE('',#184,#192,#194,.T.);
#192 = VERTEX_POINT('',#193);
#193 = CARTESIAN_POINT('',(5.016392333001,-5.466726968991,-3.14));
#194 = LINE('',#195,#196);
#195 = CARTESIAN_POINT('',(1.7763568394E-15,-10.55915256768,-3.14));
#196 = VECTOR('',#197,1.);
#197 = DIRECTION('',(0.701768441938,0.712405119226,0.));
#198 = ORIENTED_EDGE('',*,*,#199,.T.);
#199 = EDGE_CURVE('',#192,#200,#202,.T.);
#200 = VERTEX_POINT('',#201);
#201 = CARTESIAN_POINT('',(1.25850287794E-02,-0.537629801001,-3.14));
#202 = LINE('',#203,#204);
#203 = CARTESIAN_POINT('',(5.016392333001,-5.466726968991,-3.14));
#204 = VECTOR('',#205,1.);
#205 = DIRECTION('',(-0.712405119226,0.701768441938,0.));
#206 = ORIENTED_EDGE('',*,*,#207,.T.);
#207 = EDGE_CURVE('',#200,#182,#208,.T.);
#208 = LINE('',#209,#210);
#209 = CARTESIAN_POINT('',(1.25850287794E-02,-0.537629801001,-3.14));
#210 = VECTOR('',#211,1.);
#211 = DIRECTION('',(-0.701768441938,-0.712405119226,0.));
#212 = PLANE('',#213);
#213 = AXIS2_PLACEMENT_3D('',#214,#215,#216);
#214 = CARTESIAN_POINT('',(6.292514389699E-03,-5.548391184341,-3.14));
#215 = DIRECTION('',(0.,0.,1.));
#216 = DIRECTION('',(1.110223024625E-16,-1.,0.));
#217 = ADVANCED_FACE('',(#218),#252,.T.);
#218 = FACE_BOUND('',#219,.T.);
#219 = EDGE_LOOP('',(#220,#230,#238,#246));
#220 = ORIENTED_EDGE('',*,*,#221,.T.);
#221 = EDGE_CURVE('',#222,#224,#226,.T.);
#222 = VERTEX_POINT('',#223);
#223 = CARTESIAN_POINT('',(3.146347026833,0.736668786989,-3.14));
#224 = VERTEX_POINT('',#225);
#225 = CARTESIAN_POINT('',(3.146347026833,-1.257096078489,-3.14));
#226 = LINE('',#227,#228);
#227 = CARTESIAN_POINT('',(3.146347026833,-1.257096078489,-3.14));
#228 = VECTOR('',#229,1.);
#229 = DIRECTION('',(1.110223024625E-16,-1.,0.));
#230 = ORIENTED_EDGE('',*,*,#231,.T.);
#231 = EDGE_CURVE('',#224,#232,#234,.T.);
#232 = VERTEX_POINT('',#233);
#233 = CARTESIAN_POINT('',(6.124687134522,-1.257096078489,-3.14));
#234 = LINE('',#235,#236);
#235 = CARTESIAN_POINT('',(6.124687134522,-1.257096078489,-3.14));
#236 = VECTOR('',#237,1.);
#237 = DIRECTION('',(1.,1.110223024625E-16,0.));
#238 = ORIENTED_EDGE('',*,*,#239,.T.);
#239 = EDGE_CURVE('',#232,#240,#242,.T.);
#240 = VERTEX_POINT('',#241);
#241 = CARTESIAN_POINT('',(6.124687134522,0.736668786989,-3.14));
#242 = LINE('',#243,#244);
#243 = CARTESIAN_POINT('',(6.124687134522,0.736668786989,-3.14));
#244 = VECTOR('',#245,1.);
#245 = DIRECTION('',(-1.110223024625E-16,1.,0.));
#246 = ORIENTED_EDGE('',*,*,#247,.T.);
#247 = EDGE_CURVE('',#240,#222,#248,.T.);
#248 = LINE('',#249,#250);
#249 = CARTESIAN_POINT('',(3.146347026833,0.736668786989,-3.14));
#250 = VECTOR('',#251,1.);
#251 = DIRECTION('',(-1.,-1.110223024625E-16,0.));
#252 = PLANE('',#253);
#253 = AXIS2_PLACEMENT_3D('',#254,#255,#256);
#254 = CARTESIAN_POINT('',(4.635517080678,-0.26021364575,-3.14));
#255 = DIRECTION('',(0.,0.,1.));
#256 = DIRECTION('',(1.110223024625E-16,-1.,0.));
#257 = ADVANCED_FACE('',(#258),#292,.T.);
#258 = FACE_BOUND('',#259,.T.);
#259 = EDGE_LOOP('',(#260,#270,#278,#286));
#260 = ORIENTED_EDGE('',*,*,#261,.T.);
#261 = EDGE_CURVE('',#262,#264,#266,.T.);
#262 = VERTEX_POINT('',#263);
#263 = CARTESIAN_POINT('',(-3.038960033608,-16.5,-3.14));
#264 = VERTEX_POINT('',#265);
#265 = CARTESIAN_POINT('',(3.038960033608,-16.5,-3.14));
#266 = LINE('',#267,#268);
#267 = CARTESIAN_POINT('',(-3.038960033608,-16.5,-3.14));
#268 = VECTOR('',#269,1.);
#269 = DIRECTION('',(1.,1.110223024625E-16,0.));
#270 = ORIENTED_EDGE('',*,*,#271,.T.);
#271 = EDGE_CURVE('',#264,#272,#274,.T.);
#272 = VERTEX_POINT('',#273);
#273 = CARTESIAN_POINT('',(3.038960033608,-14.26516258144,-3.14));
#274 = LINE('',#275,#276);
#275 = CARTESIAN_POINT('',(3.038960033608,-16.5,-3.14));
#276 = VECTOR('',#277,1.);
#277 = DIRECTION('',(-1.110223024625E-16,1.,0.));
#278 = ORIENTED_EDGE('',*,*,#279,.T.);
#279 = EDGE_CURVE('',#272,#280,#282,.T.);
#280 = VERTEX_POINT('',#281);
#281 = CARTESIAN_POINT('',(-3.038960033608,-14.26516258144,-3.14));
#282 = LINE('',#283,#284);
#283 = CARTESIAN_POINT('',(3.038960033608,-14.26516258144,-3.14));
#284 = VECTOR('',#285,1.);
#285 = DIRECTION('',(-1.,-1.110223024625E-16,0.));
#286 = ORIENTED_EDGE('',*,*,#287,.T.);
#287 = EDGE_CURVE('',#280,#262,#288,.T.);
#288 = LINE('',#289,#290);
#289 = CARTESIAN_POINT('',(-3.038960033608,-14.26516258144,-3.14));
#290 = VECTOR('',#291,1.);
#291 = DIRECTION('',(1.110223024625E-16,-1.,0.));
#292 = PLANE('',#293);
#293 = AXIS2_PLACEMENT_3D('',#294,#295,#296);
#294 = CARTESIAN_POINT('',(1.7763568394E-15,-15.38258129072,-3.14));
#295 = DIRECTION('',(0.,0.,1.));
#296 = DIRECTION('',(1.110223024625E-16,-1.,0.));
#297 = ADVANCED_FACE('',(#298),#332,.T.);
#298 = FACE_BOUND('',#299,.T.);
#299 = EDGE_LOOP('',(#300,#310,#318,#326));
#300 = ORIENTED_EDGE('',*,*,#301,.T.);
#301 = EDGE_CURVE('',#302,#304,#306,.T.);
#302 = VERTEX_POINT('',#303);
#303 = CARTESIAN_POINT('',(-0.738260444453,4.417028202675,-3.14));
#304 = VERTEX_POINT('',#305);
#305 = CARTESIAN_POINT('',(-0.738260444453,1.417246729287,-3.14));
#306 = LINE('',#307,#308);
#307 = CARTESIAN_POINT('',(-0.738260444453,1.417246729287,-3.14));
#308 = VECTOR('',#309,1.);
#309 = DIRECTION('',(1.110223024625E-16,-1.,0.));
#310 = ORIENTED_EDGE('',*,*,#311,.T.);
#311 = EDGE_CURVE('',#304,#312,#314,.T.);
#312 = VERTEX_POINT('',#313);
#313 = CARTESIAN_POINT('',(0.890192355386,1.417246729287,-3.14));
#314 = LINE('',#315,#316);
#315 = CARTESIAN_POINT('',(0.890192355386,1.417246729287,-3.14));
#316 = VECTOR('',#317,1.);
#317 = DIRECTION('',(1.,1.110223024625E-16,0.));
#318 = ORIENTED_EDGE('',*,*,#319,.T.);
#319 = EDGE_CURVE('',#312,#320,#322,.T.);
#320 = VERTEX_POINT('',#321);
#321 = CARTESIAN_POINT('',(0.890192355386,4.417028202675,-3.14));
#322 = LINE('',#323,#324);
#323 = CARTESIAN_POINT('',(0.890192355386,4.417028202675,-3.14));
#324 = VECTOR('',#325,1.);
#325 = DIRECTION('',(-1.110223024625E-16,1.,0.));
#326 = ORIENTED_EDGE('',*,*,#327,.T.);
#327 = EDGE_CURVE('',#320,#302,#328,.T.);
#328 = LINE('',#329,#330);
#329 = CARTESIAN_POINT('',(-0.738260444453,4.417028202675,-3.14));
#330 = VECTOR('',#331,1.);
#331 = DIRECTION('',(-1.,-1.110223024625E-16,0.));
#332 = PLANE('',#333);
#333 = AXIS2_PLACEMENT_3D('',#334,#335,#336);
#334 = CARTESIAN_POINT('',(7.596595546624E-02,2.917137465981,-3.14));
#335 = DIRECTION('',(0.,0.,1.));
#336 = DIRECTION('',(1.110223024625E-16,-1.,0.));
#337 = ADVANCED_FACE('',(#338),#372,.T.);
#338 = FACE_BOUND('',#339,.T.);
#339 = EDGE_LOOP('',(#340,#350,#358,#366));
#340 = ORIENTED_EDGE('',*,*,#341,.T.);
#341 = EDGE_CURVE('',#342,#344,#346,.T.);
#342 = VERTEX_POINT('',#343);
#343 = CARTESIAN_POINT('',(-4.473056286733,7.947360595177,-3.14));
#344 = VERTEX_POINT('',#345);
#345 = CARTESIAN_POINT('',(-4.473056286733,6.117830224087,-3.14));
#346 = LINE('',#347,#348);
#347 = CARTESIAN_POINT('',(-4.473056286733,6.117830224087,-3.14));
#348 = VECTOR('',#349,1.);
#349 = DIRECTION('',(1.110223024625E-16,-1.,0.));
#350 = ORIENTED_EDGE('',*,*,#351,.T.);
#351 = EDGE_CURVE('',#344,#352,#354,.T.);
#352 = VERTEX_POINT('',#353);
#353 = CARTESIAN_POINT('',(-1.283047681106,6.117830224087,-3.14));
#354 = LINE('',#355,#356);
#355 = CARTESIAN_POINT('',(-1.283047681106,6.117830224087,-3.14));
#356 = VECTOR('',#357,1.);
#357 = DIRECTION('',(1.,1.110223024625E-16,0.));
#358 = ORIENTED_EDGE('',*,*,#359,.T.);
#359 = EDGE_CURVE('',#352,#360,#362,.T.);
#360 = VERTEX_POINT('',#361);
#361 = CARTESIAN_POINT('',(-1.283047681106,7.947360595177,-3.14));
#362 = LINE('',#363,#364);
#363 = CARTESIAN_POINT('',(-1.283047681106,7.947360595177,-3.14));
#364 = VECTOR('',#365,1.);
#365 = DIRECTION('',(-1.110223024625E-16,1.,0.));
#366 = ORIENTED_EDGE('',*,*,#367,.T.);
#367 = EDGE_CURVE('',#360,#342,#368,.T.);
#368 = LINE('',#369,#370);
#369 = CARTESIAN_POINT('',(-4.473056286733,7.947360595177,-3.14));
#370 = VECTOR('',#371,1.);
#371 = DIRECTION('',(-1.,-1.110223024625E-16,0.));
#372 = PLANE('',#373);
#373 = AXIS2_PLACEMENT_3D('',#374,#375,#376);
#374 = CARTESIAN_POINT('',(-2.87805198392,7.032595409632,-3.14));
#375 = DIRECTION('',(0.,0.,1.));
#376 = DIRECTION('',(1.110223024625E-16,-1.,0.));
#377 = ADVANCED_FACE('',(#378),#412,.T.);
#378 = FACE_BOUND('',#379,.T.);
#379 = EDGE_LOOP('',(#380,#390,#398,#406));
#380 = ORIENTED_EDGE('',*,*,#381,.T.);
#381 = EDGE_CURVE('',#382,#384,#386,.T.);
#382 = VERTEX_POINT('',#383);
#383 = CARTESIAN_POINT('',(5.476102018415,9.117551702234,-3.14));
#384 = VERTEX_POINT('',#385);
#385 = CARTESIAN_POINT('',(5.476102018415,7.376923367514,-3.14));
#386 = LINE('',#387,#388);
#387 = CARTESIAN_POINT('',(5.476102018415,7.376923367514,-3.14));
#388 = VECTOR('',#389,1.);
#389 = DIRECTION('',(1.110223024625E-16,-1.,0.));
#390 = ORIENTED_EDGE('',*,*,#391,.T.);
#391 = EDGE_CURVE('',#384,#392,#394,.T.);
#392 = VERTEX_POINT('',#393);
#393 = CARTESIAN_POINT('',(6.370085145156,7.376923367514,-3.14));
#394 = LINE('',#395,#396);
#395 = CARTESIAN_POINT('',(6.370085145156,7.376923367514,-3.14));
#396 = VECTOR('',#397,1.);
#397 = DIRECTION('',(1.,1.110223024625E-16,0.));
#398 = ORIENTED_EDGE('',*,*,#399,.T.);
#399 = EDGE_CURVE('',#392,#400,#402,.T.);
#400 = VERTEX_POINT('',#401);
#401 = CARTESIAN_POINT('',(6.370085145156,9.117551702234,-3.14));
#402 = LINE('',#403,#404);
#403 = CARTESIAN_POINT('',(6.370085145156,9.117551702234,-3.14));
#404 = VECTOR('',#405,1.);
#405 = DIRECTION('',(-1.110223024625E-16,1.,0.));
#406 = ORIENTED_EDGE('',*,*,#407,.T.);
#407 = EDGE_CURVE('',#400,#382,#408,.T.);
#408 = LINE('',#409,#410);
#409 = CARTESIAN_POINT('',(5.476102018415,9.117551702234,-3.14));
#410 = VECTOR('',#411,1.);
#411 = DIRECTION('',(-1.,-1.110223024625E-16,0.));
#412 = PLANE('',#413);
#413 = AXIS2_PLACEMENT_3D('',#414,#415,#416);
#414 = CARTESIAN_POINT('',(5.923093581785,8.247237534874,-3.14));
#415 = DIRECTION('',(0.,0.,1.));
#416 = DIRECTION('',(1.110223024625E-16,-1.,0.));
#417 = ADVANCED_FACE('',(#418),#454,.F.);
#418 = FACE_BOUND('',#419,.T.);
#419 = EDGE_LOOP('',(#420,#431,#439,#448));
#420 = ORIENTED_EDGE('',*,*,#421,.F.);
#421 = EDGE_CURVE('',#422,#424,#426,.T.);
#422 = VERTEX_POINT('',#423);
#423 = CARTESIAN_POINT('',(2.85,10.649128887131,-2.44));
#424 = VERTEX_POINT('',#425);
#425 = CARTESIAN_POINT('',(4.499242250247,10.649128887131,-4.14));
#426 = CIRCLE('',#427,1.65);
#427 = AXIS2_PLACEMENT_3D('',#428,#429,#430);
#428 = CARTESIAN_POINT('',(2.85,10.649128887131,-4.09));
#429 = DIRECTION('',(-1.110223024625E-16,1.,0.));
#430 = DIRECTION('',(0.707106781187,7.850462293419E-17,-0.707106781187)
  );
#431 = ORIENTED_EDGE('',*,*,#432,.F.);
#432 = EDGE_CURVE('',#433,#422,#435,.T.);
#433 = VERTEX_POINT('',#434);
#434 = CARTESIAN_POINT('',(-2.85,10.649128887131,-2.44));
#435 = LINE('',#436,#437);
#436 = CARTESIAN_POINT('',(-4.5,10.649128887131,-2.44));
#437 = VECTOR('',#438,1.);
#438 = DIRECTION('',(1.,1.110223024625E-16,0.));
#439 = ORIENTED_EDGE('',*,*,#440,.F.);
#440 = EDGE_CURVE('',#441,#433,#443,.T.);
#441 = VERTEX_POINT('',#442);
#442 = CARTESIAN_POINT('',(-4.499242250247,10.649128887131,-4.14));
#443 = CIRCLE('',#444,1.65);
#444 = AXIS2_PLACEMENT_3D('',#445,#446,#447);
#445 = CARTESIAN_POINT('',(-2.85,10.649128887131,-4.09));
#446 = DIRECTION('',(-1.110223024625E-16,1.,0.));
#447 = DIRECTION('',(-0.707106781187,-7.850462293419E-17,0.707106781187)
  );
#448 = ORIENTED_EDGE('',*,*,#449,.F.);
#449 = EDGE_CURVE('',#424,#441,#450,.T.);
#450 = LINE('',#451,#452);
#451 = CARTESIAN_POINT('',(2.405629771807,10.649128887131,-4.14));
#452 = VECTOR('',#453,1.);
#453 = DIRECTION('',(-1.,-1.110223024625E-16,0.));
#454 = PLANE('',#455);
#455 = AXIS2_PLACEMENT_3D('',#456,#457,#458);
#456 = CARTESIAN_POINT('',(-1.7763568394E-15,10.649128887131,-4.09));
#457 = DIRECTION('',(-1.110223024625E-16,1.,0.));
#458 = DIRECTION('',(-1.,-1.110223024625E-16,0.));
#459 = ADVANCED_FACE('',(#460),#495,.T.);
#460 = FACE_BOUND('',#461,.T.);
#461 = EDGE_LOOP('',(#462,#473,#479,#480,#489));
#462 = ORIENTED_EDGE('',*,*,#463,.T.);
#463 = EDGE_CURVE('',#464,#466,#468,.T.);
#464 = VERTEX_POINT('',#465);
#465 = CARTESIAN_POINT('',(2.85,17.249128887131,-5.74));
#466 = VERTEX_POINT('',#467);
#467 = CARTESIAN_POINT('',(2.85,17.249128887131,-2.44));
#468 = CIRCLE('',#469,1.65);
#469 = AXIS2_PLACEMENT_3D('',#470,#471,#472);
#470 = CARTESIAN_POINT('',(2.85,17.249128887131,-4.09));
#471 = DIRECTION('',(1.110223024625E-16,-1.,0.));
#472 = DIRECTION('',(0.707106781187,7.850462293419E-17,-0.707106781187)
  );
#473 = ORIENTED_EDGE('',*,*,#474,.T.);
#474 = EDGE_CURVE('',#466,#422,#475,.T.);
#475 = LINE('',#476,#477);
#476 = CARTESIAN_POINT('',(2.85,10.649128887131,-2.44));
#477 = VECTOR('',#478,1.);
#478 = DIRECTION('',(1.110223024625E-16,-1.,0.));
#479 = ORIENTED_EDGE('',*,*,#421,.T.);
#480 = ORIENTED_EDGE('',*,*,#481,.F.);
#481 = EDGE_CURVE('',#482,#424,#484,.T.);
#482 = VERTEX_POINT('',#483);
#483 = CARTESIAN_POINT('',(2.85,10.649128887131,-5.74));
#484 = CIRCLE('',#485,1.65);
#485 = AXIS2_PLACEMENT_3D('',#486,#487,#488);
#486 = CARTESIAN_POINT('',(2.85,10.649128887131,-4.09));
#487 = DIRECTION('',(1.110223024625E-16,-1.,0.));
#488 = DIRECTION('',(0.707106781187,7.850462293419E-17,-0.707106781187)
  );
#489 = ORIENTED_EDGE('',*,*,#490,.T.);
#490 = EDGE_CURVE('',#482,#464,#491,.T.);
#491 = LINE('',#492,#493);
#492 = CARTESIAN_POINT('',(2.85,5.324564443566,-5.74));
#493 = VECTOR('',#494,1.);
#494 = DIRECTION('',(-1.110223024625E-16,1.,0.));
#495 = CYLINDRICAL_SURFACE('',#496,1.65);
#496 = AXIS2_PLACEMENT_3D('',#497,#498,#499);
#497 = CARTESIAN_POINT('',(2.85,10.649128887131,-4.09));
#498 = DIRECTION('',(-1.110223024625E-16,1.,0.));
#499 = DIRECTION('',(0.707106781187,7.850462293419E-17,0.707106781187));
#500 = ADVANCED_FACE('',(#501,#590,#601,#637,#648,#659,#695,#706,#717,
    #728,#739,#750,#761,#797,#808,#819,#830,#841,#852,#863,#874,#885,
    #921,#932,#943,#954,#965,#976,#987,#998,#1009,#1020,#1031,#1042),
  #1053,.F.);
#501 = FACE_BOUND('',#502,.T.);
#502 = EDGE_LOOP('',(#503,#511,#519,#527,#535,#543,#551,#559,#567,#575,
    #583,#589));
#503 = ORIENTED_EDGE('',*,*,#504,.T.);
#504 = EDGE_CURVE('',#482,#505,#507,.T.);
#505 = VERTEX_POINT('',#506);
#506 = CARTESIAN_POINT('',(4.911259543614,10.649128887131,-5.74));
#507 = LINE('',#508,#509);
#508 = CARTESIAN_POINT('',(-2.405629771807,10.649128887131,-5.74));
#509 = VECTOR('',#510,1.);
#510 = DIRECTION('',(1.,1.110223024625E-16,0.));
#511 = ORIENTED_EDGE('',*,*,#512,.T.);
#512 = EDGE_CURVE('',#505,#513,#515,.T.);
#513 = VERTEX_POINT('',#514);
#514 = CARTESIAN_POINT('',(4.911259543614,16.5,-5.74));
#515 = LINE('',#516,#517);
#516 = CARTESIAN_POINT('',(4.911259543614,5.324564443566,-5.74));
#517 = VECTOR('',#518,1.);
#518 = DIRECTION('',(-1.110223024625E-16,1.,0.));
#519 = ORIENTED_EDGE('',*,*,#520,.T.);
#520 = EDGE_CURVE('',#513,#521,#523,.T.);
#521 = VERTEX_POINT('',#522);
#522 = CARTESIAN_POINT('',(8.89,16.5,-5.74));
#523 = LINE('',#524,#525);
#524 = CARTESIAN_POINT('',(8.89,16.5,-5.74));
#525 = VECTOR('',#526,1.);
#526 = DIRECTION('',(1.,1.110223024625E-16,0.));
#527 = ORIENTED_EDGE('',*,*,#528,.T.);
#528 = EDGE_CURVE('',#521,#529,#531,.T.);
#529 = VERTEX_POINT('',#530);
#530 = CARTESIAN_POINT('',(8.89,-16.5,-5.74));
#531 = LINE('',#532,#533);
#532 = CARTESIAN_POINT('',(8.89,-16.5,-5.74));
#533 = VECTOR('',#534,1.);
#534 = DIRECTION('',(1.110223024625E-16,-1.,0.));
#535 = ORIENTED_EDGE('',*,*,#536,.T.);
#536 = EDGE_CURVE('',#529,#537,#539,.T.);
#537 = VERTEX_POINT('',#538);
#538 = CARTESIAN_POINT('',(-8.89,-16.5,-5.74));
#539 = LINE('',#540,#541);
#540 = CARTESIAN_POINT('',(-8.89,-16.5,-5.74));
#541 = VECTOR('',#542,1.);
#542 = DIRECTION('',(-1.,-1.110223024625E-16,0.));
#543 = ORIENTED_EDGE('',*,*,#544,.T.);
#544 = EDGE_CURVE('',#537,#545,#547,.T.);
#545 = VERTEX_POINT('',#546);
#546 = CARTESIAN_POINT('',(-8.89,16.5,-5.74));
#547 = LINE('',#548,#549);
#548 = CARTESIAN_POINT('',(-8.89,16.5,-5.74));
#549 = VECTOR('',#550,1.);
#550 = DIRECTION('',(-1.110223024625E-16,1.,0.));
#551 = ORIENTED_EDGE('',*,*,#552,.T.);
#552 = EDGE_CURVE('',#545,#553,#555,.T.);
#553 = VERTEX_POINT('',#554);
#554 = CARTESIAN_POINT('',(-4.911259543614,16.5,-5.74));
#555 = LINE('',#556,#557);
#556 = CARTESIAN_POINT('',(8.89,16.5,-5.74));
#557 = VECTOR('',#558,1.);
#558 = DIRECTION('',(1.,1.110223024625E-16,0.));
#559 = ORIENTED_EDGE('',*,*,#560,.T.);
#560 = EDGE_CURVE('',#553,#561,#563,.T.);
#561 = VERTEX_POINT('',#562);
#562 = CARTESIAN_POINT('',(-4.911259543614,10.649128887131,-5.74));
#563 = LINE('',#564,#565);
#564 = CARTESIAN_POINT('',(-4.911259543614,8.25,-5.74));
#565 = VECTOR('',#566,1.);
#566 = DIRECTION('',(1.110223024625E-16,-1.,0.));
#567 = ORIENTED_EDGE('',*,*,#568,.F.);
#568 = EDGE_CURVE('',#569,#561,#571,.T.);
#569 = VERTEX_POINT('',#570);
#570 = CARTESIAN_POINT('',(-2.85,10.649128887131,-5.74));
#571 = LINE('',#572,#573);
#572 = CARTESIAN_POINT('',(-2.405629771807,10.649128887131,-5.74));
#573 = VECTOR('',#574,1.);
#574 = DIRECTION('',(-1.,-1.110223024625E-16,0.));
#575 = ORIENTED_EDGE('',*,*,#576,.F.);
#576 = EDGE_CURVE('',#577,#569,#579,.T.);
#577 = VERTEX_POINT('',#578);
#578 = CARTESIAN_POINT('',(-2.85,17.249128887131,-5.74));
#579 = LINE('',#580,#581);
#580 = CARTESIAN_POINT('',(-2.85,5.324564443566,-5.74));
#581 = VECTOR('',#582,1.);
#582 = DIRECTION('',(1.110223024625E-16,-1.,0.));
#583 = ORIENTED_EDGE('',*,*,#584,.F.);
#584 = EDGE_CURVE('',#464,#577,#585,.T.);
#585 = LINE('',#586,#587);
#586 = CARTESIAN_POINT('',(4.5,17.249128887131,-5.74));
#587 = VECTOR('',#588,1.);
#588 = DIRECTION('',(-1.,-1.110223024625E-16,0.));
#589 = ORIENTED_EDGE('',*,*,#490,.F.);
#590 = FACE_BOUND('',#591,.T.);
#591 = EDGE_LOOP('',(#592));
#592 = ORIENTED_EDGE('',*,*,#593,.T.);
#593 = EDGE_CURVE('',#594,#594,#596,.T.);
#594 = VERTEX_POINT('',#595);
#595 = CARTESIAN_POINT('',(-7.62,-4.58,-5.74));
#596 = CIRCLE('',#597,0.5);
#597 = AXIS2_PLACEMENT_3D('',#598,#599,#600);
#598 = CARTESIAN_POINT('',(-7.62,-5.08,-5.74));
#599 = DIRECTION('',(-0.,0.,1.));
#600 = DIRECTION('',(1.110223024625E-16,-1.,0.));
#601 = FACE_BOUND('',#602,.T.);
#602 = EDGE_LOOP('',(#603,#614,#622,#631));
#603 = ORIENTED_EDGE('',*,*,#604,.T.);
#604 = EDGE_CURVE('',#605,#607,#609,.T.);
#605 = VERTEX_POINT('',#606);
#606 = CARTESIAN_POINT('',(-5.388234052771,11.535572582528,-5.74));
#607 = VERTEX_POINT('',#608);
#608 = CARTESIAN_POINT('',(-5.988234052771,11.535572582528,-5.74));
#609 = CIRCLE('',#610,0.3);
#610 = AXIS2_PLACEMENT_3D('',#611,#612,#613);
#611 = CARTESIAN_POINT('',(-5.688234052771,11.535572582528,-5.74));
#612 = DIRECTION('',(0.,-0.,1.));
#613 = DIRECTION('',(1.,1.110223024625E-16,0.));
#614 = ORIENTED_EDGE('',*,*,#615,.T.);
#615 = EDGE_CURVE('',#607,#616,#618,.T.);
#616 = VERTEX_POINT('',#617);
#617 = CARTESIAN_POINT('',(-5.988234052771,10.735572582528,-5.74));
#618 = LINE('',#619,#620);
#619 = CARTESIAN_POINT('',(-5.988234052771,10.735572582528,-5.74));
#620 = VECTOR('',#621,1.);
#621 = DIRECTION('',(1.110223024625E-16,-1.,0.));
#622 = ORIENTED_EDGE('',*,*,#623,.T.);
#623 = EDGE_CURVE('',#616,#624,#626,.T.);
#624 = VERTEX_POINT('',#625);
#625 = CARTESIAN_POINT('',(-5.388234052771,10.735572582528,-5.74));
#626 = CIRCLE('',#627,0.3);
#627 = AXIS2_PLACEMENT_3D('',#628,#629,#630);
#628 = CARTESIAN_POINT('',(-5.688234052771,10.735572582528,-5.74));
#629 = DIRECTION('',(0.,0.,1.));
#630 = DIRECTION('',(-1.,-1.110223024625E-16,0.));
#631 = ORIENTED_EDGE('',*,*,#632,.T.);
#632 = EDGE_CURVE('',#624,#605,#633,.T.);
#633 = LINE('',#634,#635);
#634 = CARTESIAN_POINT('',(-5.388234052771,11.535572582528,-5.74));
#635 = VECTOR('',#636,1.);
#636 = DIRECTION('',(-1.110223024625E-16,1.,0.));
#637 = FACE_BOUND('',#638,.T.);
#638 = EDGE_LOOP('',(#639));
#639 = ORIENTED_EDGE('',*,*,#640,.T.);
#640 = EDGE_CURVE('',#641,#641,#643,.T.);
#641 = VERTEX_POINT('',#642);
#642 = CARTESIAN_POINT('',(-7.62,-7.12,-5.74));
#643 = CIRCLE('',#644,0.5);
#644 = AXIS2_PLACEMENT_3D('',#645,#646,#647);
#645 = CARTESIAN_POINT('',(-7.62,-7.62,-5.74));
#646 = DIRECTION('',(-0.,0.,1.));
#647 = DIRECTION('',(1.110223024625E-16,-1.,0.));
#648 = FACE_BOUND('',#649,.T.);
#649 = EDGE_LOOP('',(#650));
#650 = ORIENTED_EDGE('',*,*,#651,.T.);
#651 = EDGE_CURVE('',#652,#652,#654,.T.);
#652 = VERTEX_POINT('',#653);
#653 = CARTESIAN_POINT('',(-7.62,8.12,-5.74));
#654 = CIRCLE('',#655,0.5);
#655 = AXIS2_PLACEMENT_3D('',#656,#657,#658);
#656 = CARTESIAN_POINT('',(-7.62,7.62,-5.74));
#657 = DIRECTION('',(-0.,0.,1.));
#658 = DIRECTION('',(1.110223024625E-16,-1.,0.));
#659 = FACE_BOUND('',#660,.T.);
#660 = EDGE_LOOP('',(#661,#672,#680,#689));
#661 = ORIENTED_EDGE('',*,*,#662,.T.);
#662 = EDGE_CURVE('',#663,#665,#667,.T.);
#663 = VERTEX_POINT('',#664);
#664 = CARTESIAN_POINT('',(-5.388234052771,15.785387509816,-5.74));
#665 = VERTEX_POINT('',#666);
#666 = CARTESIAN_POINT('',(-5.988234052771,15.785387509816,-5.74));
#667 = CIRCLE('',#668,0.3);
#668 = AXIS2_PLACEMENT_3D('',#669,#670,#671);
#669 = CARTESIAN_POINT('',(-5.688234052771,15.785387509816,-5.74));
#670 = DIRECTION('',(0.,-0.,1.));
#671 = DIRECTION('',(1.,1.110223024625E-16,0.));
#672 = ORIENTED_EDGE('',*,*,#673,.T.);
#673 = EDGE_CURVE('',#665,#674,#676,.T.);
#674 = VERTEX_POINT('',#675);
#675 = CARTESIAN_POINT('',(-5.988234052771,14.585387509816,-5.74));
#676 = LINE('',#677,#678);
#677 = CARTESIAN_POINT('',(-5.988234052771,14.585387509816,-5.74));
#678 = VECTOR('',#679,1.);
#679 = DIRECTION('',(1.110223024625E-16,-1.,0.));
#680 = ORIENTED_EDGE('',*,*,#681,.T.);
#681 = EDGE_CURVE('',#674,#682,#684,.T.);
#682 = VERTEX_POINT('',#683);
#683 = CARTESIAN_POINT('',(-5.388234052771,14.585387509816,-5.74));
#684 = CIRCLE('',#685,0.3);
#685 = AXIS2_PLACEMENT_3D('',#686,#687,#688);
#686 = CARTESIAN_POINT('',(-5.688234052771,14.585387509816,-5.74));
#687 = DIRECTION('',(0.,0.,1.));
#688 = DIRECTION('',(-1.,-1.110223024625E-16,0.));
#689 = ORIENTED_EDGE('',*,*,#690,.T.);
#690 = EDGE_CURVE('',#682,#663,#691,.T.);
#691 = LINE('',#692,#693);
#692 = CARTESIAN_POINT('',(-5.388234052771,15.785387509816,-5.74));
#693 = VECTOR('',#694,1.);
#694 = DIRECTION('',(-1.110223024625E-16,1.,0.));
#695 = FACE_BOUND('',#696,.T.);
#696 = EDGE_LOOP('',(#697));
#697 = ORIENTED_EDGE('',*,*,#698,.T.);
#698 = EDGE_CURVE('',#699,#699,#701,.T.);
#699 = VERTEX_POINT('',#700);
#700 = CARTESIAN_POINT('',(-7.62,10.66,-5.74));
#701 = CIRCLE('',#702,0.5);
#702 = AXIS2_PLACEMENT_3D('',#703,#704,#705);
#703 = CARTESIAN_POINT('',(-7.62,10.16,-5.74));
#704 = DIRECTION('',(-0.,0.,1.));
#705 = DIRECTION('',(1.110223024625E-16,-1.,0.));
#706 = FACE_BOUND('',#707,.T.);
#707 = EDGE_LOOP('',(#708));
#708 = ORIENTED_EDGE('',*,*,#709,.T.);
#709 = EDGE_CURVE('',#710,#710,#712,.T.);
#710 = VERTEX_POINT('',#711);
#711 = CARTESIAN_POINT('',(7.62,13.2,-5.74));
#712 = CIRCLE('',#713,0.5);
#713 = AXIS2_PLACEMENT_3D('',#714,#715,#716);
#714 = CARTESIAN_POINT('',(7.62,12.7,-5.74));
#715 = DIRECTION('',(-0.,0.,1.));
#716 = DIRECTION('',(1.110223024625E-16,-1.,0.));
#717 = FACE_BOUND('',#718,.T.);
#718 = EDGE_LOOP('',(#719));
#719 = ORIENTED_EDGE('',*,*,#720,.T.);
#720 = EDGE_CURVE('',#721,#721,#723,.T.);
#721 = VERTEX_POINT('',#722);
#722 = CARTESIAN_POINT('',(7.62,-12.2,-5.74));
#723 = CIRCLE('',#724,0.5);
#724 = AXIS2_PLACEMENT_3D('',#725,#726,#727);
#725 = CARTESIAN_POINT('',(7.62,-12.7,-5.74));
#726 = DIRECTION('',(-0.,0.,1.));
#727 = DIRECTION('',(1.110223024625E-16,-1.,0.));
#728 = FACE_BOUND('',#729,.T.);
#729 = EDGE_LOOP('',(#730));
#730 = ORIENTED_EDGE('',*,*,#731,.T.);
#731 = EDGE_CURVE('',#732,#732,#734,.T.);
#732 = VERTEX_POINT('',#733);
#733 = CARTESIAN_POINT('',(-7.62,-9.66,-5.74));
#734 = CIRCLE('',#735,0.5);
#735 = AXIS2_PLACEMENT_3D('',#736,#737,#738);
#736 = CARTESIAN_POINT('',(-7.62,-10.16,-5.74));
#737 = DIRECTION('',(-0.,0.,1.));
#738 = DIRECTION('',(1.110223024625E-16,-1.,0.));
#739 = FACE_BOUND('',#740,.T.);
#740 = EDGE_LOOP('',(#741));
#741 = ORIENTED_EDGE('',*,*,#742,.T.);
#742 = EDGE_CURVE('',#743,#743,#745,.T.);
#743 = VERTEX_POINT('',#744);
#744 = CARTESIAN_POINT('',(-7.62,0.5,-5.74));
#745 = CIRCLE('',#746,0.5);
#746 = AXIS2_PLACEMENT_3D('',#747,#748,#749);
#747 = CARTESIAN_POINT('',(-7.62,0.,-5.74));
#748 = DIRECTION('',(-0.,0.,1.));
#749 = DIRECTION('',(1.110223024625E-16,-1.,0.));
#750 = FACE_BOUND('',#751,.T.);
#751 = EDGE_LOOP('',(#752));
#752 = ORIENTED_EDGE('',*,*,#753,.T.);
#753 = EDGE_CURVE('',#754,#754,#756,.T.);
#754 = VERTEX_POINT('',#755);
#755 = CARTESIAN_POINT('',(7.62,5.58,-5.74));
#756 = CIRCLE('',#757,0.5);
#757 = AXIS2_PLACEMENT_3D('',#758,#759,#760);
#758 = CARTESIAN_POINT('',(7.62,5.08,-5.74));
#759 = DIRECTION('',(-0.,0.,1.));
#760 = DIRECTION('',(1.110223024625E-16,-1.,0.));
#761 = FACE_BOUND('',#762,.T.);
#762 = EDGE_LOOP('',(#763,#774,#782,#791));
#763 = ORIENTED_EDGE('',*,*,#764,.T.);
#764 = EDGE_CURVE('',#765,#767,#769,.T.);
#765 = VERTEX_POINT('',#766);
#766 = CARTESIAN_POINT('',(5.388234052771,14.585387509816,-5.74));
#767 = VERTEX_POINT('',#768);
#768 = CARTESIAN_POINT('',(5.988234052771,14.585387509816,-5.74));
#769 = CIRCLE('',#770,0.3);
#770 = AXIS2_PLACEMENT_3D('',#771,#772,#773);
#771 = CARTESIAN_POINT('',(5.688234052771,14.585387509816,-5.74));
#772 = DIRECTION('',(0.,0.,1.));
#773 = DIRECTION('',(-7.290464528372E-15,-1.,0.));
#774 = ORIENTED_EDGE('',*,*,#775,.T.);
#775 = EDGE_CURVE('',#767,#776,#778,.T.);
#776 = VERTEX_POINT('',#777);
#777 = CARTESIAN_POINT('',(5.988234052771,15.785387509816,-5.74));
#778 = LINE('',#779,#780);
#779 = CARTESIAN_POINT('',(5.988234052771,14.585387509816,-5.74));
#780 = VECTOR('',#781,1.);
#781 = DIRECTION('',(-1.110223024625E-16,1.,0.));
#782 = ORIENTED_EDGE('',*,*,#783,.T.);
#783 = EDGE_CURVE('',#776,#784,#786,.T.);
#784 = VERTEX_POINT('',#785);
#785 = CARTESIAN_POINT('',(5.388234052771,15.785387509816,-5.74));
#786 = CIRCLE('',#787,0.3);
#787 = AXIS2_PLACEMENT_3D('',#788,#789,#790);
#788 = CARTESIAN_POINT('',(5.688234052771,15.785387509816,-5.74));
#789 = DIRECTION('',(-0.,0.,1.));
#790 = DIRECTION('',(1.,-4.514906966809E-15,0.));
#791 = ORIENTED_EDGE('',*,*,#792,.T.);
#792 = EDGE_CURVE('',#784,#765,#793,.T.);
#793 = LINE('',#794,#795);
#794 = CARTESIAN_POINT('',(5.388234052771,15.785387509816,-5.74));
#795 = VECTOR('',#796,1.);
#796 = DIRECTION('',(1.110223024625E-16,-1.,0.));
#797 = FACE_BOUND('',#798,.T.);
#798 = EDGE_LOOP('',(#799));
#799 = ORIENTED_EDGE('',*,*,#800,.T.);
#800 = EDGE_CURVE('',#801,#801,#803,.T.);
#801 = VERTEX_POINT('',#802);
#802 = CARTESIAN_POINT('',(-7.62,-14.74,-5.74));
#803 = CIRCLE('',#804,0.5);
#804 = AXIS2_PLACEMENT_3D('',#805,#806,#807);
#805 = CARTESIAN_POINT('',(-7.62,-15.24,-5.74));
#806 = DIRECTION('',(-0.,0.,1.));
#807 = DIRECTION('',(1.110223024625E-16,-1.,0.));
#808 = FACE_BOUND('',#809,.T.);
#809 = EDGE_LOOP('',(#810));
#810 = ORIENTED_EDGE('',*,*,#811,.T.);
#811 = EDGE_CURVE('',#812,#812,#814,.T.);
#812 = VERTEX_POINT('',#813);
#813 = CARTESIAN_POINT('',(-7.62,15.74,-5.74));
#814 = CIRCLE('',#815,0.5);
#815 = AXIS2_PLACEMENT_3D('',#816,#817,#818);
#816 = CARTESIAN_POINT('',(-7.62,15.24,-5.74));
#817 = DIRECTION('',(-0.,0.,1.));
#818 = DIRECTION('',(1.110223024625E-16,-1.,0.));
#819 = FACE_BOUND('',#820,.T.);
#820 = EDGE_LOOP('',(#821));
#821 = ORIENTED_EDGE('',*,*,#822,.T.);
#822 = EDGE_CURVE('',#823,#823,#825,.T.);
#823 = VERTEX_POINT('',#824);
#824 = CARTESIAN_POINT('',(-7.62,-12.2,-5.74));
#825 = CIRCLE('',#826,0.5);
#826 = AXIS2_PLACEMENT_3D('',#827,#828,#829);
#827 = CARTESIAN_POINT('',(-7.62,-12.7,-5.74));
#828 = DIRECTION('',(-0.,0.,1.));
#829 = DIRECTION('',(1.110223024625E-16,-1.,0.));
#830 = FACE_BOUND('',#831,.T.);
#831 = EDGE_LOOP('',(#832));
#832 = ORIENTED_EDGE('',*,*,#833,.T.);
#833 = EDGE_CURVE('',#834,#834,#836,.T.);
#834 = VERTEX_POINT('',#835);
#835 = CARTESIAN_POINT('',(-7.62,3.04,-5.74));
#836 = CIRCLE('',#837,0.5);
#837 = AXIS2_PLACEMENT_3D('',#838,#839,#840);
#838 = CARTESIAN_POINT('',(-7.62,2.54,-5.74));
#839 = DIRECTION('',(-0.,0.,1.));
#840 = DIRECTION('',(1.110223024625E-16,-1.,0.));
#841 = FACE_BOUND('',#842,.T.);
#842 = EDGE_LOOP('',(#843));
#843 = ORIENTED_EDGE('',*,*,#844,.T.);
#844 = EDGE_CURVE('',#845,#845,#847,.T.);
#845 = VERTEX_POINT('',#846);
#846 = CARTESIAN_POINT('',(-4.507405989273,-11.6982325482,-5.74));
#847 = CIRCLE('',#848,0.5);
#848 = AXIS2_PLACEMENT_3D('',#849,#850,#851);
#849 = CARTESIAN_POINT('',(-4.507405989273,-12.1982325482,-5.74));
#850 = DIRECTION('',(-0.,0.,1.));
#851 = DIRECTION('',(1.110223024625E-16,-1.,0.));
#852 = FACE_BOUND('',#853,.T.);
#853 = EDGE_LOOP('',(#854));
#854 = ORIENTED_EDGE('',*,*,#855,.T.);
#855 = EDGE_CURVE('',#856,#856,#858,.T.);
#856 = VERTEX_POINT('',#857);
#857 = CARTESIAN_POINT('',(-7.62,13.2,-5.74));
#858 = CIRCLE('',#859,0.5);
#859 = AXIS2_PLACEMENT_3D('',#860,#861,#862);
#860 = CARTESIAN_POINT('',(-7.62,12.7,-5.74));
#861 = DIRECTION('',(-0.,0.,1.));
#862 = DIRECTION('',(1.110223024625E-16,-1.,0.));
#863 = FACE_BOUND('',#864,.T.);
#864 = EDGE_LOOP('',(#865));
#865 = ORIENTED_EDGE('',*,*,#866,.T.);
#866 = EDGE_CURVE('',#867,#867,#869,.T.);
#867 = VERTEX_POINT('',#868);
#868 = CARTESIAN_POINT('',(7.62,-2.04,-5.74));
#869 = CIRCLE('',#870,0.5);
#870 = AXIS2_PLACEMENT_3D('',#871,#872,#873);
#871 = CARTESIAN_POINT('',(7.62,-2.54,-5.74));
#872 = DIRECTION('',(-0.,0.,1.));
#873 = DIRECTION('',(1.110223024625E-16,-1.,0.));
#874 = FACE_BOUND('',#875,.T.);
#875 = EDGE_LOOP('',(#876));
#876 = ORIENTED_EDGE('',*,*,#877,.T.);
#877 = EDGE_CURVE('',#878,#878,#880,.T.);
#878 = VERTEX_POINT('',#879);
#879 = CARTESIAN_POINT('',(7.62,-9.66,-5.74));
#880 = CIRCLE('',#881,0.5);
#881 = AXIS2_PLACEMENT_3D('',#882,#883,#884);
#882 = CARTESIAN_POINT('',(7.62,-10.16,-5.74));
#883 = DIRECTION('',(-0.,0.,1.));
#884 = DIRECTION('',(1.110223024625E-16,-1.,0.));
#885 = FACE_BOUND('',#886,.T.);
#886 = EDGE_LOOP('',(#887,#898,#906,#915));
#887 = ORIENTED_EDGE('',*,*,#888,.T.);
#888 = EDGE_CURVE('',#889,#891,#893,.T.);
#889 = VERTEX_POINT('',#890);
#890 = CARTESIAN_POINT('',(5.388234052771,10.735572582528,-5.74));
#891 = VERTEX_POINT('',#892);
#892 = CARTESIAN_POINT('',(5.988234052771,10.735572582528,-5.74));
#893 = CIRCLE('',#894,0.3);
#894 = AXIS2_PLACEMENT_3D('',#895,#896,#897);
#895 = CARTESIAN_POINT('',(5.688234052771,10.735572582528,-5.74));
#896 = DIRECTION('',(-0.,0.,1.));
#897 = DIRECTION('',(7.512509133297E-15,-1.,0.));
#898 = ORIENTED_EDGE('',*,*,#899,.T.);
#899 = EDGE_CURVE('',#891,#900,#902,.T.);
#900 = VERTEX_POINT('',#901);
#901 = CARTESIAN_POINT('',(5.988234052771,11.535572582528,-5.74));
#902 = LINE('',#903,#904);
#903 = CARTESIAN_POINT('',(5.988234052771,10.735572582528,-5.74));
#904 = VECTOR('',#905,1.);
#905 = DIRECTION('',(-1.110223024625E-16,1.,0.));
#906 = ORIENTED_EDGE('',*,*,#907,.T.);
#907 = EDGE_CURVE('',#900,#908,#910,.T.);
#908 = VERTEX_POINT('',#909);
#909 = CARTESIAN_POINT('',(5.388234052771,11.535572582528,-5.74));
#910 = CIRCLE('',#911,0.3);
#911 = AXIS2_PLACEMENT_3D('',#912,#913,#914);
#912 = CARTESIAN_POINT('',(5.688234052771,11.535572582528,-5.74));
#913 = DIRECTION('',(0.,-0.,1.));
#914 = DIRECTION('',(1.,1.110223024625E-16,0.));
#915 = ORIENTED_EDGE('',*,*,#916,.T.);
#916 = EDGE_CURVE('',#908,#889,#917,.T.);
#917 = LINE('',#918,#919);
#918 = CARTESIAN_POINT('',(5.388234052771,11.535572582528,-5.74));
#919 = VECTOR('',#920,1.);
#920 = DIRECTION('',(1.110223024625E-16,-1.,0.));
#921 = FACE_BOUND('',#922,.T.);
#922 = EDGE_LOOP('',(#923));
#923 = ORIENTED_EDGE('',*,*,#924,.T.);
#924 = EDGE_CURVE('',#925,#925,#927,.T.);
#925 = VERTEX_POINT('',#926);
#926 = CARTESIAN_POINT('',(0.572594010727,-11.6982325482,-5.74));
#927 = CIRCLE('',#928,0.5);
#928 = AXIS2_PLACEMENT_3D('',#929,#930,#931);
#929 = CARTESIAN_POINT('',(0.572594010727,-12.1982325482,-5.74));
#930 = DIRECTION('',(-0.,0.,1.));
#931 = DIRECTION('',(1.110223024625E-16,-1.,0.));
#932 = FACE_BOUND('',#933,.T.);
#933 = EDGE_LOOP('',(#934));
#934 = ORIENTED_EDGE('',*,*,#935,.T.);
#935 = EDGE_CURVE('',#936,#936,#938,.T.);
#936 = VERTEX_POINT('',#937);
#937 = CARTESIAN_POINT('',(7.62,10.66,-5.74));
#938 = CIRCLE('',#939,0.5);
#939 = AXIS2_PLACEMENT_3D('',#940,#941,#942);
#940 = CARTESIAN_POINT('',(7.62,10.16,-5.74));
#941 = DIRECTION('',(-0.,0.,1.));
#942 = DIRECTION('',(1.110223024625E-16,-1.,0.));
#943 = FACE_BOUND('',#944,.T.);
#944 = EDGE_LOOP('',(#945));
#945 = ORIENTED_EDGE('',*,*,#946,.T.);
#946 = EDGE_CURVE('',#947,#947,#949,.T.);
#947 = VERTEX_POINT('',#948);
#948 = CARTESIAN_POINT('',(7.62,-14.74,-5.74));
#949 = CIRCLE('',#950,0.5);
#950 = AXIS2_PLACEMENT_3D('',#951,#952,#953);
#951 = CARTESIAN_POINT('',(7.62,-15.24,-5.74));
#952 = DIRECTION('',(-0.,0.,1.));
#953 = DIRECTION('',(1.110223024625E-16,-1.,0.));
#954 = FACE_BOUND('',#955,.T.);
#955 = EDGE_LOOP('',(#956));
#956 = ORIENTED_EDGE('',*,*,#957,.T.);
#957 = EDGE_CURVE('',#958,#958,#960,.T.);
#958 = VERTEX_POINT('',#959);
#959 = CARTESIAN_POINT('',(7.62,0.5,-5.74));
#960 = CIRCLE('',#961,0.5);
#961 = AXIS2_PLACEMENT_3D('',#962,#963,#964);
#962 = CARTESIAN_POINT('',(7.62,3.552713678801E-15,-5.74));
#963 = DIRECTION('',(-0.,0.,1.));
#964 = DIRECTION('',(1.110223024625E-16,-1.,0.));
#965 = FACE_BOUND('',#966,.T.);
#966 = EDGE_LOOP('',(#967));
#967 = ORIENTED_EDGE('',*,*,#968,.T.);
#968 = EDGE_CURVE('',#969,#969,#971,.T.);
#969 = VERTEX_POINT('',#970);
#970 = CARTESIAN_POINT('',(-7.62,-2.04,-5.74));
#971 = CIRCLE('',#972,0.5);
#972 = AXIS2_PLACEMENT_3D('',#973,#974,#975);
#973 = CARTESIAN_POINT('',(-7.62,-2.54,-5.74));
#974 = DIRECTION('',(-0.,0.,1.));
#975 = DIRECTION('',(1.110223024625E-16,-1.,0.));
#976 = FACE_BOUND('',#977,.T.);
#977 = EDGE_LOOP('',(#978));
#978 = ORIENTED_EDGE('',*,*,#979,.T.);
#979 = EDGE_CURVE('',#980,#980,#982,.T.);
#980 = VERTEX_POINT('',#981);
#981 = CARTESIAN_POINT('',(7.62,8.12,-5.74));
#982 = CIRCLE('',#983,0.5);
#983 = AXIS2_PLACEMENT_3D('',#984,#985,#986);
#984 = CARTESIAN_POINT('',(7.62,7.62,-5.74));
#985 = DIRECTION('',(-0.,0.,1.));
#986 = DIRECTION('',(1.110223024625E-16,-1.,0.));
#987 = FACE_BOUND('',#988,.T.);
#988 = EDGE_LOOP('',(#989));
#989 = ORIENTED_EDGE('',*,*,#990,.T.);
#990 = EDGE_CURVE('',#991,#991,#993,.T.);
#991 = VERTEX_POINT('',#992);
#992 = CARTESIAN_POINT('',(7.62,3.04,-5.74));
#993 = CIRCLE('',#994,0.5);
#994 = AXIS2_PLACEMENT_3D('',#995,#996,#997);
#995 = CARTESIAN_POINT('',(7.62,2.54,-5.74));
#996 = DIRECTION('',(-0.,0.,1.));
#997 = DIRECTION('',(1.110223024625E-16,-1.,0.));
#998 = FACE_BOUND('',#999,.T.);
#999 = EDGE_LOOP('',(#1000));
#1000 = ORIENTED_EDGE('',*,*,#1001,.T.);
#1001 = EDGE_CURVE('',#1002,#1002,#1004,.T.);
#1002 = VERTEX_POINT('',#1003);
#1003 = CARTESIAN_POINT('',(-1.967405989273,-11.6982325482,-5.74));
#1004 = CIRCLE('',#1005,0.5);
#1005 = AXIS2_PLACEMENT_3D('',#1006,#1007,#1008);
#1006 = CARTESIAN_POINT('',(-1.967405989273,-12.1982325482,-5.74));
#1007 = DIRECTION('',(-0.,0.,1.));
#1008 = DIRECTION('',(1.110223024625E-16,-1.,0.));
#1009 = FACE_BOUND('',#1010,.T.);
#1010 = EDGE_LOOP('',(#1011));
#1011 = ORIENTED_EDGE('',*,*,#1012,.T.);
#1012 = EDGE_CURVE('',#1013,#1013,#1015,.T.);
#1013 = VERTEX_POINT('',#1014);
#1014 = CARTESIAN_POINT('',(-7.62,5.58,-5.74));
#1015 = CIRCLE('',#1016,0.5);
#1016 = AXIS2_PLACEMENT_3D('',#1017,#1018,#1019);
#1017 = CARTESIAN_POINT('',(-7.62,5.08,-5.74));
#1018 = DIRECTION('',(-0.,0.,1.));
#1019 = DIRECTION('',(1.110223024625E-16,-1.,0.));
#1020 = FACE_BOUND('',#1021,.T.);
#1021 = EDGE_LOOP('',(#1022));
#1022 = ORIENTED_EDGE('',*,*,#1023,.T.);
#1023 = EDGE_CURVE('',#1024,#1024,#1026,.T.);
#1024 = VERTEX_POINT('',#1025);
#1025 = CARTESIAN_POINT('',(7.62,-4.58,-5.74));
#1026 = CIRCLE('',#1027,0.5);
#1027 = AXIS2_PLACEMENT_3D('',#1028,#1029,#1030);
#1028 = CARTESIAN_POINT('',(7.62,-5.08,-5.74));
#1029 = DIRECTION('',(-0.,0.,1.));
#1030 = DIRECTION('',(1.110223024625E-16,-1.,0.));
#1031 = FACE_BOUND('',#1032,.T.);
#1032 = EDGE_LOOP('',(#1033));
#1033 = ORIENTED_EDGE('',*,*,#1034,.T.);
#1034 = EDGE_CURVE('',#1035,#1035,#1037,.T.);
#1035 = VERTEX_POINT('',#1036);
#1036 = CARTESIAN_POINT('',(7.62,-7.12,-5.74));
#1037 = CIRCLE('',#1038,0.5);
#1038 = AXIS2_PLACEMENT_3D('',#1039,#1040,#1041);
#1039 = CARTESIAN_POINT('',(7.62,-7.62,-5.74));
#1040 = DIRECTION('',(-0.,0.,1.));
#1041 = DIRECTION('',(1.110223024625E-16,-1.,0.));
#1042 = FACE_BOUND('',#1043,.T.);
#1043 = EDGE_LOOP('',(#1044));
#1044 = ORIENTED_EDGE('',*,*,#1045,.T.);
#1045 = EDGE_CURVE('',#1046,#1046,#1048,.T.);
#1046 = VERTEX_POINT('',#1047);
#1047 = CARTESIAN_POINT('',(7.62,15.74,-5.74));
#1048 = CIRCLE('',#1049,0.5);
#1049 = AXIS2_PLACEMENT_3D('',#1050,#1051,#1052);
#1050 = CARTESIAN_POINT('',(7.62,15.24,-5.74));
#1051 = DIRECTION('',(-0.,0.,1.));
#1052 = DIRECTION('',(1.110223024625E-16,-1.,0.));
#1053 = PLANE('',#1054);
#1054 = AXIS2_PLACEMENT_3D('',#1055,#1056,#1057);
#1055 = CARTESIAN_POINT('',(0.,0.,-5.74));
#1056 = DIRECTION('',(0.,0.,1.));
#1057 = DIRECTION('',(1.110223024625E-16,-1.,0.));
#1058 = ADVANCED_FACE('',(#1059),#1078,.T.);
#1059 = FACE_BOUND('',#1060,.T.);
#1060 = EDGE_LOOP('',(#1061,#1062,#1063,#1072));
#1061 = ORIENTED_EDGE('',*,*,#463,.F.);
#1062 = ORIENTED_EDGE('',*,*,#584,.T.);
#1063 = ORIENTED_EDGE('',*,*,#1064,.F.);
#1064 = EDGE_CURVE('',#1065,#577,#1067,.T.);
#1065 = VERTEX_POINT('',#1066);
#1066 = CARTESIAN_POINT('',(-2.85,17.249128887131,-2.44));
#1067 = CIRCLE('',#1068,1.65);
#1068 = AXIS2_PLACEMENT_3D('',#1069,#1070,#1071);
#1069 = CARTESIAN_POINT('',(-2.85,17.249128887131,-4.09));
#1070 = DIRECTION('',(1.110223024625E-16,-1.,0.));
#1071 = DIRECTION('',(-0.707106781187,-7.850462293419E-17,
    -0.707106781187));
#1072 = ORIENTED_EDGE('',*,*,#1073,.T.);
#1073 = EDGE_CURVE('',#1065,#466,#1074,.T.);
#1074 = LINE('',#1075,#1076);
#1075 = CARTESIAN_POINT('',(-4.5,17.249128887131,-2.44));
#1076 = VECTOR('',#1077,1.);
#1077 = DIRECTION('',(1.,1.110223024625E-16,0.));
#1078 = PLANE('',#1079);
#1079 = AXIS2_PLACEMENT_3D('',#1080,#1081,#1082);
#1080 = CARTESIAN_POINT('',(-1.7763568394E-15,17.249128887131,-4.09));
#1081 = DIRECTION('',(-1.110223024625E-16,1.,0.));
#1082 = DIRECTION('',(0.,0.,1.));
#1083 = ADVANCED_FACE('',(#1084),#1102,.T.);
#1084 = FACE_BOUND('',#1085,.T.);
#1085 = EDGE_LOOP('',(#1086,#1087,#1088,#1095,#1096));
#1086 = ORIENTED_EDGE('',*,*,#1064,.T.);
#1087 = ORIENTED_EDGE('',*,*,#576,.T.);
#1088 = ORIENTED_EDGE('',*,*,#1089,.F.);
#1089 = EDGE_CURVE('',#441,#569,#1090,.T.);
#1090 = CIRCLE('',#1091,1.65);
#1091 = AXIS2_PLACEMENT_3D('',#1092,#1093,#1094);
#1092 = CARTESIAN_POINT('',(-2.85,10.649128887131,-4.09));
#1093 = DIRECTION('',(1.110223024625E-16,-1.,0.));
#1094 = DIRECTION('',(-0.707106781187,-7.850462293419E-17,
    -0.707106781187));
#1095 = ORIENTED_EDGE('',*,*,#440,.T.);
#1096 = ORIENTED_EDGE('',*,*,#1097,.T.);
#1097 = EDGE_CURVE('',#433,#1065,#1098,.T.);
#1098 = LINE('',#1099,#1100);
#1099 = CARTESIAN_POINT('',(-2.85,10.649128887131,-2.44));
#1100 = VECTOR('',#1101,1.);
#1101 = DIRECTION('',(-1.110223024625E-16,1.,0.));
#1102 = CYLINDRICAL_SURFACE('',#1103,1.65);
#1103 = AXIS2_PLACEMENT_3D('',#1104,#1105,#1106);
#1104 = CARTESIAN_POINT('',(-2.85,10.649128887131,-4.09));
#1105 = DIRECTION('',(-1.110223024625E-16,1.,0.));
#1106 = DIRECTION('',(-0.707106781187,-7.850462293419E-17,0.707106781187
    ));
#1107 = ADVANCED_FACE('',(#1108),#1114,.T.);
#1108 = FACE_BOUND('',#1109,.T.);
#1109 = EDGE_LOOP('',(#1110,#1111,#1112,#1113));
#1110 = ORIENTED_EDGE('',*,*,#474,.F.);
#1111 = ORIENTED_EDGE('',*,*,#1073,.F.);
#1112 = ORIENTED_EDGE('',*,*,#1097,.F.);
#1113 = ORIENTED_EDGE('',*,*,#432,.T.);
#1114 = PLANE('',#1115);
#1115 = AXIS2_PLACEMENT_3D('',#1116,#1117,#1118);
#1116 = CARTESIAN_POINT('',(-4.5,10.649128887131,-2.44));
#1117 = DIRECTION('',(0.,0.,1.));
#1118 = DIRECTION('',(1.,1.110223024625E-16,0.));
#1119 = ADVANCED_FACE('',(#1120),#1138,.T.);
#1120 = FACE_BOUND('',#1121,.T.);
#1121 = EDGE_LOOP('',(#1122,#1123,#1131,#1137));
#1122 = ORIENTED_EDGE('',*,*,#568,.T.);
#1123 = ORIENTED_EDGE('',*,*,#1124,.T.);
#1124 = EDGE_CURVE('',#561,#1125,#1127,.T.);
#1125 = VERTEX_POINT('',#1126);
#1126 = CARTESIAN_POINT('',(-4.911259543614,10.649128887131,-4.14));
#1127 = LINE('',#1128,#1129);
#1128 = CARTESIAN_POINT('',(-4.911259543614,10.649128887131,-4.14));
#1129 = VECTOR('',#1130,1.);
#1130 = DIRECTION('',(0.,0.,1.));
#1131 = ORIENTED_EDGE('',*,*,#1132,.F.);
#1132 = EDGE_CURVE('',#441,#1125,#1133,.T.);
#1133 = LINE('',#1134,#1135);
#1134 = CARTESIAN_POINT('',(2.405629771807,10.649128887131,-4.14));
#1135 = VECTOR('',#1136,1.);
#1136 = DIRECTION('',(-1.,-1.110223024625E-16,0.));
#1137 = ORIENTED_EDGE('',*,*,#1089,.T.);
#1138 = PLANE('',#1139);
#1139 = AXIS2_PLACEMENT_3D('',#1140,#1141,#1142);
#1140 = CARTESIAN_POINT('',(-4.811259543614,10.649128887131,-4.14));
#1141 = DIRECTION('',(-1.110223024625E-16,1.,0.));
#1142 = DIRECTION('',(1.,1.110223024625E-16,0.));
#1143 = ADVANCED_FACE('',(#1144),#1169,.T.);
#1144 = FACE_BOUND('',#1145,.T.);
#1145 = EDGE_LOOP('',(#1146,#1156,#1162,#1163));
#1146 = ORIENTED_EDGE('',*,*,#1147,.F.);
#1147 = EDGE_CURVE('',#1148,#1150,#1152,.T.);
#1148 = VERTEX_POINT('',#1149);
#1149 = CARTESIAN_POINT('',(5.476102018415,9.117551702234,-4.14));
#1150 = VERTEX_POINT('',#1151);
#1151 = CARTESIAN_POINT('',(6.370085145156,9.117551702234,-4.14));
#1152 = LINE('',#1153,#1154);
#1153 = CARTESIAN_POINT('',(3.185042572578,9.117551702234,-4.14));
#1154 = VECTOR('',#1155,1.);
#1155 = DIRECTION('',(1.,1.110223024625E-16,0.));
#1156 = ORIENTED_EDGE('',*,*,#1157,.T.);
#1157 = EDGE_CURVE('',#1148,#382,#1158,.T.);
#1158 = LINE('',#1159,#1160);
#1159 = CARTESIAN_POINT('',(5.476102018415,9.117551702234,-4.14));
#1160 = VECTOR('',#1161,1.);
#1161 = DIRECTION('',(0.,0.,1.));
#1162 = ORIENTED_EDGE('',*,*,#407,.F.);
#1163 = ORIENTED_EDGE('',*,*,#1164,.F.);
#1164 = EDGE_CURVE('',#1150,#400,#1165,.T.);
#1165 = LINE('',#1166,#1167);
#1166 = CARTESIAN_POINT('',(6.370085145156,9.117551702234,-4.14));
#1167 = VECTOR('',#1168,1.);
#1168 = DIRECTION('',(0.,0.,1.));
#1169 = PLANE('',#1170);
#1170 = AXIS2_PLACEMENT_3D('',#1171,#1172,#1173);
#1171 = CARTESIAN_POINT('',(6.370085145156,9.117551702234,-4.14));
#1172 = DIRECTION('',(-1.110223024625E-16,1.,0.));
#1173 = DIRECTION('',(-1.,-1.110223024625E-16,0.));
#1174 = ADVANCED_FACE('',(#1175),#1193,.T.);
#1175 = FACE_BOUND('',#1176,.T.);
#1176 = EDGE_LOOP('',(#1177,#1185,#1186,#1187));
#1177 = ORIENTED_EDGE('',*,*,#1178,.F.);
#1178 = EDGE_CURVE('',#1150,#1179,#1181,.T.);
#1179 = VERTEX_POINT('',#1180);
#1180 = CARTESIAN_POINT('',(6.370085145156,7.376923367514,-4.14));
#1181 = LINE('',#1182,#1183);
#1182 = CARTESIAN_POINT('',(6.370085145156,3.688461683757,-4.14));
#1183 = VECTOR('',#1184,1.);
#1184 = DIRECTION('',(1.110223024625E-16,-1.,0.));
#1185 = ORIENTED_EDGE('',*,*,#1164,.T.);
#1186 = ORIENTED_EDGE('',*,*,#399,.F.);
#1187 = ORIENTED_EDGE('',*,*,#1188,.F.);
#1188 = EDGE_CURVE('',#1179,#392,#1189,.T.);
#1189 = LINE('',#1190,#1191);
#1190 = CARTESIAN_POINT('',(6.370085145156,7.376923367514,-4.14));
#1191 = VECTOR('',#1192,1.);
#1192 = DIRECTION('',(0.,0.,1.));
#1193 = PLANE('',#1194);
#1194 = AXIS2_PLACEMENT_3D('',#1195,#1196,#1197);
#1195 = CARTESIAN_POINT('',(6.370085145156,7.376923367514,-4.14));
#1196 = DIRECTION('',(1.,1.110223024625E-16,0.));
#1197 = DIRECTION('',(-1.110223024625E-16,1.,0.));
#1198 = ADVANCED_FACE('',(#1199),#1217,.T.);
#1199 = FACE_BOUND('',#1200,.T.);
#1200 = EDGE_LOOP('',(#1201,#1209,#1210,#1211));
#1201 = ORIENTED_EDGE('',*,*,#1202,.F.);
#1202 = EDGE_CURVE('',#1179,#1203,#1205,.T.);
#1203 = VERTEX_POINT('',#1204);
#1204 = CARTESIAN_POINT('',(5.476102018415,7.376923367514,-4.14));
#1205 = LINE('',#1206,#1207);
#1206 = CARTESIAN_POINT('',(2.738051009207,7.376923367514,-4.14));
#1207 = VECTOR('',#1208,1.);
#1208 = DIRECTION('',(-1.,-1.110223024625E-16,0.));
#1209 = ORIENTED_EDGE('',*,*,#1188,.T.);
#1210 = ORIENTED_EDGE('',*,*,#391,.F.);
#1211 = ORIENTED_EDGE('',*,*,#1212,.F.);
#1212 = EDGE_CURVE('',#1203,#384,#1213,.T.);
#1213 = LINE('',#1214,#1215);
#1214 = CARTESIAN_POINT('',(5.476102018415,7.376923367514,-4.14));
#1215 = VECTOR('',#1216,1.);
#1216 = DIRECTION('',(0.,0.,1.));
#1217 = PLANE('',#1218);
#1218 = AXIS2_PLACEMENT_3D('',#1219,#1220,#1221);
#1219 = CARTESIAN_POINT('',(5.476102018415,7.376923367514,-4.14));
#1220 = DIRECTION('',(1.110223024625E-16,-1.,0.));
#1221 = DIRECTION('',(1.,1.110223024625E-16,0.));
#1222 = ADVANCED_FACE('',(#1223),#1234,.T.);
#1223 = FACE_BOUND('',#1224,.T.);
#1224 = EDGE_LOOP('',(#1225,#1231,#1232,#1233));
#1225 = ORIENTED_EDGE('',*,*,#1226,.F.);
#1226 = EDGE_CURVE('',#1203,#1148,#1227,.T.);
#1227 = LINE('',#1228,#1229);
#1228 = CARTESIAN_POINT('',(5.476102018415,4.558775851117,-4.14));
#1229 = VECTOR('',#1230,1.);
#1230 = DIRECTION('',(-1.110223024625E-16,1.,0.));
#1231 = ORIENTED_EDGE('',*,*,#1212,.T.);
#1232 = ORIENTED_EDGE('',*,*,#381,.F.);
#1233 = ORIENTED_EDGE('',*,*,#1157,.F.);
#1234 = PLANE('',#1235);
#1235 = AXIS2_PLACEMENT_3D('',#1236,#1237,#1238);
#1236 = CARTESIAN_POINT('',(5.476102018415,9.117551702234,-4.14));
#1237 = DIRECTION('',(-1.,-1.110223024625E-16,0.));
#1238 = DIRECTION('',(1.110223024625E-16,-1.,0.));
#1239 = ADVANCED_FACE('',(#1240),#1265,.T.);
#1240 = FACE_BOUND('',#1241,.T.);
#1241 = EDGE_LOOP('',(#1242,#1252,#1258,#1259));
#1242 = ORIENTED_EDGE('',*,*,#1243,.F.);
#1243 = EDGE_CURVE('',#1244,#1246,#1248,.T.);
#1244 = VERTEX_POINT('',#1245);
#1245 = CARTESIAN_POINT('',(-5.057945766132,4.417028202674,-4.14));
#1246 = VERTEX_POINT('',#1247);
#1247 = CARTESIAN_POINT('',(-2.572412545325,4.417028202674,-4.14));
#1248 = LINE('',#1249,#1250);
#1249 = CARTESIAN_POINT('',(-1.286206272662,4.417028202674,-4.14));
#1250 = VECTOR('',#1251,1.);
#1251 = DIRECTION('',(1.,1.110223024625E-16,0.));
#1252 = ORIENTED_EDGE('',*,*,#1253,.T.);
#1253 = EDGE_CURVE('',#1244,#102,#1254,.T.);
#1254 = LINE('',#1255,#1256);
#1255 = CARTESIAN_POINT('',(-5.057945766132,4.417028202674,-4.14));
#1256 = VECTOR('',#1257,1.);
#1257 = DIRECTION('',(0.,0.,1.));
#1258 = ORIENTED_EDGE('',*,*,#127,.F.);
#1259 = ORIENTED_EDGE('',*,*,#1260,.F.);
#1260 = EDGE_CURVE('',#1246,#120,#1261,.T.);
#1261 = LINE('',#1262,#1263);
#1262 = CARTESIAN_POINT('',(-2.572412545325,4.417028202674,-4.14));
#1263 = VECTOR('',#1264,1.);
#1264 = DIRECTION('',(0.,0.,1.));
#1265 = PLANE('',#1266);
#1266 = AXIS2_PLACEMENT_3D('',#1267,#1268,#1269);
#1267 = CARTESIAN_POINT('',(-2.572412545325,4.417028202674,-4.14));
#1268 = DIRECTION('',(-1.110223024625E-16,1.,0.));
#1269 = DIRECTION('',(-1.,-1.110223024625E-16,0.));
#1270 = ADVANCED_FACE('',(#1271),#1289,.T.);
#1271 = FACE_BOUND('',#1272,.T.);
#1272 = EDGE_LOOP('',(#1273,#1281,#1282,#1283));
#1273 = ORIENTED_EDGE('',*,*,#1274,.F.);
#1274 = EDGE_CURVE('',#1246,#1275,#1277,.T.);
#1275 = VERTEX_POINT('',#1276);
#1276 = CARTESIAN_POINT('',(-2.572412545325,1.142980994577,-4.14));
#1277 = LINE('',#1278,#1279);
#1278 = CARTESIAN_POINT('',(-2.572412545325,0.571490497289,-4.14));
#1279 = VECTOR('',#1280,1.);
#1280 = DIRECTION('',(1.110223024625E-16,-1.,0.));
#1281 = ORIENTED_EDGE('',*,*,#1260,.T.);
#1282 = ORIENTED_EDGE('',*,*,#119,.F.);
#1283 = ORIENTED_EDGE('',*,*,#1284,.F.);
#1284 = EDGE_CURVE('',#1275,#112,#1285,.T.);
#1285 = LINE('',#1286,#1287);
#1286 = CARTESIAN_POINT('',(-2.572412545325,1.142980994577,-4.14));
#1287 = VECTOR('',#1288,1.);
#1288 = DIRECTION('',(0.,0.,1.));
#1289 = PLANE('',#1290);
#1290 = AXIS2_PLACEMENT_3D('',#1291,#1292,#1293);
#1291 = CARTESIAN_POINT('',(-2.572412545325,1.142980994577,-4.14));
#1292 = DIRECTION('',(1.,1.110223024625E-16,0.));
#1293 = DIRECTION('',(-1.110223024625E-16,1.,0.));
#1294 = ADVANCED_FACE('',(#1295),#1313,.T.);
#1295 = FACE_BOUND('',#1296,.T.);
#1296 = EDGE_LOOP('',(#1297,#1305,#1306,#1307));
#1297 = ORIENTED_EDGE('',*,*,#1298,.F.);
#1298 = EDGE_CURVE('',#1275,#1299,#1301,.T.);
#1299 = VERTEX_POINT('',#1300);
#1300 = CARTESIAN_POINT('',(-5.057945766132,1.142980994577,-4.14));
#1301 = LINE('',#1302,#1303);
#1302 = CARTESIAN_POINT('',(-2.528972883066,1.142980994577,-4.14));
#1303 = VECTOR('',#1304,1.);
#1304 = DIRECTION('',(-1.,-1.110223024625E-16,0.));
#1305 = ORIENTED_EDGE('',*,*,#1284,.T.);
#1306 = ORIENTED_EDGE('',*,*,#111,.F.);
#1307 = ORIENTED_EDGE('',*,*,#1308,.F.);
#1308 = EDGE_CURVE('',#1299,#104,#1309,.T.);
#1309 = LINE('',#1310,#1311);
#1310 = CARTESIAN_POINT('',(-5.057945766132,1.142980994577,-4.14));
#1311 = VECTOR('',#1312,1.);
#1312 = DIRECTION('',(0.,0.,1.));
#1313 = PLANE('',#1314);
#1314 = AXIS2_PLACEMENT_3D('',#1315,#1316,#1317);
#1315 = CARTESIAN_POINT('',(-5.057945766132,1.142980994577,-4.14));
#1316 = DIRECTION('',(1.110223024625E-16,-1.,0.));
#1317 = DIRECTION('',(1.,1.110223024625E-16,0.));
#1318 = ADVANCED_FACE('',(#1319),#1330,.T.);
#1319 = FACE_BOUND('',#1320,.T.);
#1320 = EDGE_LOOP('',(#1321,#1327,#1328,#1329));
#1321 = ORIENTED_EDGE('',*,*,#1322,.F.);
#1322 = EDGE_CURVE('',#1299,#1244,#1323,.T.);
#1323 = LINE('',#1324,#1325);
#1324 = CARTESIAN_POINT('',(-5.057945766132,2.208514101337,-4.14));
#1325 = VECTOR('',#1326,1.);
#1326 = DIRECTION('',(-1.110223024625E-16,1.,0.));
#1327 = ORIENTED_EDGE('',*,*,#1308,.T.);
#1328 = ORIENTED_EDGE('',*,*,#101,.F.);
#1329 = ORIENTED_EDGE('',*,*,#1253,.F.);
#1330 = PLANE('',#1331);
#1331 = AXIS2_PLACEMENT_3D('',#1332,#1333,#1334);
#1332 = CARTESIAN_POINT('',(-5.057945766132,4.417028202674,-4.14));
#1333 = DIRECTION('',(-1.,-1.110223024625E-16,0.));
#1334 = DIRECTION('',(1.110223024625E-16,-1.,0.));
#1335 = ADVANCED_FACE('',(#1336),#1361,.T.);
#1336 = FACE_BOUND('',#1337,.T.);
#1337 = EDGE_LOOP('',(#1338,#1348,#1354,#1355));
#1338 = ORIENTED_EDGE('',*,*,#1339,.F.);
#1339 = EDGE_CURVE('',#1340,#1342,#1344,.T.);
#1340 = VERTEX_POINT('',#1341);
#1341 = CARTESIAN_POINT('',(1.284691897273,6.117830224087,-4.14));
#1342 = VERTEX_POINT('',#1343);
#1343 = CARTESIAN_POINT('',(1.284691897273,7.947360595177,-4.14));
#1344 = LINE('',#1345,#1346);
#1345 = CARTESIAN_POINT('',(1.284691897273,3.973680297588,-4.14));
#1346 = VECTOR('',#1347,1.);
#1347 = DIRECTION('',(-1.110223024625E-16,1.,0.));
#1348 = ORIENTED_EDGE('',*,*,#1349,.T.);
#1349 = EDGE_CURVE('',#1340,#62,#1350,.T.);
#1350 = LINE('',#1351,#1352);
#1351 = CARTESIAN_POINT('',(1.284691897273,6.117830224087,-4.14));
#1352 = VECTOR('',#1353,1.);
#1353 = DIRECTION('',(0.,0.,1.));
#1354 = ORIENTED_EDGE('',*,*,#87,.F.);
#1355 = ORIENTED_EDGE('',*,*,#1356,.F.);
#1356 = EDGE_CURVE('',#1342,#80,#1357,.T.);
#1357 = LINE('',#1358,#1359);
#1358 = CARTESIAN_POINT('',(1.284691897273,7.947360595177,-4.14));
#1359 = VECTOR('',#1360,1.);
#1360 = DIRECTION('',(0.,0.,1.));
#1361 = PLANE('',#1362);
#1362 = AXIS2_PLACEMENT_3D('',#1363,#1364,#1365);
#1363 = CARTESIAN_POINT('',(1.284691897273,7.947360595177,-4.14));
#1364 = DIRECTION('',(-1.,-1.110223024625E-16,0.));
#1365 = DIRECTION('',(1.110223024625E-16,-1.,0.));
#1366 = ADVANCED_FACE('',(#1367),#1385,.T.);
#1367 = FACE_BOUND('',#1368,.T.);
#1368 = EDGE_LOOP('',(#1369,#1377,#1378,#1379));
#1369 = ORIENTED_EDGE('',*,*,#1370,.F.);
#1370 = EDGE_CURVE('',#1342,#1371,#1373,.T.);
#1371 = VERTEX_POINT('',#1372);
#1372 = CARTESIAN_POINT('',(4.440899262603,7.947360595177,-4.14));
#1373 = LINE('',#1374,#1375);
#1374 = CARTESIAN_POINT('',(2.220449631302,7.947360595177,-4.14));
#1375 = VECTOR('',#1376,1.);
#1376 = DIRECTION('',(1.,1.110223024625E-16,0.));
#1377 = ORIENTED_EDGE('',*,*,#1356,.T.);
#1378 = ORIENTED_EDGE('',*,*,#79,.F.);
#1379 = ORIENTED_EDGE('',*,*,#1380,.F.);
#1380 = EDGE_CURVE('',#1371,#72,#1381,.T.);
#1381 = LINE('',#1382,#1383);
#1382 = CARTESIAN_POINT('',(4.440899262603,7.947360595177,-4.14));
#1383 = VECTOR('',#1384,1.);
#1384 = DIRECTION('',(0.,0.,1.));
#1385 = PLANE('',#1386);
#1386 = AXIS2_PLACEMENT_3D('',#1387,#1388,#1389);
#1387 = CARTESIAN_POINT('',(4.440899262603,7.947360595177,-4.14));
#1388 = DIRECTION('',(-1.110223024625E-16,1.,0.));
#1389 = DIRECTION('',(-1.,-1.110223024625E-16,0.));
#1390 = ADVANCED_FACE('',(#1391),#1409,.T.);
#1391 = FACE_BOUND('',#1392,.T.);
#1392 = EDGE_LOOP('',(#1393,#1401,#1402,#1403));
#1393 = ORIENTED_EDGE('',*,*,#1394,.F.);
#1394 = EDGE_CURVE('',#1371,#1395,#1397,.T.);
#1395 = VERTEX_POINT('',#1396);
#1396 = CARTESIAN_POINT('',(4.440899262603,6.117830224087,-4.14));
#1397 = LINE('',#1398,#1399);
#1398 = CARTESIAN_POINT('',(4.440899262603,3.058915112043,-4.14));
#1399 = VECTOR('',#1400,1.);
#1400 = DIRECTION('',(1.110223024625E-16,-1.,0.));
#1401 = ORIENTED_EDGE('',*,*,#1380,.T.);
#1402 = ORIENTED_EDGE('',*,*,#71,.F.);
#1403 = ORIENTED_EDGE('',*,*,#1404,.F.);
#1404 = EDGE_CURVE('',#1395,#64,#1405,.T.);
#1405 = LINE('',#1406,#1407);
#1406 = CARTESIAN_POINT('',(4.440899262603,6.117830224087,-4.14));
#1407 = VECTOR('',#1408,1.);
#1408 = DIRECTION('',(0.,0.,1.));
#1409 = PLANE('',#1410);
#1410 = AXIS2_PLACEMENT_3D('',#1411,#1412,#1413);
#1411 = CARTESIAN_POINT('',(4.440899262603,6.117830224087,-4.14));
#1412 = DIRECTION('',(1.,1.110223024625E-16,0.));
#1413 = DIRECTION('',(-1.110223024625E-16,1.,0.));
#1414 = ADVANCED_FACE('',(#1415),#1426,.T.);
#1415 = FACE_BOUND('',#1416,.T.);
#1416 = EDGE_LOOP('',(#1417,#1423,#1424,#1425));
#1417 = ORIENTED_EDGE('',*,*,#1418,.F.);
#1418 = EDGE_CURVE('',#1395,#1340,#1419,.T.);
#1419 = LINE('',#1420,#1421);
#1420 = CARTESIAN_POINT('',(0.642345948636,6.117830224087,-4.14));
#1421 = VECTOR('',#1422,1.);
#1422 = DIRECTION('',(-1.,-1.110223024625E-16,0.));
#1423 = ORIENTED_EDGE('',*,*,#1404,.T.);
#1424 = ORIENTED_EDGE('',*,*,#61,.F.);
#1425 = ORIENTED_EDGE('',*,*,#1349,.F.);
#1426 = PLANE('',#1427);
#1427 = AXIS2_PLACEMENT_3D('',#1428,#1429,#1430);
#1428 = CARTESIAN_POINT('',(1.284691897273,6.117830224087,-4.14));
#1429 = DIRECTION('',(1.110223024625E-16,-1.,0.));
#1430 = DIRECTION('',(1.,1.110223024625E-16,0.));
#1431 = ADVANCED_FACE('',(#1432),#1457,.T.);
#1432 = FACE_BOUND('',#1433,.T.);
#1433 = EDGE_LOOP('',(#1434,#1444,#1450,#1451));
#1434 = ORIENTED_EDGE('',*,*,#1435,.F.);
#1435 = EDGE_CURVE('',#1436,#1438,#1440,.T.);
#1436 = VERTEX_POINT('',#1437);
#1437 = CARTESIAN_POINT('',(-4.473056286733,7.947360595177,-4.14));
#1438 = VERTEX_POINT('',#1439);
#1439 = CARTESIAN_POINT('',(-1.283047681106,7.947360595177,-4.14));
#1440 = LINE('',#1441,#1442);
#1441 = CARTESIAN_POINT('',(-0.641523840553,7.947360595177,-4.14));
#1442 = VECTOR('',#1443,1.);
#1443 = DIRECTION('',(1.,1.110223024625E-16,0.));
#1444 = ORIENTED_EDGE('',*,*,#1445,.T.);
#1445 = EDGE_CURVE('',#1436,#342,#1446,.T.);
#1446 = LINE('',#1447,#1448);
#1447 = CARTESIAN_POINT('',(-4.473056286733,7.947360595177,-4.14));
#1448 = VECTOR('',#1449,1.);
#1449 = DIRECTION('',(0.,0.,1.));
#1450 = ORIENTED_EDGE('',*,*,#367,.F.);
#1451 = ORIENTED_EDGE('',*,*,#1452,.F.);
#1452 = EDGE_CURVE('',#1438,#360,#1453,.T.);
#1453 = LINE('',#1454,#1455);
#1454 = CARTESIAN_POINT('',(-1.283047681106,7.947360595177,-4.14));
#1455 = VECTOR('',#1456,1.);
#1456 = DIRECTION('',(0.,0.,1.));
#1457 = PLANE('',#1458);
#1458 = AXIS2_PLACEMENT_3D('',#1459,#1460,#1461);
#1459 = CARTESIAN_POINT('',(-1.283047681106,7.947360595177,-4.14));
#1460 = DIRECTION('',(-1.110223024625E-16,1.,0.));
#1461 = DIRECTION('',(-1.,-1.110223024625E-16,0.));
#1462 = ADVANCED_FACE('',(#1463),#1481,.T.);
#1463 = FACE_BOUND('',#1464,.T.);
#1464 = EDGE_LOOP('',(#1465,#1473,#1474,#1475));
#1465 = ORIENTED_EDGE('',*,*,#1466,.F.);
#1466 = EDGE_CURVE('',#1438,#1467,#1469,.T.);
#1467 = VERTEX_POINT('',#1468);
#1468 = CARTESIAN_POINT('',(-1.283047681106,6.117830224087,-4.14));
#1469 = LINE('',#1470,#1471);
#1470 = CARTESIAN_POINT('',(-1.283047681106,3.058915112043,-4.14));
#1471 = VECTOR('',#1472,1.);
#1472 = DIRECTION('',(1.110223024625E-16,-1.,0.));
#1473 = ORIENTED_EDGE('',*,*,#1452,.T.);
#1474 = ORIENTED_EDGE('',*,*,#359,.F.);
#1475 = ORIENTED_EDGE('',*,*,#1476,.F.);
#1476 = EDGE_CURVE('',#1467,#352,#1477,.T.);
#1477 = LINE('',#1478,#1479);
#1478 = CARTESIAN_POINT('',(-1.283047681106,6.117830224087,-4.14));
#1479 = VECTOR('',#1480,1.);
#1480 = DIRECTION('',(0.,0.,1.));
#1481 = PLANE('',#1482);
#1482 = AXIS2_PLACEMENT_3D('',#1483,#1484,#1485);
#1483 = CARTESIAN_POINT('',(-1.283047681106,6.117830224087,-4.14));
#1484 = DIRECTION('',(1.,1.110223024625E-16,0.));
#1485 = DIRECTION('',(-1.110223024625E-16,1.,0.));
#1486 = ADVANCED_FACE('',(#1487),#1505,.T.);
#1487 = FACE_BOUND('',#1488,.T.);
#1488 = EDGE_LOOP('',(#1489,#1497,#1498,#1499));
#1489 = ORIENTED_EDGE('',*,*,#1490,.F.);
#1490 = EDGE_CURVE('',#1467,#1491,#1493,.T.);
#1491 = VERTEX_POINT('',#1492);
#1492 = CARTESIAN_POINT('',(-4.473056286733,6.117830224087,-4.14));
#1493 = LINE('',#1494,#1495);
#1494 = CARTESIAN_POINT('',(-2.236528143367,6.117830224087,-4.14));
#1495 = VECTOR('',#1496,1.);
#1496 = DIRECTION('',(-1.,-1.110223024625E-16,0.));
#1497 = ORIENTED_EDGE('',*,*,#1476,.T.);
#1498 = ORIENTED_EDGE('',*,*,#351,.F.);
#1499 = ORIENTED_EDGE('',*,*,#1500,.F.);
#1500 = EDGE_CURVE('',#1491,#344,#1501,.T.);
#1501 = LINE('',#1502,#1503);
#1502 = CARTESIAN_POINT('',(-4.473056286733,6.117830224087,-4.14));
#1503 = VECTOR('',#1504,1.);
#1504 = DIRECTION('',(0.,0.,1.));
#1505 = PLANE('',#1506);
#1506 = AXIS2_PLACEMENT_3D('',#1507,#1508,#1509);
#1507 = CARTESIAN_POINT('',(-4.473056286733,6.117830224087,-4.14));
#1508 = DIRECTION('',(1.110223024625E-16,-1.,0.));
#1509 = DIRECTION('',(1.,1.110223024625E-16,0.));
#1510 = ADVANCED_FACE('',(#1511),#1522,.T.);
#1511 = FACE_BOUND('',#1512,.T.);
#1512 = EDGE_LOOP('',(#1513,#1519,#1520,#1521));
#1513 = ORIENTED_EDGE('',*,*,#1514,.F.);
#1514 = EDGE_CURVE('',#1491,#1436,#1515,.T.);
#1515 = LINE('',#1516,#1517);
#1516 = CARTESIAN_POINT('',(-4.473056286733,3.973680297588,-4.14));
#1517 = VECTOR('',#1518,1.);
#1518 = DIRECTION('',(-1.110223024625E-16,1.,0.));
#1519 = ORIENTED_EDGE('',*,*,#1500,.T.);
#1520 = ORIENTED_EDGE('',*,*,#341,.F.);
#1521 = ORIENTED_EDGE('',*,*,#1445,.F.);
#1522 = PLANE('',#1523);
#1523 = AXIS2_PLACEMENT_3D('',#1524,#1525,#1526);
#1524 = CARTESIAN_POINT('',(-4.473056286733,7.947360595177,-4.14));
#1525 = DIRECTION('',(-1.,-1.110223024625E-16,0.));
#1526 = DIRECTION('',(1.110223024625E-16,-1.,0.));
#1527 = ADVANCED_FACE('',(#1528),#1553,.T.);
#1528 = FACE_BOUND('',#1529,.T.);
#1529 = EDGE_LOOP('',(#1530,#1540,#1546,#1547));
#1530 = ORIENTED_EDGE('',*,*,#1531,.F.);
#1531 = EDGE_CURVE('',#1532,#1534,#1536,.T.);
#1532 = VERTEX_POINT('',#1533);
#1533 = CARTESIAN_POINT('',(-6.30682901624,8.866036436908,-4.14));
#1534 = VERTEX_POINT('',#1535);
#1535 = CARTESIAN_POINT('',(-5.121619725865,8.866036436908,-4.14));
#1536 = LINE('',#1537,#1538);
#1537 = CARTESIAN_POINT('',(-2.560809862932,8.866036436908,-4.14));
#1538 = VECTOR('',#1539,1.);
#1539 = DIRECTION('',(1.,1.110223024625E-16,0.));
#1540 = ORIENTED_EDGE('',*,*,#1541,.T.);
#1541 = EDGE_CURVE('',#1532,#22,#1542,.T.);
#1542 = LINE('',#1543,#1544);
#1543 = CARTESIAN_POINT('',(-6.30682901624,8.866036436908,-4.14));
#1544 = VECTOR('',#1545,1.);
#1545 = DIRECTION('',(0.,0.,1.));
#1546 = ORIENTED_EDGE('',*,*,#47,.F.);
#1547 = ORIENTED_EDGE('',*,*,#1548,.F.);
#1548 = EDGE_CURVE('',#1534,#40,#1549,.T.);
#1549 = LINE('',#1550,#1551);
#1550 = CARTESIAN_POINT('',(-5.121619725865,8.866036436908,-4.14));
#1551 = VECTOR('',#1552,1.);
#1552 = DIRECTION('',(0.,0.,1.));
#1553 = PLANE('',#1554);
#1554 = AXIS2_PLACEMENT_3D('',#1555,#1556,#1557);
#1555 = CARTESIAN_POINT('',(-5.121619725865,8.866036436908,-4.14));
#1556 = DIRECTION('',(-1.110223024625E-16,1.,0.));
#1557 = DIRECTION('',(-1.,-1.110223024625E-16,0.));
#1558 = ADVANCED_FACE('',(#1559),#1577,.T.);
#1559 = FACE_BOUND('',#1560,.T.);
#1560 = EDGE_LOOP('',(#1561,#1569,#1570,#1571));
#1561 = ORIENTED_EDGE('',*,*,#1562,.F.);
#1562 = EDGE_CURVE('',#1534,#1563,#1565,.T.);
#1563 = VERTEX_POINT('',#1564);
#1564 = CARTESIAN_POINT('',(-5.121619725865,7.517350003033,-4.14));
#1565 = LINE('',#1566,#1567);
#1566 = CARTESIAN_POINT('',(-5.121619725865,3.758675001517,-4.14));
#1567 = VECTOR('',#1568,1.);
#1568 = DIRECTION('',(1.110223024625E-16,-1.,0.));
#1569 = ORIENTED_EDGE('',*,*,#1548,.T.);
#1570 = ORIENTED_EDGE('',*,*,#39,.F.);
#1571 = ORIENTED_EDGE('',*,*,#1572,.F.);
#1572 = EDGE_CURVE('',#1563,#32,#1573,.T.);
#1573 = LINE('',#1574,#1575);
#1574 = CARTESIAN_POINT('',(-5.121619725865,7.517350003033,-4.14));
#1575 = VECTOR('',#1576,1.);
#1576 = DIRECTION('',(0.,0.,1.));
#1577 = PLANE('',#1578);
#1578 = AXIS2_PLACEMENT_3D('',#1579,#1580,#1581);
#1579 = CARTESIAN_POINT('',(-5.121619725865,7.517350003033,-4.14));
#1580 = DIRECTION('',(1.,1.110223024625E-16,0.));
#1581 = DIRECTION('',(-1.110223024625E-16,1.,0.));
#1582 = ADVANCED_FACE('',(#1583),#1601,.T.);
#1583 = FACE_BOUND('',#1584,.T.);
#1584 = EDGE_LOOP('',(#1585,#1593,#1594,#1595));
#1585 = ORIENTED_EDGE('',*,*,#1586,.F.);
#1586 = EDGE_CURVE('',#1563,#1587,#1589,.T.);
#1587 = VERTEX_POINT('',#1588);
#1588 = CARTESIAN_POINT('',(-6.30682901624,7.517350003033,-4.14));
#1589 = LINE('',#1590,#1591);
#1590 = CARTESIAN_POINT('',(-3.15341450812,7.517350003033,-4.14));
#1591 = VECTOR('',#1592,1.);
#1592 = DIRECTION('',(-1.,-1.110223024625E-16,0.));
#1593 = ORIENTED_EDGE('',*,*,#1572,.T.);
#1594 = ORIENTED_EDGE('',*,*,#31,.F.);
#1595 = ORIENTED_EDGE('',*,*,#1596,.F.);
#1596 = EDGE_CURVE('',#1587,#24,#1597,.T.);
#1597 = LINE('',#1598,#1599);
#1598 = CARTESIAN_POINT('',(-6.30682901624,7.517350003033,-4.14));
#1599 = VECTOR('',#1600,1.);
#1600 = DIRECTION('',(0.,0.,1.));
#1601 = PLANE('',#1602);
#1602 = AXIS2_PLACEMENT_3D('',#1603,#1604,#1605);
#1603 = CARTESIAN_POINT('',(-6.30682901624,7.517350003033,-4.14));
#1604 = DIRECTION('',(1.110223024625E-16,-1.,0.));
#1605 = DIRECTION('',(1.,1.110223024625E-16,0.));
#1606 = ADVANCED_FACE('',(#1607),#1618,.T.);
#1607 = FACE_BOUND('',#1608,.T.);
#1608 = EDGE_LOOP('',(#1609,#1615,#1616,#1617));
#1609 = ORIENTED_EDGE('',*,*,#1610,.F.);
#1610 = EDGE_CURVE('',#1587,#1532,#1611,.T.);
#1611 = LINE('',#1612,#1613);
#1612 = CARTESIAN_POINT('',(-6.30682901624,4.433018218454,-4.14));
#1613 = VECTOR('',#1614,1.);
#1614 = DIRECTION('',(-1.110223024625E-16,1.,0.));
#1615 = ORIENTED_EDGE('',*,*,#1596,.T.);
#1616 = ORIENTED_EDGE('',*,*,#21,.F.);
#1617 = ORIENTED_EDGE('',*,*,#1541,.F.);
#1618 = PLANE('',#1619);
#1619 = AXIS2_PLACEMENT_3D('',#1620,#1621,#1622);
#1620 = CARTESIAN_POINT('',(-6.30682901624,8.866036436908,-4.14));
#1621 = DIRECTION('',(-1.,-1.110223024625E-16,0.));
#1622 = DIRECTION('',(1.110223024625E-16,-1.,0.));
#1623 = ADVANCED_FACE('',(#1624),#1649,.T.);
#1624 = FACE_BOUND('',#1625,.T.);
#1625 = EDGE_LOOP('',(#1626,#1636,#1642,#1643));
#1626 = ORIENTED_EDGE('',*,*,#1627,.F.);
#1627 = EDGE_CURVE('',#1628,#1630,#1632,.T.);
#1628 = VERTEX_POINT('',#1629);
#1629 = CARTESIAN_POINT('',(-0.738260444453,4.417028202675,-4.14));
#1630 = VERTEX_POINT('',#1631);
#1631 = CARTESIAN_POINT('',(0.890192355386,4.417028202675,-4.14));
#1632 = LINE('',#1633,#1634);
#1633 = CARTESIAN_POINT('',(0.445096177693,4.417028202675,-4.14));
#1634 = VECTOR('',#1635,1.);
#1635 = DIRECTION('',(1.,1.110223024625E-16,0.));
#1636 = ORIENTED_EDGE('',*,*,#1637,.T.);
#1637 = EDGE_CURVE('',#1628,#302,#1638,.T.);
#1638 = LINE('',#1639,#1640);
#1639 = CARTESIAN_POINT('',(-0.738260444453,4.417028202675,-4.14));
#1640 = VECTOR('',#1641,1.);
#1641 = DIRECTION('',(0.,0.,1.));
#1642 = ORIENTED_EDGE('',*,*,#327,.F.);
#1643 = ORIENTED_EDGE('',*,*,#1644,.F.);
#1644 = EDGE_CURVE('',#1630,#320,#1645,.T.);
#1645 = LINE('',#1646,#1647);
#1646 = CARTESIAN_POINT('',(0.890192355386,4.417028202675,-4.14));
#1647 = VECTOR('',#1648,1.);
#1648 = DIRECTION('',(0.,0.,1.));
#1649 = PLANE('',#1650);
#1650 = AXIS2_PLACEMENT_3D('',#1651,#1652,#1653);
#1651 = CARTESIAN_POINT('',(0.890192355386,4.417028202675,-4.14));
#1652 = DIRECTION('',(-1.110223024625E-16,1.,0.));
#1653 = DIRECTION('',(-1.,-1.110223024625E-16,0.));
#1654 = ADVANCED_FACE('',(#1655),#1673,.T.);
#1655 = FACE_BOUND('',#1656,.T.);
#1656 = EDGE_LOOP('',(#1657,#1665,#1666,#1667));
#1657 = ORIENTED_EDGE('',*,*,#1658,.F.);
#1658 = EDGE_CURVE('',#1630,#1659,#1661,.T.);
#1659 = VERTEX_POINT('',#1660);
#1660 = CARTESIAN_POINT('',(0.890192355386,1.417246729287,-4.14));
#1661 = LINE('',#1662,#1663);
#1662 = CARTESIAN_POINT('',(0.890192355386,0.708623364643,-4.14));
#1663 = VECTOR('',#1664,1.);
#1664 = DIRECTION('',(1.110223024625E-16,-1.,0.));
#1665 = ORIENTED_EDGE('',*,*,#1644,.T.);
#1666 = ORIENTED_EDGE('',*,*,#319,.F.);
#1667 = ORIENTED_EDGE('',*,*,#1668,.F.);
#1668 = EDGE_CURVE('',#1659,#312,#1669,.T.);
#1669 = LINE('',#1670,#1671);
#1670 = CARTESIAN_POINT('',(0.890192355386,1.417246729287,-4.14));
#1671 = VECTOR('',#1672,1.);
#1672 = DIRECTION('',(0.,0.,1.));
#1673 = PLANE('',#1674);
#1674 = AXIS2_PLACEMENT_3D('',#1675,#1676,#1677);
#1675 = CARTESIAN_POINT('',(0.890192355386,1.417246729287,-4.14));
#1676 = DIRECTION('',(1.,1.110223024625E-16,0.));
#1677 = DIRECTION('',(-1.110223024625E-16,1.,0.));
#1678 = ADVANCED_FACE('',(#1679),#1697,.T.);
#1679 = FACE_BOUND('',#1680,.T.);
#1680 = EDGE_LOOP('',(#1681,#1689,#1690,#1691));
#1681 = ORIENTED_EDGE('',*,*,#1682,.F.);
#1682 = EDGE_CURVE('',#1659,#1683,#1685,.T.);
#1683 = VERTEX_POINT('',#1684);
#1684 = CARTESIAN_POINT('',(-0.738260444453,1.417246729287,-4.14));
#1685 = LINE('',#1686,#1687);
#1686 = CARTESIAN_POINT('',(-0.369130222227,1.417246729287,-4.14));
#1687 = VECTOR('',#1688,1.);
#1688 = DIRECTION('',(-1.,-1.110223024625E-16,0.));
#1689 = ORIENTED_EDGE('',*,*,#1668,.T.);
#1690 = ORIENTED_EDGE('',*,*,#311,.F.);
#1691 = ORIENTED_EDGE('',*,*,#1692,.F.);
#1692 = EDGE_CURVE('',#1683,#304,#1693,.T.);
#1693 = LINE('',#1694,#1695);
#1694 = CARTESIAN_POINT('',(-0.738260444453,1.417246729287,-4.14));
#1695 = VECTOR('',#1696,1.);
#1696 = DIRECTION('',(0.,0.,1.));
#1697 = PLANE('',#1698);
#1698 = AXIS2_PLACEMENT_3D('',#1699,#1700,#1701);
#1699 = CARTESIAN_POINT('',(-0.738260444453,1.417246729287,-4.14));
#1700 = DIRECTION('',(1.110223024625E-16,-1.,0.));
#1701 = DIRECTION('',(1.,1.110223024625E-16,0.));
#1702 = ADVANCED_FACE('',(#1703),#1714,.T.);
#1703 = FACE_BOUND('',#1704,.T.);
#1704 = EDGE_LOOP('',(#1705,#1711,#1712,#1713));
#1705 = ORIENTED_EDGE('',*,*,#1706,.F.);
#1706 = EDGE_CURVE('',#1683,#1628,#1707,.T.);
#1707 = LINE('',#1708,#1709);
#1708 = CARTESIAN_POINT('',(-0.738260444453,2.208514101337,-4.14));
#1709 = VECTOR('',#1710,1.);
#1710 = DIRECTION('',(-1.110223024625E-16,1.,0.));
#1711 = ORIENTED_EDGE('',*,*,#1692,.T.);
#1712 = ORIENTED_EDGE('',*,*,#301,.F.);
#1713 = ORIENTED_EDGE('',*,*,#1637,.F.);
#1714 = PLANE('',#1715);
#1715 = AXIS2_PLACEMENT_3D('',#1716,#1717,#1718);
#1716 = CARTESIAN_POINT('',(-0.738260444453,4.417028202675,-4.14));
#1717 = DIRECTION('',(-1.,-1.110223024625E-16,0.));
#1718 = DIRECTION('',(1.110223024625E-16,-1.,0.));
#1719 = ADVANCED_FACE('',(#1720),#1745,.T.);
#1720 = FACE_BOUND('',#1721,.T.);
#1721 = EDGE_LOOP('',(#1722,#1732,#1738,#1739));
#1722 = ORIENTED_EDGE('',*,*,#1723,.F.);
#1723 = EDGE_CURVE('',#1724,#1726,#1728,.T.);
#1724 = VERTEX_POINT('',#1725);
#1725 = CARTESIAN_POINT('',(2.320849592711,4.640011687454,-4.14));
#1726 = VERTEX_POINT('',#1727);
#1727 = CARTESIAN_POINT('',(3.741566263895,4.640011687454,-4.14));
#1728 = LINE('',#1729,#1730);
#1729 = CARTESIAN_POINT('',(1.870783131948,4.640011687454,-4.14));
#1730 = VECTOR('',#1731,1.);
#1731 = DIRECTION('',(1.,1.110223024625E-16,0.));
#1732 = ORIENTED_EDGE('',*,*,#1733,.T.);
#1733 = EDGE_CURVE('',#1724,#142,#1734,.T.);
#1734 = LINE('',#1735,#1736);
#1735 = CARTESIAN_POINT('',(2.320849592711,4.640011687454,-4.14));
#1736 = VECTOR('',#1737,1.);
#1737 = DIRECTION('',(0.,0.,1.));
#1738 = ORIENTED_EDGE('',*,*,#167,.F.);
#1739 = ORIENTED_EDGE('',*,*,#1740,.F.);
#1740 = EDGE_CURVE('',#1726,#160,#1741,.T.);
#1741 = LINE('',#1742,#1743);
#1742 = CARTESIAN_POINT('',(3.741566263895,4.640011687454,-4.14));
#1743 = VECTOR('',#1744,1.);
#1744 = DIRECTION('',(0.,0.,1.));
#1745 = PLANE('',#1746);
#1746 = AXIS2_PLACEMENT_3D('',#1747,#1748,#1749);
#1747 = CARTESIAN_POINT('',(3.741566263895,4.640011687454,-4.14));
#1748 = DIRECTION('',(-1.110223024625E-16,1.,0.));
#1749 = DIRECTION('',(-1.,-1.110223024625E-16,0.));
#1750 = ADVANCED_FACE('',(#1751),#1769,.T.);
#1751 = FACE_BOUND('',#1752,.T.);
#1752 = EDGE_LOOP('',(#1753,#1761,#1762,#1763));
#1753 = ORIENTED_EDGE('',*,*,#1754,.F.);
#1754 = EDGE_CURVE('',#1726,#1755,#1757,.T.);
#1755 = VERTEX_POINT('',#1756);
#1756 = CARTESIAN_POINT('',(3.741566263895,1.52913207986,-4.14));
#1757 = LINE('',#1758,#1759);
#1758 = CARTESIAN_POINT('',(3.741566263895,0.76456603993,-4.14));
#1759 = VECTOR('',#1760,1.);
#1760 = DIRECTION('',(1.110223024625E-16,-1.,0.));
#1761 = ORIENTED_EDGE('',*,*,#1740,.T.);
#1762 = ORIENTED_EDGE('',*,*,#159,.F.);
#1763 = ORIENTED_EDGE('',*,*,#1764,.F.);
#1764 = EDGE_CURVE('',#1755,#152,#1765,.T.);
#1765 = LINE('',#1766,#1767);
#1766 = CARTESIAN_POINT('',(3.741566263895,1.52913207986,-4.14));
#1767 = VECTOR('',#1768,1.);
#1768 = DIRECTION('',(0.,0.,1.));
#1769 = PLANE('',#1770);
#1770 = AXIS2_PLACEMENT_3D('',#1771,#1772,#1773);
#1771 = CARTESIAN_POINT('',(3.741566263895,1.52913207986,-4.14));
#1772 = DIRECTION('',(1.,1.110223024625E-16,0.));
#1773 = DIRECTION('',(-1.110223024625E-16,1.,0.));
#1774 = ADVANCED_FACE('',(#1775),#1793,.T.);
#1775 = FACE_BOUND('',#1776,.T.);
#1776 = EDGE_LOOP('',(#1777,#1785,#1786,#1787));
#1777 = ORIENTED_EDGE('',*,*,#1778,.F.);
#1778 = EDGE_CURVE('',#1755,#1779,#1781,.T.);
#1779 = VERTEX_POINT('',#1780);
#1780 = CARTESIAN_POINT('',(2.320849592711,1.52913207986,-4.14));
#1781 = LINE('',#1782,#1783);
#1782 = CARTESIAN_POINT('',(1.160424796355,1.52913207986,-4.14));
#1783 = VECTOR('',#1784,1.);
#1784 = DIRECTION('',(-1.,-1.110223024625E-16,0.));
#1785 = ORIENTED_EDGE('',*,*,#1764,.T.);
#1786 = ORIENTED_EDGE('',*,*,#151,.F.);
#1787 = ORIENTED_EDGE('',*,*,#1788,.F.);
#1788 = EDGE_CURVE('',#1779,#144,#1789,.T.);
#1789 = LINE('',#1790,#1791);
#1790 = CARTESIAN_POINT('',(2.320849592711,1.52913207986,-4.14));
#1791 = VECTOR('',#1792,1.);
#1792 = DIRECTION('',(0.,0.,1.));
#1793 = PLANE('',#1794);
#1794 = AXIS2_PLACEMENT_3D('',#1795,#1796,#1797);
#1795 = CARTESIAN_POINT('',(2.320849592711,1.52913207986,-4.14));
#1796 = DIRECTION('',(1.110223024625E-16,-1.,0.));
#1797 = DIRECTION('',(1.,1.110223024625E-16,0.));
#1798 = ADVANCED_FACE('',(#1799),#1810,.T.);
#1799 = FACE_BOUND('',#1800,.T.);
#1800 = EDGE_LOOP('',(#1801,#1807,#1808,#1809));
#1801 = ORIENTED_EDGE('',*,*,#1802,.F.);
#1802 = EDGE_CURVE('',#1779,#1724,#1803,.T.);
#1803 = LINE('',#1804,#1805);
#1804 = CARTESIAN_POINT('',(2.320849592711,2.320005843727,-4.14));
#1805 = VECTOR('',#1806,1.);
#1806 = DIRECTION('',(-1.110223024625E-16,1.,0.));
#1807 = ORIENTED_EDGE('',*,*,#1788,.T.);
#1808 = ORIENTED_EDGE('',*,*,#141,.F.);
#1809 = ORIENTED_EDGE('',*,*,#1733,.F.);
#1810 = PLANE('',#1811);
#1811 = AXIS2_PLACEMENT_3D('',#1812,#1813,#1814);
#1812 = CARTESIAN_POINT('',(2.320849592711,4.640011687454,-4.14));
#1813 = DIRECTION('',(-1.,-1.110223024625E-16,0.));
#1814 = DIRECTION('',(1.110223024625E-16,-1.,0.));
#1815 = ADVANCED_FACE('',(#1816),#1841,.T.);
#1816 = FACE_BOUND('',#1817,.T.);
#1817 = EDGE_LOOP('',(#1818,#1828,#1834,#1835));
#1818 = ORIENTED_EDGE('',*,*,#1819,.F.);
#1819 = EDGE_CURVE('',#1820,#1822,#1824,.T.);
#1820 = VERTEX_POINT('',#1821);
#1821 = CARTESIAN_POINT('',(3.146347026833,0.736668786989,-4.14));
#1822 = VERTEX_POINT('',#1823);
#1823 = CARTESIAN_POINT('',(6.124687134522,0.736668786989,-4.14));
#1824 = LINE('',#1825,#1826);
#1825 = CARTESIAN_POINT('',(3.062343567261,0.736668786989,-4.14));
#1826 = VECTOR('',#1827,1.);
#1827 = DIRECTION('',(1.,1.110223024625E-16,0.));
#1828 = ORIENTED_EDGE('',*,*,#1829,.T.);
#1829 = EDGE_CURVE('',#1820,#222,#1830,.T.);
#1830 = LINE('',#1831,#1832);
#1831 = CARTESIAN_POINT('',(3.146347026833,0.736668786989,-4.14));
#1832 = VECTOR('',#1833,1.);
#1833 = DIRECTION('',(0.,0.,1.));
#1834 = ORIENTED_EDGE('',*,*,#247,.F.);
#1835 = ORIENTED_EDGE('',*,*,#1836,.F.);
#1836 = EDGE_CURVE('',#1822,#240,#1837,.T.);
#1837 = LINE('',#1838,#1839);
#1838 = CARTESIAN_POINT('',(6.124687134522,0.736668786989,-4.14));
#1839 = VECTOR('',#1840,1.);
#1840 = DIRECTION('',(0.,0.,1.));
#1841 = PLANE('',#1842);
#1842 = AXIS2_PLACEMENT_3D('',#1843,#1844,#1845);
#1843 = CARTESIAN_POINT('',(6.124687134522,0.736668786989,-4.14));
#1844 = DIRECTION('',(-1.110223024625E-16,1.,0.));
#1845 = DIRECTION('',(-1.,-1.110223024625E-16,0.));
#1846 = ADVANCED_FACE('',(#1847),#1865,.T.);
#1847 = FACE_BOUND('',#1848,.T.);
#1848 = EDGE_LOOP('',(#1849,#1857,#1858,#1859));
#1849 = ORIENTED_EDGE('',*,*,#1850,.F.);
#1850 = EDGE_CURVE('',#1822,#1851,#1853,.T.);
#1851 = VERTEX_POINT('',#1852);
#1852 = CARTESIAN_POINT('',(6.124687134522,-1.257096078489,-4.14));
#1853 = LINE('',#1854,#1855);
#1854 = CARTESIAN_POINT('',(6.124687134522,-0.628548039244,-4.14));
#1855 = VECTOR('',#1856,1.);
#1856 = DIRECTION('',(1.110223024625E-16,-1.,0.));
#1857 = ORIENTED_EDGE('',*,*,#1836,.T.);
#1858 = ORIENTED_EDGE('',*,*,#239,.F.);
#1859 = ORIENTED_EDGE('',*,*,#1860,.F.);
#1860 = EDGE_CURVE('',#1851,#232,#1861,.T.);
#1861 = LINE('',#1862,#1863);
#1862 = CARTESIAN_POINT('',(6.124687134522,-1.257096078489,-4.14));
#1863 = VECTOR('',#1864,1.);
#1864 = DIRECTION('',(0.,0.,1.));
#1865 = PLANE('',#1866);
#1866 = AXIS2_PLACEMENT_3D('',#1867,#1868,#1869);
#1867 = CARTESIAN_POINT('',(6.124687134522,-1.257096078489,-4.14));
#1868 = DIRECTION('',(1.,1.110223024625E-16,0.));
#1869 = DIRECTION('',(-1.110223024625E-16,1.,0.));
#1870 = ADVANCED_FACE('',(#1871),#1889,.T.);
#1871 = FACE_BOUND('',#1872,.T.);
#1872 = EDGE_LOOP('',(#1873,#1881,#1882,#1883));
#1873 = ORIENTED_EDGE('',*,*,#1874,.F.);
#1874 = EDGE_CURVE('',#1851,#1875,#1877,.T.);
#1875 = VERTEX_POINT('',#1876);
#1876 = CARTESIAN_POINT('',(3.146347026833,-1.257096078489,-4.14));
#1877 = LINE('',#1878,#1879);
#1878 = CARTESIAN_POINT('',(1.573173513417,-1.257096078489,-4.14));
#1879 = VECTOR('',#1880,1.);
#1880 = DIRECTION('',(-1.,-1.110223024625E-16,0.));
#1881 = ORIENTED_EDGE('',*,*,#1860,.T.);
#1882 = ORIENTED_EDGE('',*,*,#231,.F.);
#1883 = ORIENTED_EDGE('',*,*,#1884,.F.);
#1884 = EDGE_CURVE('',#1875,#224,#1885,.T.);
#1885 = LINE('',#1886,#1887);
#1886 = CARTESIAN_POINT('',(3.146347026833,-1.257096078489,-4.14));
#1887 = VECTOR('',#1888,1.);
#1888 = DIRECTION('',(0.,0.,1.));
#1889 = PLANE('',#1890);
#1890 = AXIS2_PLACEMENT_3D('',#1891,#1892,#1893);
#1891 = CARTESIAN_POINT('',(3.146347026833,-1.257096078489,-4.14));
#1892 = DIRECTION('',(1.110223024625E-16,-1.,0.));
#1893 = DIRECTION('',(1.,1.110223024625E-16,0.));
#1894 = ADVANCED_FACE('',(#1895),#1906,.T.);
#1895 = FACE_BOUND('',#1896,.T.);
#1896 = EDGE_LOOP('',(#1897,#1903,#1904,#1905));
#1897 = ORIENTED_EDGE('',*,*,#1898,.F.);
#1898 = EDGE_CURVE('',#1875,#1820,#1899,.T.);
#1899 = LINE('',#1900,#1901);
#1900 = CARTESIAN_POINT('',(3.146347026833,0.368334393494,-4.14));
#1901 = VECTOR('',#1902,1.);
#1902 = DIRECTION('',(-1.110223024625E-16,1.,0.));
#1903 = ORIENTED_EDGE('',*,*,#1884,.T.);
#1904 = ORIENTED_EDGE('',*,*,#221,.F.);
#1905 = ORIENTED_EDGE('',*,*,#1829,.F.);
#1906 = PLANE('',#1907);
#1907 = AXIS2_PLACEMENT_3D('',#1908,#1909,#1910);
#1908 = CARTESIAN_POINT('',(3.146347026833,0.736668786989,-4.14));
#1909 = DIRECTION('',(-1.,-1.110223024625E-16,0.));
#1910 = DIRECTION('',(1.110223024625E-16,-1.,0.));
#1911 = ADVANCED_FACE('',(#1912),#1937,.T.);
#1912 = FACE_BOUND('',#1913,.T.);
#1913 = EDGE_LOOP('',(#1914,#1924,#1930,#1931));
#1914 = ORIENTED_EDGE('',*,*,#1915,.F.);
#1915 = EDGE_CURVE('',#1916,#1918,#1920,.T.);
#1916 = VERTEX_POINT('',#1917);
#1917 = CARTESIAN_POINT('',(-5.003807304221,-5.630055399691,-4.14));
#1918 = VERTEX_POINT('',#1919);
#1919 = CARTESIAN_POINT('',(1.25850287794E-02,-0.537629801001,-4.14));
#1920 = LINE('',#1921,#1922);
#1921 = CARTESIAN_POINT('',(0.143878341463,-0.404346480625,-4.14));
#1922 = VECTOR('',#1923,1.);
#1923 = DIRECTION('',(0.701768441938,0.712405119226,0.));
#1924 = ORIENTED_EDGE('',*,*,#1925,.T.);
#1925 = EDGE_CURVE('',#1916,#182,#1926,.T.);
#1926 = LINE('',#1927,#1928);
#1927 = CARTESIAN_POINT('',(-5.003807304221,-5.630055399691,-4.14));
#1928 = VECTOR('',#1929,1.);
#1929 = DIRECTION('',(0.,0.,1.));
#1930 = ORIENTED_EDGE('',*,*,#207,.F.);
#1931 = ORIENTED_EDGE('',*,*,#1932,.F.);
#1932 = EDGE_CURVE('',#1918,#200,#1933,.T.);
#1933 = LINE('',#1934,#1935);
#1934 = CARTESIAN_POINT('',(1.25850287794E-02,-0.537629801001,-4.14));
#1935 = VECTOR('',#1936,1.);
#1936 = DIRECTION('',(0.,0.,1.));
#1937 = PLANE('',#1938);
#1938 = AXIS2_PLACEMENT_3D('',#1939,#1940,#1941);
#1939 = CARTESIAN_POINT('',(1.25850287794E-02,-0.537629801001,-4.14));
#1940 = DIRECTION('',(-0.712405119226,0.701768441938,0.));
#1941 = DIRECTION('',(-0.701768441938,-0.712405119226,0.));
#1942 = ADVANCED_FACE('',(#1943),#1961,.T.);
#1943 = FACE_BOUND('',#1944,.T.);
#1944 = EDGE_LOOP('',(#1945,#1953,#1954,#1955));
#1945 = ORIENTED_EDGE('',*,*,#1946,.F.);
#1946 = EDGE_CURVE('',#1918,#1947,#1949,.T.);
#1947 = VERTEX_POINT('',#1948);
#1948 = CARTESIAN_POINT('',(5.016392333001,-5.466726968991,-4.14));
#1949 = LINE('',#1950,#1951);
#1950 = CARTESIAN_POINT('',(2.376902853817,-2.866646804871,-4.14));
#1951 = VECTOR('',#1952,1.);
#1952 = DIRECTION('',(0.712405119226,-0.701768441938,0.));
#1953 = ORIENTED_EDGE('',*,*,#1932,.T.);
#1954 = ORIENTED_EDGE('',*,*,#199,.F.);
#1955 = ORIENTED_EDGE('',*,*,#1956,.F.);
#1956 = EDGE_CURVE('',#1947,#192,#1957,.T.);
#1957 = LINE('',#1958,#1959);
#1958 = CARTESIAN_POINT('',(5.016392333001,-5.466726968991,-4.14));
#1959 = VECTOR('',#1960,1.);
#1960 = DIRECTION('',(0.,0.,1.));
#1961 = PLANE('',#1962);
#1962 = AXIS2_PLACEMENT_3D('',#1963,#1964,#1965);
#1963 = CARTESIAN_POINT('',(5.016392333001,-5.466726968991,-4.14));
#1964 = DIRECTION('',(0.701768441938,0.712405119226,0.));
#1965 = DIRECTION('',(-0.712405119226,0.701768441938,0.));
#1966 = ADVANCED_FACE('',(#1967),#1985,.T.);
#1967 = FACE_BOUND('',#1968,.T.);
#1968 = EDGE_LOOP('',(#1969,#1977,#1978,#1979));
#1969 = ORIENTED_EDGE('',*,*,#1970,.F.);
#1970 = EDGE_CURVE('',#1947,#1971,#1973,.T.);
#1971 = VERTEX_POINT('',#1972);
#1972 = CARTESIAN_POINT('',(1.7763568394E-15,-10.55915256768,-4.14));
#1973 = LINE('',#1974,#1975);
#1974 = CARTESIAN_POINT('',(2.639489479184,-7.879656447962,-4.14));
#1975 = VECTOR('',#1976,1.);
#1976 = DIRECTION('',(-0.701768441938,-0.712405119226,0.));
#1977 = ORIENTED_EDGE('',*,*,#1956,.T.);
#1978 = ORIENTED_EDGE('',*,*,#191,.F.);
#1979 = ORIENTED_EDGE('',*,*,#1980,.F.);
#1980 = EDGE_CURVE('',#1971,#184,#1981,.T.);
#1981 = LINE('',#1982,#1983);
#1982 = CARTESIAN_POINT('',(1.7763568394E-15,-10.55915256768,-4.14));
#1983 = VECTOR('',#1984,1.);
#1984 = DIRECTION('',(0.,0.,1.));
#1985 = PLANE('',#1986);
#1986 = AXIS2_PLACEMENT_3D('',#1987,#1988,#1989);
#1987 = CARTESIAN_POINT('',(1.7763568394E-15,-10.55915256768,-4.14));
#1988 = DIRECTION('',(0.712405119226,-0.701768441938,0.));
#1989 = DIRECTION('',(0.701768441938,0.712405119226,0.));
#1990 = ADVANCED_FACE('',(#1991),#2002,.T.);
#1991 = FACE_BOUND('',#1992,.T.);
#1992 = EDGE_LOOP('',(#1993,#1999,#2000,#2001));
#1993 = ORIENTED_EDGE('',*,*,#1994,.F.);
#1994 = EDGE_CURVE('',#1971,#1916,#1995,.T.);
#1995 = LINE('',#1996,#1997);
#1996 = CARTESIAN_POINT('',(-5.141393131295,-5.494523819566,-4.14));
#1997 = VECTOR('',#1998,1.);
#1998 = DIRECTION('',(-0.712405119226,0.701768441938,0.));
#1999 = ORIENTED_EDGE('',*,*,#1980,.T.);
#2000 = ORIENTED_EDGE('',*,*,#181,.F.);
#2001 = ORIENTED_EDGE('',*,*,#1925,.F.);
#2002 = PLANE('',#2003);
#2003 = AXIS2_PLACEMENT_3D('',#2004,#2005,#2006);
#2004 = CARTESIAN_POINT('',(-5.003807304221,-5.630055399691,-4.14));
#2005 = DIRECTION('',(-0.701768441938,-0.712405119226,0.));
#2006 = DIRECTION('',(0.712405119226,-0.701768441938,0.));
#2007 = ADVANCED_FACE('',(#2008),#2033,.T.);
#2008 = FACE_BOUND('',#2009,.T.);
#2009 = EDGE_LOOP('',(#2010,#2020,#2026,#2027));
#2010 = ORIENTED_EDGE('',*,*,#2011,.F.);
#2011 = EDGE_CURVE('',#2012,#2014,#2016,.T.);
#2012 = VERTEX_POINT('',#2013);
#2013 = CARTESIAN_POINT('',(-3.038960033608,-16.5,-4.14));
#2014 = VERTEX_POINT('',#2015);
#2015 = CARTESIAN_POINT('',(-3.038960033608,-14.26516258144,-4.14));
#2016 = LINE('',#2017,#2018);
#2017 = CARTESIAN_POINT('',(-3.038960033608,-7.132581290724,-4.14));
#2018 = VECTOR('',#2019,1.);
#2019 = DIRECTION('',(-1.110223024625E-16,1.,0.));
#2020 = ORIENTED_EDGE('',*,*,#2021,.T.);
#2021 = EDGE_CURVE('',#2012,#262,#2022,.T.);
#2022 = LINE('',#2023,#2024);
#2023 = CARTESIAN_POINT('',(-3.038960033608,-16.5,-4.14));
#2024 = VECTOR('',#2025,1.);
#2025 = DIRECTION('',(0.,0.,1.));
#2026 = ORIENTED_EDGE('',*,*,#287,.F.);
#2027 = ORIENTED_EDGE('',*,*,#2028,.F.);
#2028 = EDGE_CURVE('',#2014,#280,#2029,.T.);
#2029 = LINE('',#2030,#2031);
#2030 = CARTESIAN_POINT('',(-3.038960033608,-14.26516258144,-4.14));
#2031 = VECTOR('',#2032,1.);
#2032 = DIRECTION('',(0.,0.,1.));
#2033 = PLANE('',#2034);
#2034 = AXIS2_PLACEMENT_3D('',#2035,#2036,#2037);
#2035 = CARTESIAN_POINT('',(-3.038960033608,-14.26516258144,-4.14));
#2036 = DIRECTION('',(-1.,-1.110223024625E-16,0.));
#2037 = DIRECTION('',(1.110223024625E-16,-1.,0.));
#2038 = ADVANCED_FACE('',(#2039),#2057,.T.);
#2039 = FACE_BOUND('',#2040,.T.);
#2040 = EDGE_LOOP('',(#2041,#2049,#2050,#2051));
#2041 = ORIENTED_EDGE('',*,*,#2042,.F.);
#2042 = EDGE_CURVE('',#2014,#2043,#2045,.T.);
#2043 = VERTEX_POINT('',#2044);
#2044 = CARTESIAN_POINT('',(3.038960033608,-14.26516258144,-4.14));
#2045 = LINE('',#2046,#2047);
#2046 = CARTESIAN_POINT('',(1.519480016804,-14.26516258144,-4.14));
#2047 = VECTOR('',#2048,1.);
#2048 = DIRECTION('',(1.,1.110223024625E-16,0.));
#2049 = ORIENTED_EDGE('',*,*,#2028,.T.);
#2050 = ORIENTED_EDGE('',*,*,#279,.F.);
#2051 = ORIENTED_EDGE('',*,*,#2052,.F.);
#2052 = EDGE_CURVE('',#2043,#272,#2053,.T.);
#2053 = LINE('',#2054,#2055);
#2054 = CARTESIAN_POINT('',(3.038960033608,-14.26516258144,-4.14));
#2055 = VECTOR('',#2056,1.);
#2056 = DIRECTION('',(0.,0.,1.));
#2057 = PLANE('',#2058);
#2058 = AXIS2_PLACEMENT_3D('',#2059,#2060,#2061);
#2059 = CARTESIAN_POINT('',(3.038960033608,-14.26516258144,-4.14));
#2060 = DIRECTION('',(-1.110223024625E-16,1.,0.));
#2061 = DIRECTION('',(-1.,-1.110223024625E-16,0.));
#2062 = ADVANCED_FACE('',(#2063),#2081,.T.);
#2063 = FACE_BOUND('',#2064,.T.);
#2064 = EDGE_LOOP('',(#2065,#2073,#2074,#2075));
#2065 = ORIENTED_EDGE('',*,*,#2066,.F.);
#2066 = EDGE_CURVE('',#2043,#2067,#2069,.T.);
#2067 = VERTEX_POINT('',#2068);
#2068 = CARTESIAN_POINT('',(3.038960033608,-16.5,-4.14));
#2069 = LINE('',#2070,#2071);
#2070 = CARTESIAN_POINT('',(3.038960033608,-8.25,-4.14));
#2071 = VECTOR('',#2072,1.);
#2072 = DIRECTION('',(1.110223024625E-16,-1.,0.));
#2073 = ORIENTED_EDGE('',*,*,#2052,.T.);
#2074 = ORIENTED_EDGE('',*,*,#271,.F.);
#2075 = ORIENTED_EDGE('',*,*,#2076,.F.);
#2076 = EDGE_CURVE('',#2067,#264,#2077,.T.);
#2077 = LINE('',#2078,#2079);
#2078 = CARTESIAN_POINT('',(3.038960033608,-16.5,-4.14));
#2079 = VECTOR('',#2080,1.);
#2080 = DIRECTION('',(0.,0.,1.));
#2081 = PLANE('',#2082);
#2082 = AXIS2_PLACEMENT_3D('',#2083,#2084,#2085);
#2083 = CARTESIAN_POINT('',(3.038960033608,-16.5,-4.14));
#2084 = DIRECTION('',(1.,1.110223024625E-16,0.));
#2085 = DIRECTION('',(-1.110223024625E-16,1.,0.));
#2086 = ADVANCED_FACE('',(#2087),#2105,.F.);
#2087 = FACE_BOUND('',#2088,.T.);
#2088 = EDGE_LOOP('',(#2089,#2097,#2098,#2099));
#2089 = ORIENTED_EDGE('',*,*,#2090,.F.);
#2090 = EDGE_CURVE('',#1125,#2091,#2093,.T.);
#2091 = VERTEX_POINT('',#2092);
#2092 = CARTESIAN_POINT('',(-4.911259543614,16.5,-4.14));
#2093 = LINE('',#2094,#2095);
#2094 = CARTESIAN_POINT('',(-4.911259543614,8.25,-4.14));
#2095 = VECTOR('',#2096,1.);
#2096 = DIRECTION('',(-1.110223024625E-16,1.,0.));
#2097 = ORIENTED_EDGE('',*,*,#1124,.F.);
#2098 = ORIENTED_EDGE('',*,*,#560,.F.);
#2099 = ORIENTED_EDGE('',*,*,#2100,.F.);
#2100 = EDGE_CURVE('',#2091,#553,#2101,.T.);
#2101 = LINE('',#2102,#2103);
#2102 = CARTESIAN_POINT('',(-4.911259543614,16.5,-4.14));
#2103 = VECTOR('',#2104,1.);
#2104 = DIRECTION('',(0.,0.,-1.));
#2105 = PLANE('',#2106);
#2106 = AXIS2_PLACEMENT_3D('',#2107,#2108,#2109);
#2107 = CARTESIAN_POINT('',(-4.911259543614,16.5,-4.14));
#2108 = DIRECTION('',(-1.,-1.110223024625E-16,0.));
#2109 = DIRECTION('',(0.,0.,-1.));
#2110 = ADVANCED_FACE('',(#2111),#2136,.F.);
#2111 = FACE_BOUND('',#2112,.T.);
#2112 = EDGE_LOOP('',(#2113,#2123,#2129,#2130));
#2113 = ORIENTED_EDGE('',*,*,#2114,.F.);
#2114 = EDGE_CURVE('',#2115,#2117,#2119,.T.);
#2115 = VERTEX_POINT('',#2116);
#2116 = CARTESIAN_POINT('',(4.911259543614,16.5,-4.14));
#2117 = VERTEX_POINT('',#2118);
#2118 = CARTESIAN_POINT('',(4.911259543614,10.649128887131,-4.14));
#2119 = LINE('',#2120,#2121);
#2120 = CARTESIAN_POINT('',(4.911259543614,5.324564443566,-4.14));
#2121 = VECTOR('',#2122,1.);
#2122 = DIRECTION('',(1.110223024625E-16,-1.,0.));
#2123 = ORIENTED_EDGE('',*,*,#2124,.F.);
#2124 = EDGE_CURVE('',#513,#2115,#2125,.T.);
#2125 = LINE('',#2126,#2127);
#2126 = CARTESIAN_POINT('',(4.911259543614,16.5,-4.14));
#2127 = VECTOR('',#2128,1.);
#2128 = DIRECTION('',(0.,0.,1.));
#2129 = ORIENTED_EDGE('',*,*,#512,.F.);
#2130 = ORIENTED_EDGE('',*,*,#2131,.F.);
#2131 = EDGE_CURVE('',#2117,#505,#2132,.T.);
#2132 = LINE('',#2133,#2134);
#2133 = CARTESIAN_POINT('',(4.911259543614,10.649128887131,-4.14));
#2134 = VECTOR('',#2135,1.);
#2135 = DIRECTION('',(0.,0.,-1.));
#2136 = PLANE('',#2137);
#2137 = AXIS2_PLACEMENT_3D('',#2138,#2139,#2140);
#2138 = CARTESIAN_POINT('',(4.911259543614,10.649128887131,-4.14));
#2139 = DIRECTION('',(1.,1.110223024625E-16,0.));
#2140 = DIRECTION('',(0.,0.,1.));
#2141 = ADVANCED_FACE('',(#2142),#2160,.T.);
#2142 = FACE_BOUND('',#2143,.T.);
#2143 = EDGE_LOOP('',(#2144,#2145,#2153,#2159));
#2144 = ORIENTED_EDGE('',*,*,#2124,.T.);
#2145 = ORIENTED_EDGE('',*,*,#2146,.F.);
#2146 = EDGE_CURVE('',#2147,#2115,#2149,.T.);
#2147 = VERTEX_POINT('',#2148);
#2148 = CARTESIAN_POINT('',(8.89,16.5,-4.14));
#2149 = LINE('',#2150,#2151);
#2150 = CARTESIAN_POINT('',(8.89,16.5,-4.14));
#2151 = VECTOR('',#2152,1.);
#2152 = DIRECTION('',(-1.,-1.110223024625E-16,0.));
#2153 = ORIENTED_EDGE('',*,*,#2154,.T.);
#2154 = EDGE_CURVE('',#2147,#521,#2155,.T.);
#2155 = LINE('',#2156,#2157);
#2156 = CARTESIAN_POINT('',(8.89,16.5,-4.14));
#2157 = VECTOR('',#2158,1.);
#2158 = DIRECTION('',(0.,0.,-1.));
#2159 = ORIENTED_EDGE('',*,*,#520,.F.);
#2160 = PLANE('',#2161);
#2161 = AXIS2_PLACEMENT_3D('',#2162,#2163,#2164);
#2162 = CARTESIAN_POINT('',(4.811259543614,16.5,-4.14));
#2163 = DIRECTION('',(-1.110223024625E-16,1.,0.));
#2164 = DIRECTION('',(1.,1.110223024625E-16,0.));
#2165 = ADVANCED_FACE('',(#2166),#2185,.F.);
#2166 = FACE_BOUND('',#2167,.F.);
#2167 = EDGE_LOOP('',(#2168,#2176,#2183,#2184));
#2168 = ORIENTED_EDGE('',*,*,#2169,.T.);
#2169 = EDGE_CURVE('',#1046,#2170,#2172,.T.);
#2170 = VERTEX_POINT('',#2171);
#2171 = CARTESIAN_POINT('',(7.62,15.74,-4.14));
#2172 = LINE('',#2173,#2174);
#2173 = CARTESIAN_POINT('',(7.62,15.74,-4.14));
#2174 = VECTOR('',#2175,1.);
#2175 = DIRECTION('',(0.,0.,1.));
#2176 = ORIENTED_EDGE('',*,*,#2177,.T.);
#2177 = EDGE_CURVE('',#2170,#2170,#2178,.T.);
#2178 = CIRCLE('',#2179,0.5);
#2179 = AXIS2_PLACEMENT_3D('',#2180,#2181,#2182);
#2180 = CARTESIAN_POINT('',(7.62,15.24,-4.14));
#2181 = DIRECTION('',(0.,-0.,-1.));
#2182 = DIRECTION('',(1.110223024625E-16,-1.,0.));
#2183 = ORIENTED_EDGE('',*,*,#2169,.F.);
#2184 = ORIENTED_EDGE('',*,*,#1045,.T.);
#2185 = CYLINDRICAL_SURFACE('',#2186,0.5);
#2186 = AXIS2_PLACEMENT_3D('',#2187,#2188,#2189);
#2187 = CARTESIAN_POINT('',(7.62,15.24,-4.14));
#2188 = DIRECTION('',(0.,0.,-1.));
#2189 = DIRECTION('',(1.110223024625E-16,-1.,0.));
#2190 = ADVANCED_FACE('',(#2191),#2210,.F.);
#2191 = FACE_BOUND('',#2192,.F.);
#2192 = EDGE_LOOP('',(#2193,#2201,#2208,#2209));
#2193 = ORIENTED_EDGE('',*,*,#2194,.T.);
#2194 = EDGE_CURVE('',#1035,#2195,#2197,.T.);
#2195 = VERTEX_POINT('',#2196);
#2196 = CARTESIAN_POINT('',(7.62,-7.12,-4.14));
#2197 = LINE('',#2198,#2199);
#2198 = CARTESIAN_POINT('',(7.62,-7.12,-4.14));
#2199 = VECTOR('',#2200,1.);
#2200 = DIRECTION('',(0.,0.,1.));
#2201 = ORIENTED_EDGE('',*,*,#2202,.T.);
#2202 = EDGE_CURVE('',#2195,#2195,#2203,.T.);
#2203 = CIRCLE('',#2204,0.5);
#2204 = AXIS2_PLACEMENT_3D('',#2205,#2206,#2207);
#2205 = CARTESIAN_POINT('',(7.62,-7.62,-4.14));
#2206 = DIRECTION('',(0.,-0.,-1.));
#2207 = DIRECTION('',(1.110223024625E-16,-1.,0.));
#2208 = ORIENTED_EDGE('',*,*,#2194,.F.);
#2209 = ORIENTED_EDGE('',*,*,#1034,.T.);
#2210 = CYLINDRICAL_SURFACE('',#2211,0.5);
#2211 = AXIS2_PLACEMENT_3D('',#2212,#2213,#2214);
#2212 = CARTESIAN_POINT('',(7.62,-7.62,-4.14));
#2213 = DIRECTION('',(0.,0.,-1.));
#2214 = DIRECTION('',(1.110223024625E-16,-1.,0.));
#2215 = ADVANCED_FACE('',(#2216),#2235,.F.);
#2216 = FACE_BOUND('',#2217,.F.);
#2217 = EDGE_LOOP('',(#2218,#2226,#2233,#2234));
#2218 = ORIENTED_EDGE('',*,*,#2219,.T.);
#2219 = EDGE_CURVE('',#1024,#2220,#2222,.T.);
#2220 = VERTEX_POINT('',#2221);
#2221 = CARTESIAN_POINT('',(7.62,-4.58,-4.14));
#2222 = LINE('',#2223,#2224);
#2223 = CARTESIAN_POINT('',(7.62,-4.58,-4.14));
#2224 = VECTOR('',#2225,1.);
#2225 = DIRECTION('',(0.,0.,1.));
#2226 = ORIENTED_EDGE('',*,*,#2227,.T.);
#2227 = EDGE_CURVE('',#2220,#2220,#2228,.T.);
#2228 = CIRCLE('',#2229,0.5);
#2229 = AXIS2_PLACEMENT_3D('',#2230,#2231,#2232);
#2230 = CARTESIAN_POINT('',(7.62,-5.08,-4.14));
#2231 = DIRECTION('',(0.,-0.,-1.));
#2232 = DIRECTION('',(1.110223024625E-16,-1.,0.));
#2233 = ORIENTED_EDGE('',*,*,#2219,.F.);
#2234 = ORIENTED_EDGE('',*,*,#1023,.T.);
#2235 = CYLINDRICAL_SURFACE('',#2236,0.5);
#2236 = AXIS2_PLACEMENT_3D('',#2237,#2238,#2239);
#2237 = CARTESIAN_POINT('',(7.62,-5.08,-4.14));
#2238 = DIRECTION('',(0.,0.,-1.));
#2239 = DIRECTION('',(1.110223024625E-16,-1.,0.));
#2240 = ADVANCED_FACE('',(#2241),#2260,.F.);
#2241 = FACE_BOUND('',#2242,.F.);
#2242 = EDGE_LOOP('',(#2243,#2251,#2258,#2259));
#2243 = ORIENTED_EDGE('',*,*,#2244,.T.);
#2244 = EDGE_CURVE('',#1013,#2245,#2247,.T.);
#2245 = VERTEX_POINT('',#2246);
#2246 = CARTESIAN_POINT('',(-7.62,5.58,-4.14));
#2247 = LINE('',#2248,#2249);
#2248 = CARTESIAN_POINT('',(-7.62,5.58,-4.14));
#2249 = VECTOR('',#2250,1.);
#2250 = DIRECTION('',(0.,0.,1.));
#2251 = ORIENTED_EDGE('',*,*,#2252,.T.);
#2252 = EDGE_CURVE('',#2245,#2245,#2253,.T.);
#2253 = CIRCLE('',#2254,0.5);
#2254 = AXIS2_PLACEMENT_3D('',#2255,#2256,#2257);
#2255 = CARTESIAN_POINT('',(-7.62,5.08,-4.14));
#2256 = DIRECTION('',(0.,-0.,-1.));
#2257 = DIRECTION('',(1.110223024625E-16,-1.,0.));
#2258 = ORIENTED_EDGE('',*,*,#2244,.F.);
#2259 = ORIENTED_EDGE('',*,*,#1012,.T.);
#2260 = CYLINDRICAL_SURFACE('',#2261,0.5);
#2261 = AXIS2_PLACEMENT_3D('',#2262,#2263,#2264);
#2262 = CARTESIAN_POINT('',(-7.62,5.08,-4.14));
#2263 = DIRECTION('',(0.,0.,-1.));
#2264 = DIRECTION('',(1.110223024625E-16,-1.,0.));
#2265 = ADVANCED_FACE('',(#2266),#2285,.F.);
#2266 = FACE_BOUND('',#2267,.F.);
#2267 = EDGE_LOOP('',(#2268,#2276,#2283,#2284));
#2268 = ORIENTED_EDGE('',*,*,#2269,.T.);
#2269 = EDGE_CURVE('',#1002,#2270,#2272,.T.);
#2270 = VERTEX_POINT('',#2271);
#2271 = CARTESIAN_POINT('',(-1.967405989273,-11.6982325482,-4.14));
#2272 = LINE('',#2273,#2274);
#2273 = CARTESIAN_POINT('',(-1.967405989273,-11.6982325482,-4.14));
#2274 = VECTOR('',#2275,1.);
#2275 = DIRECTION('',(0.,0.,1.));
#2276 = ORIENTED_EDGE('',*,*,#2277,.T.);
#2277 = EDGE_CURVE('',#2270,#2270,#2278,.T.);
#2278 = CIRCLE('',#2279,0.5);
#2279 = AXIS2_PLACEMENT_3D('',#2280,#2281,#2282);
#2280 = CARTESIAN_POINT('',(-1.967405989273,-12.1982325482,-4.14));
#2281 = DIRECTION('',(0.,-0.,-1.));
#2282 = DIRECTION('',(1.110223024625E-16,-1.,0.));
#2283 = ORIENTED_EDGE('',*,*,#2269,.F.);
#2284 = ORIENTED_EDGE('',*,*,#1001,.T.);
#2285 = CYLINDRICAL_SURFACE('',#2286,0.5);
#2286 = AXIS2_PLACEMENT_3D('',#2287,#2288,#2289);
#2287 = CARTESIAN_POINT('',(-1.967405989273,-12.1982325482,-4.14));
#2288 = DIRECTION('',(0.,0.,-1.));
#2289 = DIRECTION('',(1.110223024625E-16,-1.,0.));
#2290 = ADVANCED_FACE('',(#2291),#2310,.F.);
#2291 = FACE_BOUND('',#2292,.F.);
#2292 = EDGE_LOOP('',(#2293,#2301,#2308,#2309));
#2293 = ORIENTED_EDGE('',*,*,#2294,.T.);
#2294 = EDGE_CURVE('',#991,#2295,#2297,.T.);
#2295 = VERTEX_POINT('',#2296);
#2296 = CARTESIAN_POINT('',(7.62,3.04,-4.14));
#2297 = LINE('',#2298,#2299);
#2298 = CARTESIAN_POINT('',(7.62,3.04,-4.14));
#2299 = VECTOR('',#2300,1.);
#2300 = DIRECTION('',(0.,0.,1.));
#2301 = ORIENTED_EDGE('',*,*,#2302,.T.);
#2302 = EDGE_CURVE('',#2295,#2295,#2303,.T.);
#2303 = CIRCLE('',#2304,0.5);
#2304 = AXIS2_PLACEMENT_3D('',#2305,#2306,#2307);
#2305 = CARTESIAN_POINT('',(7.62,2.54,-4.14));
#2306 = DIRECTION('',(0.,-0.,-1.));
#2307 = DIRECTION('',(1.110223024625E-16,-1.,0.));
#2308 = ORIENTED_EDGE('',*,*,#2294,.F.);
#2309 = ORIENTED_EDGE('',*,*,#990,.T.);
#2310 = CYLINDRICAL_SURFACE('',#2311,0.5);
#2311 = AXIS2_PLACEMENT_3D('',#2312,#2313,#2314);
#2312 = CARTESIAN_POINT('',(7.62,2.54,-4.14));
#2313 = DIRECTION('',(0.,0.,-1.));
#2314 = DIRECTION('',(1.110223024625E-16,-1.,0.));
#2315 = ADVANCED_FACE('',(#2316),#2335,.F.);
#2316 = FACE_BOUND('',#2317,.F.);
#2317 = EDGE_LOOP('',(#2318,#2326,#2333,#2334));
#2318 = ORIENTED_EDGE('',*,*,#2319,.T.);
#2319 = EDGE_CURVE('',#980,#2320,#2322,.T.);
#2320 = VERTEX_POINT('',#2321);
#2321 = CARTESIAN_POINT('',(7.62,8.12,-4.14));
#2322 = LINE('',#2323,#2324);
#2323 = CARTESIAN_POINT('',(7.62,8.12,-4.14));
#2324 = VECTOR('',#2325,1.);
#2325 = DIRECTION('',(0.,0.,1.));
#2326 = ORIENTED_EDGE('',*,*,#2327,.T.);
#2327 = EDGE_CURVE('',#2320,#2320,#2328,.T.);
#2328 = CIRCLE('',#2329,0.5);
#2329 = AXIS2_PLACEMENT_3D('',#2330,#2331,#2332);
#2330 = CARTESIAN_POINT('',(7.62,7.62,-4.14));
#2331 = DIRECTION('',(0.,-0.,-1.));
#2332 = DIRECTION('',(1.110223024625E-16,-1.,0.));
#2333 = ORIENTED_EDGE('',*,*,#2319,.F.);
#2334 = ORIENTED_EDGE('',*,*,#979,.T.);
#2335 = CYLINDRICAL_SURFACE('',#2336,0.5);
#2336 = AXIS2_PLACEMENT_3D('',#2337,#2338,#2339);
#2337 = CARTESIAN_POINT('',(7.62,7.62,-4.14));
#2338 = DIRECTION('',(0.,0.,-1.));
#2339 = DIRECTION('',(1.110223024625E-16,-1.,0.));
#2340 = ADVANCED_FACE('',(#2341),#2360,.F.);
#2341 = FACE_BOUND('',#2342,.F.);
#2342 = EDGE_LOOP('',(#2343,#2351,#2358,#2359));
#2343 = ORIENTED_EDGE('',*,*,#2344,.T.);
#2344 = EDGE_CURVE('',#969,#2345,#2347,.T.);
#2345 = VERTEX_POINT('',#2346);
#2346 = CARTESIAN_POINT('',(-7.62,-2.04,-4.14));
#2347 = LINE('',#2348,#2349);
#2348 = CARTESIAN_POINT('',(-7.62,-2.04,-4.14));
#2349 = VECTOR('',#2350,1.);
#2350 = DIRECTION('',(0.,0.,1.));
#2351 = ORIENTED_EDGE('',*,*,#2352,.T.);
#2352 = EDGE_CURVE('',#2345,#2345,#2353,.T.);
#2353 = CIRCLE('',#2354,0.5);
#2354 = AXIS2_PLACEMENT_3D('',#2355,#2356,#2357);
#2355 = CARTESIAN_POINT('',(-7.62,-2.54,-4.14));
#2356 = DIRECTION('',(0.,-0.,-1.));
#2357 = DIRECTION('',(1.110223024625E-16,-1.,0.));
#2358 = ORIENTED_EDGE('',*,*,#2344,.F.);
#2359 = ORIENTED_EDGE('',*,*,#968,.T.);
#2360 = CYLINDRICAL_SURFACE('',#2361,0.5);
#2361 = AXIS2_PLACEMENT_3D('',#2362,#2363,#2364);
#2362 = CARTESIAN_POINT('',(-7.62,-2.54,-4.14));
#2363 = DIRECTION('',(0.,0.,-1.));
#2364 = DIRECTION('',(1.110223024625E-16,-1.,0.));
#2365 = ADVANCED_FACE('',(#2366),#2385,.F.);
#2366 = FACE_BOUND('',#2367,.F.);
#2367 = EDGE_LOOP('',(#2368,#2376,#2383,#2384));
#2368 = ORIENTED_EDGE('',*,*,#2369,.T.);
#2369 = EDGE_CURVE('',#958,#2370,#2372,.T.);
#2370 = VERTEX_POINT('',#2371);
#2371 = CARTESIAN_POINT('',(7.62,0.5,-4.14));
#2372 = LINE('',#2373,#2374);
#2373 = CARTESIAN_POINT('',(7.62,0.5,-4.14));
#2374 = VECTOR('',#2375,1.);
#2375 = DIRECTION('',(0.,0.,1.));
#2376 = ORIENTED_EDGE('',*,*,#2377,.T.);
#2377 = EDGE_CURVE('',#2370,#2370,#2378,.T.);
#2378 = CIRCLE('',#2379,0.5);
#2379 = AXIS2_PLACEMENT_3D('',#2380,#2381,#2382);
#2380 = CARTESIAN_POINT('',(7.62,3.552713678801E-15,-4.14));
#2381 = DIRECTION('',(0.,-0.,-1.));
#2382 = DIRECTION('',(1.110223024625E-16,-1.,0.));
#2383 = ORIENTED_EDGE('',*,*,#2369,.F.);
#2384 = ORIENTED_EDGE('',*,*,#957,.T.);
#2385 = CYLINDRICAL_SURFACE('',#2386,0.5);
#2386 = AXIS2_PLACEMENT_3D('',#2387,#2388,#2389);
#2387 = CARTESIAN_POINT('',(7.62,3.552713678801E-15,-4.14));
#2388 = DIRECTION('',(0.,0.,-1.));
#2389 = DIRECTION('',(1.110223024625E-16,-1.,0.));
#2390 = ADVANCED_FACE('',(#2391),#2410,.F.);
#2391 = FACE_BOUND('',#2392,.F.);
#2392 = EDGE_LOOP('',(#2393,#2401,#2408,#2409));
#2393 = ORIENTED_EDGE('',*,*,#2394,.T.);
#2394 = EDGE_CURVE('',#947,#2395,#2397,.T.);
#2395 = VERTEX_POINT('',#2396);
#2396 = CARTESIAN_POINT('',(7.62,-14.74,-4.14));
#2397 = LINE('',#2398,#2399);
#2398 = CARTESIAN_POINT('',(7.62,-14.74,-4.14));
#2399 = VECTOR('',#2400,1.);
#2400 = DIRECTION('',(0.,0.,1.));
#2401 = ORIENTED_EDGE('',*,*,#2402,.T.);
#2402 = EDGE_CURVE('',#2395,#2395,#2403,.T.);
#2403 = CIRCLE('',#2404,0.5);
#2404 = AXIS2_PLACEMENT_3D('',#2405,#2406,#2407);
#2405 = CARTESIAN_POINT('',(7.62,-15.24,-4.14));
#2406 = DIRECTION('',(0.,-0.,-1.));
#2407 = DIRECTION('',(1.110223024625E-16,-1.,0.));
#2408 = ORIENTED_EDGE('',*,*,#2394,.F.);
#2409 = ORIENTED_EDGE('',*,*,#946,.T.);
#2410 = CYLINDRICAL_SURFACE('',#2411,0.5);
#2411 = AXIS2_PLACEMENT_3D('',#2412,#2413,#2414);
#2412 = CARTESIAN_POINT('',(7.62,-15.24,-4.14));
#2413 = DIRECTION('',(0.,0.,-1.));
#2414 = DIRECTION('',(1.110223024625E-16,-1.,0.));
#2415 = ADVANCED_FACE('',(#2416),#2435,.F.);
#2416 = FACE_BOUND('',#2417,.F.);
#2417 = EDGE_LOOP('',(#2418,#2426,#2433,#2434));
#2418 = ORIENTED_EDGE('',*,*,#2419,.T.);
#2419 = EDGE_CURVE('',#936,#2420,#2422,.T.);
#2420 = VERTEX_POINT('',#2421);
#2421 = CARTESIAN_POINT('',(7.62,10.66,-4.14));
#2422 = LINE('',#2423,#2424);
#2423 = CARTESIAN_POINT('',(7.62,10.66,-4.14));
#2424 = VECTOR('',#2425,1.);
#2425 = DIRECTION('',(0.,0.,1.));
#2426 = ORIENTED_EDGE('',*,*,#2427,.T.);
#2427 = EDGE_CURVE('',#2420,#2420,#2428,.T.);
#2428 = CIRCLE('',#2429,0.5);
#2429 = AXIS2_PLACEMENT_3D('',#2430,#2431,#2432);
#2430 = CARTESIAN_POINT('',(7.62,10.16,-4.14));
#2431 = DIRECTION('',(0.,-0.,-1.));
#2432 = DIRECTION('',(1.110223024625E-16,-1.,0.));
#2433 = ORIENTED_EDGE('',*,*,#2419,.F.);
#2434 = ORIENTED_EDGE('',*,*,#935,.T.);
#2435 = CYLINDRICAL_SURFACE('',#2436,0.5);
#2436 = AXIS2_PLACEMENT_3D('',#2437,#2438,#2439);
#2437 = CARTESIAN_POINT('',(7.62,10.16,-4.14));
#2438 = DIRECTION('',(0.,0.,-1.));
#2439 = DIRECTION('',(1.110223024625E-16,-1.,0.));
#2440 = ADVANCED_FACE('',(#2441),#2460,.F.);
#2441 = FACE_BOUND('',#2442,.F.);
#2442 = EDGE_LOOP('',(#2443,#2451,#2458,#2459));
#2443 = ORIENTED_EDGE('',*,*,#2444,.T.);
#2444 = EDGE_CURVE('',#925,#2445,#2447,.T.);
#2445 = VERTEX_POINT('',#2446);
#2446 = CARTESIAN_POINT('',(0.572594010727,-11.6982325482,-4.14));
#2447 = LINE('',#2448,#2449);
#2448 = CARTESIAN_POINT('',(0.572594010727,-11.6982325482,-4.14));
#2449 = VECTOR('',#2450,1.);
#2450 = DIRECTION('',(0.,0.,1.));
#2451 = ORIENTED_EDGE('',*,*,#2452,.T.);
#2452 = EDGE_CURVE('',#2445,#2445,#2453,.T.);
#2453 = CIRCLE('',#2454,0.5);
#2454 = AXIS2_PLACEMENT_3D('',#2455,#2456,#2457);
#2455 = CARTESIAN_POINT('',(0.572594010727,-12.1982325482,-4.14));
#2456 = DIRECTION('',(0.,-0.,-1.));
#2457 = DIRECTION('',(1.110223024625E-16,-1.,0.));
#2458 = ORIENTED_EDGE('',*,*,#2444,.F.);
#2459 = ORIENTED_EDGE('',*,*,#924,.T.);
#2460 = CYLINDRICAL_SURFACE('',#2461,0.5);
#2461 = AXIS2_PLACEMENT_3D('',#2462,#2463,#2464);
#2462 = CARTESIAN_POINT('',(0.572594010727,-12.1982325482,-4.14));
#2463 = DIRECTION('',(0.,0.,-1.));
#2464 = DIRECTION('',(1.110223024625E-16,-1.,0.));
#2465 = ADVANCED_FACE('',(#2466),#2491,.T.);
#2466 = FACE_BOUND('',#2467,.T.);
#2467 = EDGE_LOOP('',(#2468,#2478,#2484,#2485));
#2468 = ORIENTED_EDGE('',*,*,#2469,.F.);
#2469 = EDGE_CURVE('',#2470,#2472,#2474,.T.);
#2470 = VERTEX_POINT('',#2471);
#2471 = CARTESIAN_POINT('',(5.388234052771,10.735572582528,-4.14));
#2472 = VERTEX_POINT('',#2473);
#2473 = CARTESIAN_POINT('',(5.388234052771,11.535572582528,-4.14));
#2474 = LINE('',#2475,#2476);
#2475 = CARTESIAN_POINT('',(5.388234052771,11.535572582528,-4.14));
#2476 = VECTOR('',#2477,1.);
#2477 = DIRECTION('',(-1.110223024625E-16,1.,0.));
#2478 = ORIENTED_EDGE('',*,*,#2479,.T.);
#2479 = EDGE_CURVE('',#2470,#889,#2480,.T.);
#2480 = LINE('',#2481,#2482);
#2481 = CARTESIAN_POINT('',(5.388234052771,10.735572582528,-4.14));
#2482 = VECTOR('',#2483,1.);
#2483 = DIRECTION('',(0.,0.,-1.));
#2484 = ORIENTED_EDGE('',*,*,#916,.F.);
#2485 = ORIENTED_EDGE('',*,*,#2486,.F.);
#2486 = EDGE_CURVE('',#2472,#908,#2487,.T.);
#2487 = LINE('',#2488,#2489);
#2488 = CARTESIAN_POINT('',(5.388234052771,11.535572582528,-4.14));
#2489 = VECTOR('',#2490,1.);
#2490 = DIRECTION('',(0.,0.,-1.));
#2491 = PLANE('',#2492);
#2492 = AXIS2_PLACEMENT_3D('',#2493,#2494,#2495);
#2493 = CARTESIAN_POINT('',(5.388234052771,11.535572582528,-4.14));
#2494 = DIRECTION('',(1.,1.110223024625E-16,0.));
#2495 = DIRECTION('',(1.110223024625E-16,-1.,0.));
#2496 = ADVANCED_FACE('',(#2497),#2516,.F.);
#2497 = FACE_BOUND('',#2498,.F.);
#2498 = EDGE_LOOP('',(#2499,#2507,#2508,#2509));
#2499 = ORIENTED_EDGE('',*,*,#2500,.T.);
#2500 = EDGE_CURVE('',#2501,#900,#2503,.T.);
#2501 = VERTEX_POINT('',#2502);
#2502 = CARTESIAN_POINT('',(5.988234052771,11.535572582528,-4.14));
#2503 = LINE('',#2504,#2505);
#2504 = CARTESIAN_POINT('',(5.988234052771,11.535572582528,-4.14));
#2505 = VECTOR('',#2506,1.);
#2506 = DIRECTION('',(0.,0.,-1.));
#2507 = ORIENTED_EDGE('',*,*,#907,.T.);
#2508 = ORIENTED_EDGE('',*,*,#2486,.F.);
#2509 = ORIENTED_EDGE('',*,*,#2510,.T.);
#2510 = EDGE_CURVE('',#2472,#2501,#2511,.T.);
#2511 = CIRCLE('',#2512,0.3);
#2512 = AXIS2_PLACEMENT_3D('',#2513,#2514,#2515);
#2513 = CARTESIAN_POINT('',(5.688234052771,11.535572582528,-4.14));
#2514 = DIRECTION('',(0.,0.,-1.));
#2515 = DIRECTION('',(1.,1.110223024625E-16,0.));
#2516 = CYLINDRICAL_SURFACE('',#2517,0.3);
#2517 = AXIS2_PLACEMENT_3D('',#2518,#2519,#2520);
#2518 = CARTESIAN_POINT('',(5.688234052771,11.535572582528,-4.14));
#2519 = DIRECTION('',(0.,0.,-1.));
#2520 = DIRECTION('',(1.,1.110223024625E-16,0.));
#2521 = ADVANCED_FACE('',(#2522),#2540,.T.);
#2522 = FACE_BOUND('',#2523,.T.);
#2523 = EDGE_LOOP('',(#2524,#2532,#2533,#2534));
#2524 = ORIENTED_EDGE('',*,*,#2525,.F.);
#2525 = EDGE_CURVE('',#2501,#2526,#2528,.T.);
#2526 = VERTEX_POINT('',#2527);
#2527 = CARTESIAN_POINT('',(5.988234052771,10.735572582528,-4.14));
#2528 = LINE('',#2529,#2530);
#2529 = CARTESIAN_POINT('',(5.988234052771,10.735572582528,-4.14));
#2530 = VECTOR('',#2531,1.);
#2531 = DIRECTION('',(1.110223024625E-16,-1.,0.));
#2532 = ORIENTED_EDGE('',*,*,#2500,.T.);
#2533 = ORIENTED_EDGE('',*,*,#899,.F.);
#2534 = ORIENTED_EDGE('',*,*,#2535,.F.);
#2535 = EDGE_CURVE('',#2526,#891,#2536,.T.);
#2536 = LINE('',#2537,#2538);
#2537 = CARTESIAN_POINT('',(5.988234052771,10.735572582528,-4.14));
#2538 = VECTOR('',#2539,1.);
#2539 = DIRECTION('',(0.,0.,-1.));
#2540 = PLANE('',#2541);
#2541 = AXIS2_PLACEMENT_3D('',#2542,#2543,#2544);
#2542 = CARTESIAN_POINT('',(5.988234052771,10.735572582528,-4.14));
#2543 = DIRECTION('',(-1.,-1.110223024625E-16,0.));
#2544 = DIRECTION('',(-1.110223024625E-16,1.,0.));
#2545 = ADVANCED_FACE('',(#2546),#2558,.F.);
#2546 = FACE_BOUND('',#2547,.F.);
#2547 = EDGE_LOOP('',(#2548,#2549,#2550,#2551));
#2548 = ORIENTED_EDGE('',*,*,#2479,.T.);
#2549 = ORIENTED_EDGE('',*,*,#888,.T.);
#2550 = ORIENTED_EDGE('',*,*,#2535,.F.);
#2551 = ORIENTED_EDGE('',*,*,#2552,.T.);
#2552 = EDGE_CURVE('',#2526,#2470,#2553,.T.);
#2553 = CIRCLE('',#2554,0.3);
#2554 = AXIS2_PLACEMENT_3D('',#2555,#2556,#2557);
#2555 = CARTESIAN_POINT('',(5.688234052771,10.735572582528,-4.14));
#2556 = DIRECTION('',(0.,-0.,-1.));
#2557 = DIRECTION('',(7.512509133297E-15,-1.,0.));
#2558 = CYLINDRICAL_SURFACE('',#2559,0.3);
#2559 = AXIS2_PLACEMENT_3D('',#2560,#2561,#2562);
#2560 = CARTESIAN_POINT('',(5.688234052771,10.735572582528,-4.14));
#2561 = DIRECTION('',(0.,0.,-1.));
#2562 = DIRECTION('',(7.512509133297E-15,-1.,0.));
#2563 = ADVANCED_FACE('',(#2564),#2583,.F.);
#2564 = FACE_BOUND('',#2565,.F.);
#2565 = EDGE_LOOP('',(#2566,#2574,#2581,#2582));
#2566 = ORIENTED_EDGE('',*,*,#2567,.T.);
#2567 = EDGE_CURVE('',#878,#2568,#2570,.T.);
#2568 = VERTEX_POINT('',#2569);
#2569 = CARTESIAN_POINT('',(7.62,-9.66,-4.14));
#2570 = LINE('',#2571,#2572);
#2571 = CARTESIAN_POINT('',(7.62,-9.66,-4.14));
#2572 = VECTOR('',#2573,1.);
#2573 = DIRECTION('',(0.,0.,1.));
#2574 = ORIENTED_EDGE('',*,*,#2575,.T.);
#2575 = EDGE_CURVE('',#2568,#2568,#2576,.T.);
#2576 = CIRCLE('',#2577,0.5);
#2577 = AXIS2_PLACEMENT_3D('',#2578,#2579,#2580);
#2578 = CARTESIAN_POINT('',(7.62,-10.16,-4.14));
#2579 = DIRECTION('',(0.,-0.,-1.));
#2580 = DIRECTION('',(1.110223024625E-16,-1.,0.));
#2581 = ORIENTED_EDGE('',*,*,#2567,.F.);
#2582 = ORIENTED_EDGE('',*,*,#877,.T.);
#2583 = CYLINDRICAL_SURFACE('',#2584,0.5);
#2584 = AXIS2_PLACEMENT_3D('',#2585,#2586,#2587);
#2585 = CARTESIAN_POINT('',(7.62,-10.16,-4.14));
#2586 = DIRECTION('',(0.,0.,-1.));
#2587 = DIRECTION('',(1.110223024625E-16,-1.,0.));
#2588 = ADVANCED_FACE('',(#2589),#2608,.F.);
#2589 = FACE_BOUND('',#2590,.F.);
#2590 = EDGE_LOOP('',(#2591,#2599,#2606,#2607));
#2591 = ORIENTED_EDGE('',*,*,#2592,.T.);
#2592 = EDGE_CURVE('',#867,#2593,#2595,.T.);
#2593 = VERTEX_POINT('',#2594);
#2594 = CARTESIAN_POINT('',(7.62,-2.04,-4.14));
#2595 = LINE('',#2596,#2597);
#2596 = CARTESIAN_POINT('',(7.62,-2.04,-4.14));
#2597 = VECTOR('',#2598,1.);
#2598 = DIRECTION('',(0.,0.,1.));
#2599 = ORIENTED_EDGE('',*,*,#2600,.T.);
#2600 = EDGE_CURVE('',#2593,#2593,#2601,.T.);
#2601 = CIRCLE('',#2602,0.5);
#2602 = AXIS2_PLACEMENT_3D('',#2603,#2604,#2605);
#2603 = CARTESIAN_POINT('',(7.62,-2.54,-4.14));
#2604 = DIRECTION('',(0.,-0.,-1.));
#2605 = DIRECTION('',(1.110223024625E-16,-1.,0.));
#2606 = ORIENTED_EDGE('',*,*,#2592,.F.);
#2607 = ORIENTED_EDGE('',*,*,#866,.T.);
#2608 = CYLINDRICAL_SURFACE('',#2609,0.5);
#2609 = AXIS2_PLACEMENT_3D('',#2610,#2611,#2612);
#2610 = CARTESIAN_POINT('',(7.62,-2.54,-4.14));
#2611 = DIRECTION('',(0.,0.,-1.));
#2612 = DIRECTION('',(1.110223024625E-16,-1.,0.));
#2613 = ADVANCED_FACE('',(#2614),#2633,.F.);
#2614 = FACE_BOUND('',#2615,.F.);
#2615 = EDGE_LOOP('',(#2616,#2624,#2631,#2632));
#2616 = ORIENTED_EDGE('',*,*,#2617,.T.);
#2617 = EDGE_CURVE('',#856,#2618,#2620,.T.);
#2618 = VERTEX_POINT('',#2619);
#2619 = CARTESIAN_POINT('',(-7.62,13.2,-4.14));
#2620 = LINE('',#2621,#2622);
#2621 = CARTESIAN_POINT('',(-7.62,13.2,-4.14));
#2622 = VECTOR('',#2623,1.);
#2623 = DIRECTION('',(0.,0.,1.));
#2624 = ORIENTED_EDGE('',*,*,#2625,.T.);
#2625 = EDGE_CURVE('',#2618,#2618,#2626,.T.);
#2626 = CIRCLE('',#2627,0.5);
#2627 = AXIS2_PLACEMENT_3D('',#2628,#2629,#2630);
#2628 = CARTESIAN_POINT('',(-7.62,12.7,-4.14));
#2629 = DIRECTION('',(0.,-0.,-1.));
#2630 = DIRECTION('',(1.110223024625E-16,-1.,0.));
#2631 = ORIENTED_EDGE('',*,*,#2617,.F.);
#2632 = ORIENTED_EDGE('',*,*,#855,.T.);
#2633 = CYLINDRICAL_SURFACE('',#2634,0.5);
#2634 = AXIS2_PLACEMENT_3D('',#2635,#2636,#2637);
#2635 = CARTESIAN_POINT('',(-7.62,12.7,-4.14));
#2636 = DIRECTION('',(0.,0.,-1.));
#2637 = DIRECTION('',(1.110223024625E-16,-1.,0.));
#2638 = ADVANCED_FACE('',(#2639),#2658,.F.);
#2639 = FACE_BOUND('',#2640,.F.);
#2640 = EDGE_LOOP('',(#2641,#2649,#2656,#2657));
#2641 = ORIENTED_EDGE('',*,*,#2642,.T.);
#2642 = EDGE_CURVE('',#845,#2643,#2645,.T.);
#2643 = VERTEX_POINT('',#2644);
#2644 = CARTESIAN_POINT('',(-4.507405989273,-11.6982325482,-4.14));
#2645 = LINE('',#2646,#2647);
#2646 = CARTESIAN_POINT('',(-4.507405989273,-11.6982325482,-4.14));
#2647 = VECTOR('',#2648,1.);
#2648 = DIRECTION('',(0.,0.,1.));
#2649 = ORIENTED_EDGE('',*,*,#2650,.T.);
#2650 = EDGE_CURVE('',#2643,#2643,#2651,.T.);
#2651 = CIRCLE('',#2652,0.5);
#2652 = AXIS2_PLACEMENT_3D('',#2653,#2654,#2655);
#2653 = CARTESIAN_POINT('',(-4.507405989273,-12.1982325482,-4.14));
#2654 = DIRECTION('',(0.,-0.,-1.));
#2655 = DIRECTION('',(1.110223024625E-16,-1.,0.));
#2656 = ORIENTED_EDGE('',*,*,#2642,.F.);
#2657 = ORIENTED_EDGE('',*,*,#844,.T.);
#2658 = CYLINDRICAL_SURFACE('',#2659,0.5);
#2659 = AXIS2_PLACEMENT_3D('',#2660,#2661,#2662);
#2660 = CARTESIAN_POINT('',(-4.507405989273,-12.1982325482,-4.14));
#2661 = DIRECTION('',(0.,0.,-1.));
#2662 = DIRECTION('',(1.110223024625E-16,-1.,0.));
#2663 = ADVANCED_FACE('',(#2664),#2683,.F.);
#2664 = FACE_BOUND('',#2665,.F.);
#2665 = EDGE_LOOP('',(#2666,#2674,#2681,#2682));
#2666 = ORIENTED_EDGE('',*,*,#2667,.T.);
#2667 = EDGE_CURVE('',#834,#2668,#2670,.T.);
#2668 = VERTEX_POINT('',#2669);
#2669 = CARTESIAN_POINT('',(-7.62,3.04,-4.14));
#2670 = LINE('',#2671,#2672);
#2671 = CARTESIAN_POINT('',(-7.62,3.04,-4.14));
#2672 = VECTOR('',#2673,1.);
#2673 = DIRECTION('',(0.,0.,1.));
#2674 = ORIENTED_EDGE('',*,*,#2675,.T.);
#2675 = EDGE_CURVE('',#2668,#2668,#2676,.T.);
#2676 = CIRCLE('',#2677,0.5);
#2677 = AXIS2_PLACEMENT_3D('',#2678,#2679,#2680);
#2678 = CARTESIAN_POINT('',(-7.62,2.54,-4.14));
#2679 = DIRECTION('',(0.,-0.,-1.));
#2680 = DIRECTION('',(1.110223024625E-16,-1.,0.));
#2681 = ORIENTED_EDGE('',*,*,#2667,.F.);
#2682 = ORIENTED_EDGE('',*,*,#833,.T.);
#2683 = CYLINDRICAL_SURFACE('',#2684,0.5);
#2684 = AXIS2_PLACEMENT_3D('',#2685,#2686,#2687);
#2685 = CARTESIAN_POINT('',(-7.62,2.54,-4.14));
#2686 = DIRECTION('',(0.,0.,-1.));
#2687 = DIRECTION('',(1.110223024625E-16,-1.,0.));
#2688 = ADVANCED_FACE('',(#2689),#2708,.F.);
#2689 = FACE_BOUND('',#2690,.F.);
#2690 = EDGE_LOOP('',(#2691,#2699,#2706,#2707));
#2691 = ORIENTED_EDGE('',*,*,#2692,.T.);
#2692 = EDGE_CURVE('',#823,#2693,#2695,.T.);
#2693 = VERTEX_POINT('',#2694);
#2694 = CARTESIAN_POINT('',(-7.62,-12.2,-4.14));
#2695 = LINE('',#2696,#2697);
#2696 = CARTESIAN_POINT('',(-7.62,-12.2,-4.14));
#2697 = VECTOR('',#2698,1.);
#2698 = DIRECTION('',(0.,0.,1.));
#2699 = ORIENTED_EDGE('',*,*,#2700,.T.);
#2700 = EDGE_CURVE('',#2693,#2693,#2701,.T.);
#2701 = CIRCLE('',#2702,0.5);
#2702 = AXIS2_PLACEMENT_3D('',#2703,#2704,#2705);
#2703 = CARTESIAN_POINT('',(-7.62,-12.7,-4.14));
#2704 = DIRECTION('',(0.,-0.,-1.));
#2705 = DIRECTION('',(1.110223024625E-16,-1.,0.));
#2706 = ORIENTED_EDGE('',*,*,#2692,.F.);
#2707 = ORIENTED_EDGE('',*,*,#822,.T.);
#2708 = CYLINDRICAL_SURFACE('',#2709,0.5);
#2709 = AXIS2_PLACEMENT_3D('',#2710,#2711,#2712);
#2710 = CARTESIAN_POINT('',(-7.62,-12.7,-4.14));
#2711 = DIRECTION('',(0.,0.,-1.));
#2712 = DIRECTION('',(1.110223024625E-16,-1.,0.));
#2713 = ADVANCED_FACE('',(#2714),#2733,.F.);
#2714 = FACE_BOUND('',#2715,.F.);
#2715 = EDGE_LOOP('',(#2716,#2724,#2731,#2732));
#2716 = ORIENTED_EDGE('',*,*,#2717,.T.);
#2717 = EDGE_CURVE('',#812,#2718,#2720,.T.);
#2718 = VERTEX_POINT('',#2719);
#2719 = CARTESIAN_POINT('',(-7.62,15.74,-4.14));
#2720 = LINE('',#2721,#2722);
#2721 = CARTESIAN_POINT('',(-7.62,15.74,-4.14));
#2722 = VECTOR('',#2723,1.);
#2723 = DIRECTION('',(0.,0.,1.));
#2724 = ORIENTED_EDGE('',*,*,#2725,.T.);
#2725 = EDGE_CURVE('',#2718,#2718,#2726,.T.);
#2726 = CIRCLE('',#2727,0.5);
#2727 = AXIS2_PLACEMENT_3D('',#2728,#2729,#2730);
#2728 = CARTESIAN_POINT('',(-7.62,15.24,-4.14));
#2729 = DIRECTION('',(0.,-0.,-1.));
#2730 = DIRECTION('',(1.110223024625E-16,-1.,0.));
#2731 = ORIENTED_EDGE('',*,*,#2717,.F.);
#2732 = ORIENTED_EDGE('',*,*,#811,.T.);
#2733 = CYLINDRICAL_SURFACE('',#2734,0.5);
#2734 = AXIS2_PLACEMENT_3D('',#2735,#2736,#2737);
#2735 = CARTESIAN_POINT('',(-7.62,15.24,-4.14));
#2736 = DIRECTION('',(0.,0.,-1.));
#2737 = DIRECTION('',(1.110223024625E-16,-1.,0.));
#2738 = ADVANCED_FACE('',(#2739),#2758,.F.);
#2739 = FACE_BOUND('',#2740,.F.);
#2740 = EDGE_LOOP('',(#2741,#2749,#2756,#2757));
#2741 = ORIENTED_EDGE('',*,*,#2742,.T.);
#2742 = EDGE_CURVE('',#801,#2743,#2745,.T.);
#2743 = VERTEX_POINT('',#2744);
#2744 = CARTESIAN_POINT('',(-7.62,-14.74,-4.14));
#2745 = LINE('',#2746,#2747);
#2746 = CARTESIAN_POINT('',(-7.62,-14.74,-4.14));
#2747 = VECTOR('',#2748,1.);
#2748 = DIRECTION('',(0.,0.,1.));
#2749 = ORIENTED_EDGE('',*,*,#2750,.T.);
#2750 = EDGE_CURVE('',#2743,#2743,#2751,.T.);
#2751 = CIRCLE('',#2752,0.5);
#2752 = AXIS2_PLACEMENT_3D('',#2753,#2754,#2755);
#2753 = CARTESIAN_POINT('',(-7.62,-15.24,-4.14));
#2754 = DIRECTION('',(0.,-0.,-1.));
#2755 = DIRECTION('',(1.110223024625E-16,-1.,0.));
#2756 = ORIENTED_EDGE('',*,*,#2742,.F.);
#2757 = ORIENTED_EDGE('',*,*,#800,.T.);
#2758 = CYLINDRICAL_SURFACE('',#2759,0.5);
#2759 = AXIS2_PLACEMENT_3D('',#2760,#2761,#2762);
#2760 = CARTESIAN_POINT('',(-7.62,-15.24,-4.14));
#2761 = DIRECTION('',(0.,0.,-1.));
#2762 = DIRECTION('',(1.110223024625E-16,-1.,0.));
#2763 = ADVANCED_FACE('',(#2764),#2789,.T.);
#2764 = FACE_BOUND('',#2765,.T.);
#2765 = EDGE_LOOP('',(#2766,#2776,#2782,#2783));
#2766 = ORIENTED_EDGE('',*,*,#2767,.F.);
#2767 = EDGE_CURVE('',#2768,#2770,#2772,.T.);
#2768 = VERTEX_POINT('',#2769);
#2769 = CARTESIAN_POINT('',(5.388234052771,14.585387509816,-4.14));
#2770 = VERTEX_POINT('',#2771);
#2771 = CARTESIAN_POINT('',(5.388234052771,15.785387509816,-4.14));
#2772 = LINE('',#2773,#2774);
#2773 = CARTESIAN_POINT('',(5.388234052771,15.785387509816,-4.14));
#2774 = VECTOR('',#2775,1.);
#2775 = DIRECTION('',(-1.110223024625E-16,1.,0.));
#2776 = ORIENTED_EDGE('',*,*,#2777,.T.);
#2777 = EDGE_CURVE('',#2768,#765,#2778,.T.);
#2778 = LINE('',#2779,#2780);
#2779 = CARTESIAN_POINT('',(5.388234052771,14.585387509816,-4.14));
#2780 = VECTOR('',#2781,1.);
#2781 = DIRECTION('',(0.,0.,-1.));
#2782 = ORIENTED_EDGE('',*,*,#792,.F.);
#2783 = ORIENTED_EDGE('',*,*,#2784,.F.);
#2784 = EDGE_CURVE('',#2770,#784,#2785,.T.);
#2785 = LINE('',#2786,#2787);
#2786 = CARTESIAN_POINT('',(5.388234052771,15.785387509816,-4.14));
#2787 = VECTOR('',#2788,1.);
#2788 = DIRECTION('',(0.,0.,-1.));
#2789 = PLANE('',#2790);
#2790 = AXIS2_PLACEMENT_3D('',#2791,#2792,#2793);
#2791 = CARTESIAN_POINT('',(5.388234052771,15.785387509816,-4.14));
#2792 = DIRECTION('',(1.,1.110223024625E-16,0.));
#2793 = DIRECTION('',(1.110223024625E-16,-1.,0.));
#2794 = ADVANCED_FACE('',(#2795),#2814,.F.);
#2795 = FACE_BOUND('',#2796,.F.);
#2796 = EDGE_LOOP('',(#2797,#2805,#2806,#2807));
#2797 = ORIENTED_EDGE('',*,*,#2798,.T.);
#2798 = EDGE_CURVE('',#2799,#776,#2801,.T.);
#2799 = VERTEX_POINT('',#2800);
#2800 = CARTESIAN_POINT('',(5.988234052771,15.785387509816,-4.14));
#2801 = LINE('',#2802,#2803);
#2802 = CARTESIAN_POINT('',(5.988234052771,15.785387509816,-4.14));
#2803 = VECTOR('',#2804,1.);
#2804 = DIRECTION('',(0.,0.,-1.));
#2805 = ORIENTED_EDGE('',*,*,#783,.T.);
#2806 = ORIENTED_EDGE('',*,*,#2784,.F.);
#2807 = ORIENTED_EDGE('',*,*,#2808,.T.);
#2808 = EDGE_CURVE('',#2770,#2799,#2809,.T.);
#2809 = CIRCLE('',#2810,0.3);
#2810 = AXIS2_PLACEMENT_3D('',#2811,#2812,#2813);
#2811 = CARTESIAN_POINT('',(5.688234052771,15.785387509816,-4.14));
#2812 = DIRECTION('',(0.,-0.,-1.));
#2813 = DIRECTION('',(1.,-4.514906966809E-15,0.));
#2814 = CYLINDRICAL_SURFACE('',#2815,0.3);
#2815 = AXIS2_PLACEMENT_3D('',#2816,#2817,#2818);
#2816 = CARTESIAN_POINT('',(5.688234052771,15.785387509816,-4.14));
#2817 = DIRECTION('',(0.,0.,-1.));
#2818 = DIRECTION('',(1.,-4.514906966809E-15,0.));
#2819 = ADVANCED_FACE('',(#2820),#2838,.T.);
#2820 = FACE_BOUND('',#2821,.T.);
#2821 = EDGE_LOOP('',(#2822,#2830,#2831,#2832));
#2822 = ORIENTED_EDGE('',*,*,#2823,.F.);
#2823 = EDGE_CURVE('',#2799,#2824,#2826,.T.);
#2824 = VERTEX_POINT('',#2825);
#2825 = CARTESIAN_POINT('',(5.988234052771,14.585387509816,-4.14));
#2826 = LINE('',#2827,#2828);
#2827 = CARTESIAN_POINT('',(5.988234052771,14.585387509816,-4.14));
#2828 = VECTOR('',#2829,1.);
#2829 = DIRECTION('',(1.110223024625E-16,-1.,0.));
#2830 = ORIENTED_EDGE('',*,*,#2798,.T.);
#2831 = ORIENTED_EDGE('',*,*,#775,.F.);
#2832 = ORIENTED_EDGE('',*,*,#2833,.F.);
#2833 = EDGE_CURVE('',#2824,#767,#2834,.T.);
#2834 = LINE('',#2835,#2836);
#2835 = CARTESIAN_POINT('',(5.988234052771,14.585387509816,-4.14));
#2836 = VECTOR('',#2837,1.);
#2837 = DIRECTION('',(0.,0.,-1.));
#2838 = PLANE('',#2839);
#2839 = AXIS2_PLACEMENT_3D('',#2840,#2841,#2842);
#2840 = CARTESIAN_POINT('',(5.988234052771,14.585387509816,-4.14));
#2841 = DIRECTION('',(-1.,-1.110223024625E-16,0.));
#2842 = DIRECTION('',(-1.110223024625E-16,1.,0.));
#2843 = ADVANCED_FACE('',(#2844),#2856,.F.);
#2844 = FACE_BOUND('',#2845,.F.);
#2845 = EDGE_LOOP('',(#2846,#2847,#2848,#2849));
#2846 = ORIENTED_EDGE('',*,*,#2777,.T.);
#2847 = ORIENTED_EDGE('',*,*,#764,.T.);
#2848 = ORIENTED_EDGE('',*,*,#2833,.F.);
#2849 = ORIENTED_EDGE('',*,*,#2850,.T.);
#2850 = EDGE_CURVE('',#2824,#2768,#2851,.T.);
#2851 = CIRCLE('',#2852,0.3);
#2852 = AXIS2_PLACEMENT_3D('',#2853,#2854,#2855);
#2853 = CARTESIAN_POINT('',(5.688234052771,14.585387509816,-4.14));
#2854 = DIRECTION('',(0.,-0.,-1.));
#2855 = DIRECTION('',(-7.290464528372E-15,-1.,0.));
#2856 = CYLINDRICAL_SURFACE('',#2857,0.3);
#2857 = AXIS2_PLACEMENT_3D('',#2858,#2859,#2860);
#2858 = CARTESIAN_POINT('',(5.688234052771,14.585387509816,-4.14));
#2859 = DIRECTION('',(0.,0.,-1.));
#2860 = DIRECTION('',(-7.290464528372E-15,-1.,0.));
#2861 = ADVANCED_FACE('',(#2862),#2881,.F.);
#2862 = FACE_BOUND('',#2863,.F.);
#2863 = EDGE_LOOP('',(#2864,#2872,#2879,#2880));
#2864 = ORIENTED_EDGE('',*,*,#2865,.T.);
#2865 = EDGE_CURVE('',#754,#2866,#2868,.T.);
#2866 = VERTEX_POINT('',#2867);
#2867 = CARTESIAN_POINT('',(7.62,5.58,-4.14));
#2868 = LINE('',#2869,#2870);
#2869 = CARTESIAN_POINT('',(7.62,5.58,-4.14));
#2870 = VECTOR('',#2871,1.);
#2871 = DIRECTION('',(0.,0.,1.));
#2872 = ORIENTED_EDGE('',*,*,#2873,.T.);
#2873 = EDGE_CURVE('',#2866,#2866,#2874,.T.);
#2874 = CIRCLE('',#2875,0.5);
#2875 = AXIS2_PLACEMENT_3D('',#2876,#2877,#2878);
#2876 = CARTESIAN_POINT('',(7.62,5.08,-4.14));
#2877 = DIRECTION('',(0.,-0.,-1.));
#2878 = DIRECTION('',(1.110223024625E-16,-1.,0.));
#2879 = ORIENTED_EDGE('',*,*,#2865,.F.);
#2880 = ORIENTED_EDGE('',*,*,#753,.T.);
#2881 = CYLINDRICAL_SURFACE('',#2882,0.5);
#2882 = AXIS2_PLACEMENT_3D('',#2883,#2884,#2885);
#2883 = CARTESIAN_POINT('',(7.62,5.08,-4.14));
#2884 = DIRECTION('',(0.,0.,-1.));
#2885 = DIRECTION('',(1.110223024625E-16,-1.,0.));
#2886 = ADVANCED_FACE('',(#2887),#2906,.F.);
#2887 = FACE_BOUND('',#2888,.F.);
#2888 = EDGE_LOOP('',(#2889,#2897,#2904,#2905));
#2889 = ORIENTED_EDGE('',*,*,#2890,.T.);
#2890 = EDGE_CURVE('',#743,#2891,#2893,.T.);
#2891 = VERTEX_POINT('',#2892);
#2892 = CARTESIAN_POINT('',(-7.62,0.5,-4.14));
#2893 = LINE('',#2894,#2895);
#2894 = CARTESIAN_POINT('',(-7.62,0.5,-4.14));
#2895 = VECTOR('',#2896,1.);
#2896 = DIRECTION('',(0.,0.,1.));
#2897 = ORIENTED_EDGE('',*,*,#2898,.T.);
#2898 = EDGE_CURVE('',#2891,#2891,#2899,.T.);
#2899 = CIRCLE('',#2900,0.5);
#2900 = AXIS2_PLACEMENT_3D('',#2901,#2902,#2903);
#2901 = CARTESIAN_POINT('',(-7.62,0.,-4.14));
#2902 = DIRECTION('',(0.,-0.,-1.));
#2903 = DIRECTION('',(1.110223024625E-16,-1.,0.));
#2904 = ORIENTED_EDGE('',*,*,#2890,.F.);
#2905 = ORIENTED_EDGE('',*,*,#742,.T.);
#2906 = CYLINDRICAL_SURFACE('',#2907,0.5);
#2907 = AXIS2_PLACEMENT_3D('',#2908,#2909,#2910);
#2908 = CARTESIAN_POINT('',(-7.62,0.,-4.14));
#2909 = DIRECTION('',(0.,0.,-1.));
#2910 = DIRECTION('',(1.110223024625E-16,-1.,0.));
#2911 = ADVANCED_FACE('',(#2912),#2931,.F.);
#2912 = FACE_BOUND('',#2913,.F.);
#2913 = EDGE_LOOP('',(#2914,#2922,#2929,#2930));
#2914 = ORIENTED_EDGE('',*,*,#2915,.T.);
#2915 = EDGE_CURVE('',#732,#2916,#2918,.T.);
#2916 = VERTEX_POINT('',#2917);
#2917 = CARTESIAN_POINT('',(-7.62,-9.66,-4.14));
#2918 = LINE('',#2919,#2920);
#2919 = CARTESIAN_POINT('',(-7.62,-9.66,-4.14));
#2920 = VECTOR('',#2921,1.);
#2921 = DIRECTION('',(0.,0.,1.));
#2922 = ORIENTED_EDGE('',*,*,#2923,.T.);
#2923 = EDGE_CURVE('',#2916,#2916,#2924,.T.);
#2924 = CIRCLE('',#2925,0.5);
#2925 = AXIS2_PLACEMENT_3D('',#2926,#2927,#2928);
#2926 = CARTESIAN_POINT('',(-7.62,-10.16,-4.14));
#2927 = DIRECTION('',(0.,-0.,-1.));
#2928 = DIRECTION('',(1.110223024625E-16,-1.,0.));
#2929 = ORIENTED_EDGE('',*,*,#2915,.F.);
#2930 = ORIENTED_EDGE('',*,*,#731,.T.);
#2931 = CYLINDRICAL_SURFACE('',#2932,0.5);
#2932 = AXIS2_PLACEMENT_3D('',#2933,#2934,#2935);
#2933 = CARTESIAN_POINT('',(-7.62,-10.16,-4.14));
#2934 = DIRECTION('',(0.,0.,-1.));
#2935 = DIRECTION('',(1.110223024625E-16,-1.,0.));
#2936 = ADVANCED_FACE('',(#2937),#2956,.F.);
#2937 = FACE_BOUND('',#2938,.F.);
#2938 = EDGE_LOOP('',(#2939,#2947,#2954,#2955));
#2939 = ORIENTED_EDGE('',*,*,#2940,.T.);
#2940 = EDGE_CURVE('',#721,#2941,#2943,.T.);
#2941 = VERTEX_POINT('',#2942);
#2942 = CARTESIAN_POINT('',(7.62,-12.2,-4.14));
#2943 = LINE('',#2944,#2945);
#2944 = CARTESIAN_POINT('',(7.62,-12.2,-4.14));
#2945 = VECTOR('',#2946,1.);
#2946 = DIRECTION('',(0.,0.,1.));
#2947 = ORIENTED_EDGE('',*,*,#2948,.T.);
#2948 = EDGE_CURVE('',#2941,#2941,#2949,.T.);
#2949 = CIRCLE('',#2950,0.5);
#2950 = AXIS2_PLACEMENT_3D('',#2951,#2952,#2953);
#2951 = CARTESIAN_POINT('',(7.62,-12.7,-4.14));
#2952 = DIRECTION('',(0.,-0.,-1.));
#2953 = DIRECTION('',(1.110223024625E-16,-1.,0.));
#2954 = ORIENTED_EDGE('',*,*,#2940,.F.);
#2955 = ORIENTED_EDGE('',*,*,#720,.T.);
#2956 = CYLINDRICAL_SURFACE('',#2957,0.5);
#2957 = AXIS2_PLACEMENT_3D('',#2958,#2959,#2960);
#2958 = CARTESIAN_POINT('',(7.62,-12.7,-4.14));
#2959 = DIRECTION('',(0.,0.,-1.));
#2960 = DIRECTION('',(1.110223024625E-16,-1.,0.));
#2961 = ADVANCED_FACE('',(#2962),#2981,.F.);
#2962 = FACE_BOUND('',#2963,.F.);
#2963 = EDGE_LOOP('',(#2964,#2972,#2979,#2980));
#2964 = ORIENTED_EDGE('',*,*,#2965,.T.);
#2965 = EDGE_CURVE('',#710,#2966,#2968,.T.);
#2966 = VERTEX_POINT('',#2967);
#2967 = CARTESIAN_POINT('',(7.62,13.2,-4.14));
#2968 = LINE('',#2969,#2970);
#2969 = CARTESIAN_POINT('',(7.62,13.2,-4.14));
#2970 = VECTOR('',#2971,1.);
#2971 = DIRECTION('',(0.,0.,1.));
#2972 = ORIENTED_EDGE('',*,*,#2973,.T.);
#2973 = EDGE_CURVE('',#2966,#2966,#2974,.T.);
#2974 = CIRCLE('',#2975,0.5);
#2975 = AXIS2_PLACEMENT_3D('',#2976,#2977,#2978);
#2976 = CARTESIAN_POINT('',(7.62,12.7,-4.14));
#2977 = DIRECTION('',(0.,-0.,-1.));
#2978 = DIRECTION('',(1.110223024625E-16,-1.,0.));
#2979 = ORIENTED_EDGE('',*,*,#2965,.F.);
#2980 = ORIENTED_EDGE('',*,*,#709,.T.);
#2981 = CYLINDRICAL_SURFACE('',#2982,0.5);
#2982 = AXIS2_PLACEMENT_3D('',#2983,#2984,#2985);
#2983 = CARTESIAN_POINT('',(7.62,12.7,-4.14));
#2984 = DIRECTION('',(0.,0.,-1.));
#2985 = DIRECTION('',(1.110223024625E-16,-1.,0.));
#2986 = ADVANCED_FACE('',(#2987),#3006,.F.);
#2987 = FACE_BOUND('',#2988,.F.);
#2988 = EDGE_LOOP('',(#2989,#2997,#3004,#3005));
#2989 = ORIENTED_EDGE('',*,*,#2990,.T.);
#2990 = EDGE_CURVE('',#699,#2991,#2993,.T.);
#2991 = VERTEX_POINT('',#2992);
#2992 = CARTESIAN_POINT('',(-7.62,10.66,-4.14));
#2993 = LINE('',#2994,#2995);
#2994 = CARTESIAN_POINT('',(-7.62,10.66,-4.14));
#2995 = VECTOR('',#2996,1.);
#2996 = DIRECTION('',(0.,0.,1.));
#2997 = ORIENTED_EDGE('',*,*,#2998,.T.);
#2998 = EDGE_CURVE('',#2991,#2991,#2999,.T.);
#2999 = CIRCLE('',#3000,0.5);
#3000 = AXIS2_PLACEMENT_3D('',#3001,#3002,#3003);
#3001 = CARTESIAN_POINT('',(-7.62,10.16,-4.14));
#3002 = DIRECTION('',(0.,-0.,-1.));
#3003 = DIRECTION('',(1.110223024625E-16,-1.,0.));
#3004 = ORIENTED_EDGE('',*,*,#2990,.F.);
#3005 = ORIENTED_EDGE('',*,*,#698,.T.);
#3006 = CYLINDRICAL_SURFACE('',#3007,0.5);
#3007 = AXIS2_PLACEMENT_3D('',#3008,#3009,#3010);
#3008 = CARTESIAN_POINT('',(-7.62,10.16,-4.14));
#3009 = DIRECTION('',(0.,0.,-1.));
#3010 = DIRECTION('',(1.110223024625E-16,-1.,0.));
#3011 = ADVANCED_FACE('',(#3012),#3037,.T.);
#3012 = FACE_BOUND('',#3013,.T.);
#3013 = EDGE_LOOP('',(#3014,#3024,#3030,#3031));
#3014 = ORIENTED_EDGE('',*,*,#3015,.F.);
#3015 = EDGE_CURVE('',#3016,#3018,#3020,.T.);
#3016 = VERTEX_POINT('',#3017);
#3017 = CARTESIAN_POINT('',(-5.388234052771,15.785387509816,-4.14));
#3018 = VERTEX_POINT('',#3019);
#3019 = CARTESIAN_POINT('',(-5.388234052771,14.585387509816,-4.14));
#3020 = LINE('',#3021,#3022);
#3021 = CARTESIAN_POINT('',(-5.388234052771,15.785387509816,-4.14));
#3022 = VECTOR('',#3023,1.);
#3023 = DIRECTION('',(1.110223024625E-16,-1.,0.));
#3024 = ORIENTED_EDGE('',*,*,#3025,.T.);
#3025 = EDGE_CURVE('',#3016,#663,#3026,.T.);
#3026 = LINE('',#3027,#3028);
#3027 = CARTESIAN_POINT('',(-5.388234052771,15.785387509816,-4.14));
#3028 = VECTOR('',#3029,1.);
#3029 = DIRECTION('',(0.,0.,-1.));
#3030 = ORIENTED_EDGE('',*,*,#690,.F.);
#3031 = ORIENTED_EDGE('',*,*,#3032,.F.);
#3032 = EDGE_CURVE('',#3018,#682,#3033,.T.);
#3033 = LINE('',#3034,#3035);
#3034 = CARTESIAN_POINT('',(-5.388234052771,14.585387509816,-4.14));
#3035 = VECTOR('',#3036,1.);
#3036 = DIRECTION('',(0.,0.,-1.));
#3037 = PLANE('',#3038);
#3038 = AXIS2_PLACEMENT_3D('',#3039,#3040,#3041);
#3039 = CARTESIAN_POINT('',(-5.388234052771,14.585387509816,-4.14));
#3040 = DIRECTION('',(-1.,-1.110223024625E-16,0.));
#3041 = DIRECTION('',(-1.110223024625E-16,1.,0.));
#3042 = ADVANCED_FACE('',(#3043),#3062,.F.);
#3043 = FACE_BOUND('',#3044,.F.);
#3044 = EDGE_LOOP('',(#3045,#3053,#3054,#3055));
#3045 = ORIENTED_EDGE('',*,*,#3046,.T.);
#3046 = EDGE_CURVE('',#3047,#674,#3049,.T.);
#3047 = VERTEX_POINT('',#3048);
#3048 = CARTESIAN_POINT('',(-5.988234052771,14.585387509816,-4.14));
#3049 = LINE('',#3050,#3051);
#3050 = CARTESIAN_POINT('',(-5.988234052771,14.585387509816,-4.14));
#3051 = VECTOR('',#3052,1.);
#3052 = DIRECTION('',(0.,0.,-1.));
#3053 = ORIENTED_EDGE('',*,*,#681,.T.);
#3054 = ORIENTED_EDGE('',*,*,#3032,.F.);
#3055 = ORIENTED_EDGE('',*,*,#3056,.T.);
#3056 = EDGE_CURVE('',#3018,#3047,#3057,.T.);
#3057 = CIRCLE('',#3058,0.3);
#3058 = AXIS2_PLACEMENT_3D('',#3059,#3060,#3061);
#3059 = CARTESIAN_POINT('',(-5.688234052771,14.585387509816,-4.14));
#3060 = DIRECTION('',(0.,-0.,-1.));
#3061 = DIRECTION('',(-1.,-1.110223024625E-16,0.));
#3062 = CYLINDRICAL_SURFACE('',#3063,0.3);
#3063 = AXIS2_PLACEMENT_3D('',#3064,#3065,#3066);
#3064 = CARTESIAN_POINT('',(-5.688234052771,14.585387509816,-4.14));
#3065 = DIRECTION('',(0.,0.,-1.));
#3066 = DIRECTION('',(-1.,-1.110223024625E-16,0.));
#3067 = ADVANCED_FACE('',(#3068),#3086,.T.);
#3068 = FACE_BOUND('',#3069,.T.);
#3069 = EDGE_LOOP('',(#3070,#3078,#3079,#3080));
#3070 = ORIENTED_EDGE('',*,*,#3071,.F.);
#3071 = EDGE_CURVE('',#3047,#3072,#3074,.T.);
#3072 = VERTEX_POINT('',#3073);
#3073 = CARTESIAN_POINT('',(-5.988234052771,15.785387509816,-4.14));
#3074 = LINE('',#3075,#3076);
#3075 = CARTESIAN_POINT('',(-5.988234052771,14.585387509816,-4.14));
#3076 = VECTOR('',#3077,1.);
#3077 = DIRECTION('',(-1.110223024625E-16,1.,0.));
#3078 = ORIENTED_EDGE('',*,*,#3046,.T.);
#3079 = ORIENTED_EDGE('',*,*,#673,.F.);
#3080 = ORIENTED_EDGE('',*,*,#3081,.F.);
#3081 = EDGE_CURVE('',#3072,#665,#3082,.T.);
#3082 = LINE('',#3083,#3084);
#3083 = CARTESIAN_POINT('',(-5.988234052771,15.785387509816,-4.14));
#3084 = VECTOR('',#3085,1.);
#3085 = DIRECTION('',(0.,0.,-1.));
#3086 = PLANE('',#3087);
#3087 = AXIS2_PLACEMENT_3D('',#3088,#3089,#3090);
#3088 = CARTESIAN_POINT('',(-5.988234052771,15.785387509816,-4.14));
#3089 = DIRECTION('',(1.,1.110223024625E-16,0.));
#3090 = DIRECTION('',(1.110223024625E-16,-1.,0.));
#3091 = ADVANCED_FACE('',(#3092),#3104,.F.);
#3092 = FACE_BOUND('',#3093,.F.);
#3093 = EDGE_LOOP('',(#3094,#3095,#3096,#3097));
#3094 = ORIENTED_EDGE('',*,*,#3025,.T.);
#3095 = ORIENTED_EDGE('',*,*,#662,.T.);
#3096 = ORIENTED_EDGE('',*,*,#3081,.F.);
#3097 = ORIENTED_EDGE('',*,*,#3098,.T.);
#3098 = EDGE_CURVE('',#3072,#3016,#3099,.T.);
#3099 = CIRCLE('',#3100,0.3);
#3100 = AXIS2_PLACEMENT_3D('',#3101,#3102,#3103);
#3101 = CARTESIAN_POINT('',(-5.688234052771,15.785387509816,-4.14));
#3102 = DIRECTION('',(0.,0.,-1.));
#3103 = DIRECTION('',(1.,1.110223024625E-16,0.));
#3104 = CYLINDRICAL_SURFACE('',#3105,0.3);
#3105 = AXIS2_PLACEMENT_3D('',#3106,#3107,#3108);
#3106 = CARTESIAN_POINT('',(-5.688234052771,15.785387509816,-4.14));
#3107 = DIRECTION('',(0.,0.,-1.));
#3108 = DIRECTION('',(1.,1.110223024625E-16,0.));
#3109 = ADVANCED_FACE('',(#3110),#3129,.F.);
#3110 = FACE_BOUND('',#3111,.F.);
#3111 = EDGE_LOOP('',(#3112,#3120,#3127,#3128));
#3112 = ORIENTED_EDGE('',*,*,#3113,.T.);
#3113 = EDGE_CURVE('',#652,#3114,#3116,.T.);
#3114 = VERTEX_POINT('',#3115);
#3115 = CARTESIAN_POINT('',(-7.62,8.12,-4.14));
#3116 = LINE('',#3117,#3118);
#3117 = CARTESIAN_POINT('',(-7.62,8.12,-4.14));
#3118 = VECTOR('',#3119,1.);
#3119 = DIRECTION('',(0.,0.,1.));
#3120 = ORIENTED_EDGE('',*,*,#3121,.T.);
#3121 = EDGE_CURVE('',#3114,#3114,#3122,.T.);
#3122 = CIRCLE('',#3123,0.5);
#3123 = AXIS2_PLACEMENT_3D('',#3124,#3125,#3126);
#3124 = CARTESIAN_POINT('',(-7.62,7.62,-4.14));
#3125 = DIRECTION('',(0.,-0.,-1.));
#3126 = DIRECTION('',(1.110223024625E-16,-1.,0.));
#3127 = ORIENTED_EDGE('',*,*,#3113,.F.);
#3128 = ORIENTED_EDGE('',*,*,#651,.T.);
#3129 = CYLINDRICAL_SURFACE('',#3130,0.5);
#3130 = AXIS2_PLACEMENT_3D('',#3131,#3132,#3133);
#3131 = CARTESIAN_POINT('',(-7.62,7.62,-4.14));
#3132 = DIRECTION('',(0.,0.,-1.));
#3133 = DIRECTION('',(1.110223024625E-16,-1.,0.));
#3134 = ADVANCED_FACE('',(#3135),#3154,.F.);
#3135 = FACE_BOUND('',#3136,.F.);
#3136 = EDGE_LOOP('',(#3137,#3145,#3152,#3153));
#3137 = ORIENTED_EDGE('',*,*,#3138,.T.);
#3138 = EDGE_CURVE('',#641,#3139,#3141,.T.);
#3139 = VERTEX_POINT('',#3140);
#3140 = CARTESIAN_POINT('',(-7.62,-7.12,-4.14));
#3141 = LINE('',#3142,#3143);
#3142 = CARTESIAN_POINT('',(-7.62,-7.12,-4.14));
#3143 = VECTOR('',#3144,1.);
#3144 = DIRECTION('',(0.,0.,1.));
#3145 = ORIENTED_EDGE('',*,*,#3146,.T.);
#3146 = EDGE_CURVE('',#3139,#3139,#3147,.T.);
#3147 = CIRCLE('',#3148,0.5);
#3148 = AXIS2_PLACEMENT_3D('',#3149,#3150,#3151);
#3149 = CARTESIAN_POINT('',(-7.62,-7.62,-4.14));
#3150 = DIRECTION('',(0.,-0.,-1.));
#3151 = DIRECTION('',(1.110223024625E-16,-1.,0.));
#3152 = ORIENTED_EDGE('',*,*,#3138,.F.);
#3153 = ORIENTED_EDGE('',*,*,#640,.T.);
#3154 = CYLINDRICAL_SURFACE('',#3155,0.5);
#3155 = AXIS2_PLACEMENT_3D('',#3156,#3157,#3158);
#3156 = CARTESIAN_POINT('',(-7.62,-7.62,-4.14));
#3157 = DIRECTION('',(0.,0.,-1.));
#3158 = DIRECTION('',(1.110223024625E-16,-1.,0.));
#3159 = ADVANCED_FACE('',(#3160),#3185,.T.);
#3160 = FACE_BOUND('',#3161,.T.);
#3161 = EDGE_LOOP('',(#3162,#3172,#3178,#3179));
#3162 = ORIENTED_EDGE('',*,*,#3163,.F.);
#3163 = EDGE_CURVE('',#3164,#3166,#3168,.T.);
#3164 = VERTEX_POINT('',#3165);
#3165 = CARTESIAN_POINT('',(-5.388234052771,11.535572582528,-4.14));
#3166 = VERTEX_POINT('',#3167);
#3167 = CARTESIAN_POINT('',(-5.388234052771,10.735572582528,-4.14));
#3168 = LINE('',#3169,#3170);
#3169 = CARTESIAN_POINT('',(-5.388234052771,11.535572582528,-4.14));
#3170 = VECTOR('',#3171,1.);
#3171 = DIRECTION('',(1.110223024625E-16,-1.,0.));
#3172 = ORIENTED_EDGE('',*,*,#3173,.T.);
#3173 = EDGE_CURVE('',#3164,#605,#3174,.T.);
#3174 = LINE('',#3175,#3176);
#3175 = CARTESIAN_POINT('',(-5.388234052771,11.535572582528,-4.14));
#3176 = VECTOR('',#3177,1.);
#3177 = DIRECTION('',(0.,0.,-1.));
#3178 = ORIENTED_EDGE('',*,*,#632,.F.);
#3179 = ORIENTED_EDGE('',*,*,#3180,.F.);
#3180 = EDGE_CURVE('',#3166,#624,#3181,.T.);
#3181 = LINE('',#3182,#3183);
#3182 = CARTESIAN_POINT('',(-5.388234052771,10.735572582528,-4.14));
#3183 = VECTOR('',#3184,1.);
#3184 = DIRECTION('',(0.,0.,-1.));
#3185 = PLANE('',#3186);
#3186 = AXIS2_PLACEMENT_3D('',#3187,#3188,#3189);
#3187 = CARTESIAN_POINT('',(-5.388234052771,10.735572582528,-4.14));
#3188 = DIRECTION('',(-1.,-1.110223024625E-16,0.));
#3189 = DIRECTION('',(-1.110223024625E-16,1.,0.));
#3190 = ADVANCED_FACE('',(#3191),#3210,.F.);
#3191 = FACE_BOUND('',#3192,.F.);
#3192 = EDGE_LOOP('',(#3193,#3201,#3202,#3203));
#3193 = ORIENTED_EDGE('',*,*,#3194,.T.);
#3194 = EDGE_CURVE('',#3195,#616,#3197,.T.);
#3195 = VERTEX_POINT('',#3196);
#3196 = CARTESIAN_POINT('',(-5.988234052771,10.735572582528,-4.14));
#3197 = LINE('',#3198,#3199);
#3198 = CARTESIAN_POINT('',(-5.988234052771,10.735572582528,-4.14));
#3199 = VECTOR('',#3200,1.);
#3200 = DIRECTION('',(0.,0.,-1.));
#3201 = ORIENTED_EDGE('',*,*,#623,.T.);
#3202 = ORIENTED_EDGE('',*,*,#3180,.F.);
#3203 = ORIENTED_EDGE('',*,*,#3204,.T.);
#3204 = EDGE_CURVE('',#3166,#3195,#3205,.T.);
#3205 = CIRCLE('',#3206,0.3);
#3206 = AXIS2_PLACEMENT_3D('',#3207,#3208,#3209);
#3207 = CARTESIAN_POINT('',(-5.688234052771,10.735572582528,-4.14));
#3208 = DIRECTION('',(0.,-0.,-1.));
#3209 = DIRECTION('',(-1.,-1.110223024625E-16,0.));
#3210 = CYLINDRICAL_SURFACE('',#3211,0.3);
#3211 = AXIS2_PLACEMENT_3D('',#3212,#3213,#3214);
#3212 = CARTESIAN_POINT('',(-5.688234052771,10.735572582528,-4.14));
#3213 = DIRECTION('',(0.,0.,-1.));
#3214 = DIRECTION('',(-1.,-1.110223024625E-16,0.));
#3215 = ADVANCED_FACE('',(#3216),#3234,.T.);
#3216 = FACE_BOUND('',#3217,.T.);
#3217 = EDGE_LOOP('',(#3218,#3226,#3227,#3228));
#3218 = ORIENTED_EDGE('',*,*,#3219,.F.);
#3219 = EDGE_CURVE('',#3195,#3220,#3222,.T.);
#3220 = VERTEX_POINT('',#3221);
#3221 = CARTESIAN_POINT('',(-5.988234052771,11.535572582528,-4.14));
#3222 = LINE('',#3223,#3224);
#3223 = CARTESIAN_POINT('',(-5.988234052771,10.735572582528,-4.14));
#3224 = VECTOR('',#3225,1.);
#3225 = DIRECTION('',(-1.110223024625E-16,1.,0.));
#3226 = ORIENTED_EDGE('',*,*,#3194,.T.);
#3227 = ORIENTED_EDGE('',*,*,#615,.F.);
#3228 = ORIENTED_EDGE('',*,*,#3229,.F.);
#3229 = EDGE_CURVE('',#3220,#607,#3230,.T.);
#3230 = LINE('',#3231,#3232);
#3231 = CARTESIAN_POINT('',(-5.988234052771,11.535572582528,-4.14));
#3232 = VECTOR('',#3233,1.);
#3233 = DIRECTION('',(0.,0.,-1.));
#3234 = PLANE('',#3235);
#3235 = AXIS2_PLACEMENT_3D('',#3236,#3237,#3238);
#3236 = CARTESIAN_POINT('',(-5.988234052771,11.535572582528,-4.14));
#3237 = DIRECTION('',(1.,1.110223024625E-16,0.));
#3238 = DIRECTION('',(1.110223024625E-16,-1.,0.));
#3239 = ADVANCED_FACE('',(#3240),#3252,.F.);
#3240 = FACE_BOUND('',#3241,.F.);
#3241 = EDGE_LOOP('',(#3242,#3243,#3244,#3245));
#3242 = ORIENTED_EDGE('',*,*,#3173,.T.);
#3243 = ORIENTED_EDGE('',*,*,#604,.T.);
#3244 = ORIENTED_EDGE('',*,*,#3229,.F.);
#3245 = ORIENTED_EDGE('',*,*,#3246,.T.);
#3246 = EDGE_CURVE('',#3220,#3164,#3247,.T.);
#3247 = CIRCLE('',#3248,0.3);
#3248 = AXIS2_PLACEMENT_3D('',#3249,#3250,#3251);
#3249 = CARTESIAN_POINT('',(-5.688234052771,11.535572582528,-4.14));
#3250 = DIRECTION('',(0.,0.,-1.));
#3251 = DIRECTION('',(1.,1.110223024625E-16,0.));
#3252 = CYLINDRICAL_SURFACE('',#3253,0.3);
#3253 = AXIS2_PLACEMENT_3D('',#3254,#3255,#3256);
#3254 = CARTESIAN_POINT('',(-5.688234052771,11.535572582528,-4.14));
#3255 = DIRECTION('',(0.,0.,-1.));
#3256 = DIRECTION('',(1.,1.110223024625E-16,0.));
#3257 = ADVANCED_FACE('',(#3258),#3277,.F.);
#3258 = FACE_BOUND('',#3259,.F.);
#3259 = EDGE_LOOP('',(#3260,#3268,#3275,#3276));
#3260 = ORIENTED_EDGE('',*,*,#3261,.T.);
#3261 = EDGE_CURVE('',#594,#3262,#3264,.T.);
#3262 = VERTEX_POINT('',#3263);
#3263 = CARTESIAN_POINT('',(-7.62,-4.58,-4.14));
#3264 = LINE('',#3265,#3266);
#3265 = CARTESIAN_POINT('',(-7.62,-4.58,-4.14));
#3266 = VECTOR('',#3267,1.);
#3267 = DIRECTION('',(0.,0.,1.));
#3268 = ORIENTED_EDGE('',*,*,#3269,.T.);
#3269 = EDGE_CURVE('',#3262,#3262,#3270,.T.);
#3270 = CIRCLE('',#3271,0.5);
#3271 = AXIS2_PLACEMENT_3D('',#3272,#3273,#3274);
#3272 = CARTESIAN_POINT('',(-7.62,-5.08,-4.14));
#3273 = DIRECTION('',(0.,-0.,-1.));
#3274 = DIRECTION('',(1.110223024625E-16,-1.,0.));
#3275 = ORIENTED_EDGE('',*,*,#3261,.F.);
#3276 = ORIENTED_EDGE('',*,*,#593,.T.);
#3277 = CYLINDRICAL_SURFACE('',#3278,0.5);
#3278 = AXIS2_PLACEMENT_3D('',#3279,#3280,#3281);
#3279 = CARTESIAN_POINT('',(-7.62,-5.08,-4.14));
#3280 = DIRECTION('',(0.,0.,-1.));
#3281 = DIRECTION('',(1.110223024625E-16,-1.,0.));
#3282 = ADVANCED_FACE('',(#3283),#3308,.T.);
#3283 = FACE_BOUND('',#3284,.T.);
#3284 = EDGE_LOOP('',(#3285,#3295,#3301,#3302));
#3285 = ORIENTED_EDGE('',*,*,#3286,.F.);
#3286 = EDGE_CURVE('',#3287,#3289,#3291,.T.);
#3287 = VERTEX_POINT('',#3288);
#3288 = CARTESIAN_POINT('',(-8.89,16.5,-4.14));
#3289 = VERTEX_POINT('',#3290);
#3290 = CARTESIAN_POINT('',(-8.89,-16.5,-4.14));
#3291 = LINE('',#3292,#3293);
#3292 = CARTESIAN_POINT('',(-8.89,16.5,-4.14));
#3293 = VECTOR('',#3294,1.);
#3294 = DIRECTION('',(1.110223024625E-16,-1.,0.));
#3295 = ORIENTED_EDGE('',*,*,#3296,.T.);
#3296 = EDGE_CURVE('',#3287,#545,#3297,.T.);
#3297 = LINE('',#3298,#3299);
#3298 = CARTESIAN_POINT('',(-8.89,16.5,-4.14));
#3299 = VECTOR('',#3300,1.);
#3300 = DIRECTION('',(0.,0.,-1.));
#3301 = ORIENTED_EDGE('',*,*,#544,.F.);
#3302 = ORIENTED_EDGE('',*,*,#3303,.F.);
#3303 = EDGE_CURVE('',#3289,#537,#3304,.T.);
#3304 = LINE('',#3305,#3306);
#3305 = CARTESIAN_POINT('',(-8.89,-16.5,-4.14));
#3306 = VECTOR('',#3307,1.);
#3307 = DIRECTION('',(0.,0.,-1.));
#3308 = PLANE('',#3309);
#3309 = AXIS2_PLACEMENT_3D('',#3310,#3311,#3312);
#3310 = CARTESIAN_POINT('',(-8.89,-16.5,-4.14));
#3311 = DIRECTION('',(-1.,-1.110223024625E-16,0.));
#3312 = DIRECTION('',(-1.110223024625E-16,1.,0.));
#3313 = ADVANCED_FACE('',(#3314),#3341,.T.);
#3314 = FACE_BOUND('',#3315,.T.);
#3315 = EDGE_LOOP('',(#3316,#3322,#3323,#3324,#3332,#3338,#3339,#3340));
#3316 = ORIENTED_EDGE('',*,*,#3317,.F.);
#3317 = EDGE_CURVE('',#3289,#2012,#3318,.T.);
#3318 = LINE('',#3319,#3320);
#3319 = CARTESIAN_POINT('',(-8.89,-16.5,-4.14));
#3320 = VECTOR('',#3321,1.);
#3321 = DIRECTION('',(1.,1.110223024625E-16,0.));
#3322 = ORIENTED_EDGE('',*,*,#3303,.T.);
#3323 = ORIENTED_EDGE('',*,*,#536,.F.);
#3324 = ORIENTED_EDGE('',*,*,#3325,.F.);
#3325 = EDGE_CURVE('',#3326,#529,#3328,.T.);
#3326 = VERTEX_POINT('',#3327);
#3327 = CARTESIAN_POINT('',(8.89,-16.5,-4.14));
#3328 = LINE('',#3329,#3330);
#3329 = CARTESIAN_POINT('',(8.89,-16.5,-4.14));
#3330 = VECTOR('',#3331,1.);
#3331 = DIRECTION('',(0.,0.,-1.));
#3332 = ORIENTED_EDGE('',*,*,#3333,.F.);
#3333 = EDGE_CURVE('',#2067,#3326,#3334,.T.);
#3334 = LINE('',#3335,#3336);
#3335 = CARTESIAN_POINT('',(-8.89,-16.5,-4.14));
#3336 = VECTOR('',#3337,1.);
#3337 = DIRECTION('',(1.,1.110223024625E-16,0.));
#3338 = ORIENTED_EDGE('',*,*,#2076,.T.);
#3339 = ORIENTED_EDGE('',*,*,#261,.F.);
#3340 = ORIENTED_EDGE('',*,*,#2021,.F.);
#3341 = PLANE('',#3342);
#3342 = AXIS2_PLACEMENT_3D('',#3343,#3344,#3345);
#3343 = CARTESIAN_POINT('',(8.89,-16.5,-4.14));
#3344 = DIRECTION('',(1.110223024625E-16,-1.,0.));
#3345 = DIRECTION('',(-1.,-1.110223024625E-16,0.));
#3346 = ADVANCED_FACE('',(#3347),#3358,.T.);
#3347 = FACE_BOUND('',#3348,.T.);
#3348 = EDGE_LOOP('',(#3349,#3355,#3356,#3357));
#3349 = ORIENTED_EDGE('',*,*,#3350,.F.);
#3350 = EDGE_CURVE('',#3326,#2147,#3351,.T.);
#3351 = LINE('',#3352,#3353);
#3352 = CARTESIAN_POINT('',(8.89,-16.5,-4.14));
#3353 = VECTOR('',#3354,1.);
#3354 = DIRECTION('',(-1.110223024625E-16,1.,0.));
#3355 = ORIENTED_EDGE('',*,*,#3325,.T.);
#3356 = ORIENTED_EDGE('',*,*,#528,.F.);
#3357 = ORIENTED_EDGE('',*,*,#2154,.F.);
#3358 = PLANE('',#3359);
#3359 = AXIS2_PLACEMENT_3D('',#3360,#3361,#3362);
#3360 = CARTESIAN_POINT('',(8.89,16.5,-4.14));
#3361 = DIRECTION('',(1.,1.110223024625E-16,0.));
#3362 = DIRECTION('',(1.110223024625E-16,-1.,0.));
#3363 = ADVANCED_FACE('',(#3364),#3375,.T.);
#3364 = FACE_BOUND('',#3365,.T.);
#3365 = EDGE_LOOP('',(#3366,#3372,#3373,#3374));
#3366 = ORIENTED_EDGE('',*,*,#3367,.F.);
#3367 = EDGE_CURVE('',#2117,#424,#3368,.T.);
#3368 = LINE('',#3369,#3370);
#3369 = CARTESIAN_POINT('',(2.405629771807,10.649128887131,-4.14));
#3370 = VECTOR('',#3371,1.);
#3371 = DIRECTION('',(-1.,-1.110223024625E-16,0.));
#3372 = ORIENTED_EDGE('',*,*,#2131,.T.);
#3373 = ORIENTED_EDGE('',*,*,#504,.F.);
#3374 = ORIENTED_EDGE('',*,*,#481,.T.);
#3375 = PLANE('',#3376);
#3376 = AXIS2_PLACEMENT_3D('',#3377,#3378,#3379);
#3377 = CARTESIAN_POINT('',(-4.811259543614,10.649128887131,-4.14));
#3378 = DIRECTION('',(-1.110223024625E-16,1.,0.));
#3379 = DIRECTION('',(1.,1.110223024625E-16,0.));
#3380 = ADVANCED_FACE('',(#3381),#3392,.T.);
#3381 = FACE_BOUND('',#3382,.T.);
#3382 = EDGE_LOOP('',(#3383,#3384,#3385,#3386));
#3383 = ORIENTED_EDGE('',*,*,#2100,.T.);
#3384 = ORIENTED_EDGE('',*,*,#552,.F.);
#3385 = ORIENTED_EDGE('',*,*,#3296,.F.);
#3386 = ORIENTED_EDGE('',*,*,#3387,.F.);
#3387 = EDGE_CURVE('',#2091,#3287,#3388,.T.);
#3388 = LINE('',#3389,#3390);
#3389 = CARTESIAN_POINT('',(8.89,16.5,-4.14));
#3390 = VECTOR('',#3391,1.);
#3391 = DIRECTION('',(-1.,-1.110223024625E-16,0.));
#3392 = PLANE('',#3393);
#3393 = AXIS2_PLACEMENT_3D('',#3394,#3395,#3396);
#3394 = CARTESIAN_POINT('',(-8.89,16.5,-4.14));
#3395 = DIRECTION('',(-1.110223024625E-16,1.,0.));
#3396 = DIRECTION('',(1.,1.110223024625E-16,0.));
#3397 = ADVANCED_FACE('',(#3398,#3414,#3420,#3426,#3432,#3438,#3444,
    #3450,#3456,#3462,#3468,#3471,#3477,#3480,#3483,#3489,#3492,#3495,
    #3498,#3501,#3504,#3507,#3513,#3516,#3519,#3522,#3525,#3528,#3531,
    #3534,#3537,#3543,#3546,#3549,#3552,#3555,#3558,#3561,#3564,#3567,
    #3570,#3573,#3576),#3579,.T.);
#3398 = FACE_BOUND('',#3399,.T.);
#3399 = EDGE_LOOP('',(#3400,#3401,#3402,#3403,#3404,#3405,#3406,#3407,
    #3408,#3409,#3410,#3411,#3412,#3413));
#3400 = ORIENTED_EDGE('',*,*,#2066,.T.);
#3401 = ORIENTED_EDGE('',*,*,#3333,.T.);
#3402 = ORIENTED_EDGE('',*,*,#3350,.T.);
#3403 = ORIENTED_EDGE('',*,*,#2146,.T.);
#3404 = ORIENTED_EDGE('',*,*,#2114,.T.);
#3405 = ORIENTED_EDGE('',*,*,#3367,.T.);
#3406 = ORIENTED_EDGE('',*,*,#449,.T.);
#3407 = ORIENTED_EDGE('',*,*,#1132,.T.);
#3408 = ORIENTED_EDGE('',*,*,#2090,.T.);
#3409 = ORIENTED_EDGE('',*,*,#3387,.T.);
#3410 = ORIENTED_EDGE('',*,*,#3286,.T.);
#3411 = ORIENTED_EDGE('',*,*,#3317,.T.);
#3412 = ORIENTED_EDGE('',*,*,#2011,.T.);
#3413 = ORIENTED_EDGE('',*,*,#2042,.T.);
#3414 = FACE_BOUND('',#3415,.T.);
#3415 = EDGE_LOOP('',(#3416,#3417,#3418,#3419));
#3416 = ORIENTED_EDGE('',*,*,#1147,.T.);
#3417 = ORIENTED_EDGE('',*,*,#1178,.T.);
#3418 = ORIENTED_EDGE('',*,*,#1202,.T.);
#3419 = ORIENTED_EDGE('',*,*,#1226,.T.);
#3420 = FACE_BOUND('',#3421,.T.);
#3421 = EDGE_LOOP('',(#3422,#3423,#3424,#3425));
#3422 = ORIENTED_EDGE('',*,*,#1243,.T.);
#3423 = ORIENTED_EDGE('',*,*,#1274,.T.);
#3424 = ORIENTED_EDGE('',*,*,#1298,.T.);
#3425 = ORIENTED_EDGE('',*,*,#1322,.T.);
#3426 = FACE_BOUND('',#3427,.T.);
#3427 = EDGE_LOOP('',(#3428,#3429,#3430,#3431));
#3428 = ORIENTED_EDGE('',*,*,#1339,.T.);
#3429 = ORIENTED_EDGE('',*,*,#1370,.T.);
#3430 = ORIENTED_EDGE('',*,*,#1394,.T.);
#3431 = ORIENTED_EDGE('',*,*,#1418,.T.);
#3432 = FACE_BOUND('',#3433,.T.);
#3433 = EDGE_LOOP('',(#3434,#3435,#3436,#3437));
#3434 = ORIENTED_EDGE('',*,*,#1435,.T.);
#3435 = ORIENTED_EDGE('',*,*,#1466,.T.);
#3436 = ORIENTED_EDGE('',*,*,#1490,.T.);
#3437 = ORIENTED_EDGE('',*,*,#1514,.T.);
#3438 = FACE_BOUND('',#3439,.T.);
#3439 = EDGE_LOOP('',(#3440,#3441,#3442,#3443));
#3440 = ORIENTED_EDGE('',*,*,#1531,.T.);
#3441 = ORIENTED_EDGE('',*,*,#1562,.T.);
#3442 = ORIENTED_EDGE('',*,*,#1586,.T.);
#3443 = ORIENTED_EDGE('',*,*,#1610,.T.);
#3444 = FACE_BOUND('',#3445,.T.);
#3445 = EDGE_LOOP('',(#3446,#3447,#3448,#3449));
#3446 = ORIENTED_EDGE('',*,*,#1627,.T.);
#3447 = ORIENTED_EDGE('',*,*,#1658,.T.);
#3448 = ORIENTED_EDGE('',*,*,#1682,.T.);
#3449 = ORIENTED_EDGE('',*,*,#1706,.T.);
#3450 = FACE_BOUND('',#3451,.T.);
#3451 = EDGE_LOOP('',(#3452,#3453,#3454,#3455));
#3452 = ORIENTED_EDGE('',*,*,#1723,.T.);
#3453 = ORIENTED_EDGE('',*,*,#1754,.T.);
#3454 = ORIENTED_EDGE('',*,*,#1778,.T.);
#3455 = ORIENTED_EDGE('',*,*,#1802,.T.);
#3456 = FACE_BOUND('',#3457,.T.);
#3457 = EDGE_LOOP('',(#3458,#3459,#3460,#3461));
#3458 = ORIENTED_EDGE('',*,*,#1819,.T.);
#3459 = ORIENTED_EDGE('',*,*,#1850,.T.);
#3460 = ORIENTED_EDGE('',*,*,#1874,.T.);
#3461 = ORIENTED_EDGE('',*,*,#1898,.T.);
#3462 = FACE_BOUND('',#3463,.T.);
#3463 = EDGE_LOOP('',(#3464,#3465,#3466,#3467));
#3464 = ORIENTED_EDGE('',*,*,#1915,.T.);
#3465 = ORIENTED_EDGE('',*,*,#1946,.T.);
#3466 = ORIENTED_EDGE('',*,*,#1970,.T.);
#3467 = ORIENTED_EDGE('',*,*,#1994,.T.);
#3468 = FACE_BOUND('',#3469,.T.);
#3469 = EDGE_LOOP('',(#3470));
#3470 = ORIENTED_EDGE('',*,*,#3269,.T.);
#3471 = FACE_BOUND('',#3472,.T.);
#3472 = EDGE_LOOP('',(#3473,#3474,#3475,#3476));
#3473 = ORIENTED_EDGE('',*,*,#3246,.T.);
#3474 = ORIENTED_EDGE('',*,*,#3163,.T.);
#3475 = ORIENTED_EDGE('',*,*,#3204,.T.);
#3476 = ORIENTED_EDGE('',*,*,#3219,.T.);
#3477 = FACE_BOUND('',#3478,.T.);
#3478 = EDGE_LOOP('',(#3479));
#3479 = ORIENTED_EDGE('',*,*,#3146,.T.);
#3480 = FACE_BOUND('',#3481,.T.);
#3481 = EDGE_LOOP('',(#3482));
#3482 = ORIENTED_EDGE('',*,*,#3121,.T.);
#3483 = FACE_BOUND('',#3484,.T.);
#3484 = EDGE_LOOP('',(#3485,#3486,#3487,#3488));
#3485 = ORIENTED_EDGE('',*,*,#3098,.T.);
#3486 = ORIENTED_EDGE('',*,*,#3015,.T.);
#3487 = ORIENTED_EDGE('',*,*,#3056,.T.);
#3488 = ORIENTED_EDGE('',*,*,#3071,.T.);
#3489 = FACE_BOUND('',#3490,.T.);
#3490 = EDGE_LOOP('',(#3491));
#3491 = ORIENTED_EDGE('',*,*,#2998,.T.);
#3492 = FACE_BOUND('',#3493,.T.);
#3493 = EDGE_LOOP('',(#3494));
#3494 = ORIENTED_EDGE('',*,*,#2973,.T.);
#3495 = FACE_BOUND('',#3496,.T.);
#3496 = EDGE_LOOP('',(#3497));
#3497 = ORIENTED_EDGE('',*,*,#2948,.T.);
#3498 = FACE_BOUND('',#3499,.T.);
#3499 = EDGE_LOOP('',(#3500));
#3500 = ORIENTED_EDGE('',*,*,#2923,.T.);
#3501 = FACE_BOUND('',#3502,.T.);
#3502 = EDGE_LOOP('',(#3503));
#3503 = ORIENTED_EDGE('',*,*,#2898,.T.);
#3504 = FACE_BOUND('',#3505,.T.);
#3505 = EDGE_LOOP('',(#3506));
#3506 = ORIENTED_EDGE('',*,*,#2873,.T.);
#3507 = FACE_BOUND('',#3508,.T.);
#3508 = EDGE_LOOP('',(#3509,#3510,#3511,#3512));
#3509 = ORIENTED_EDGE('',*,*,#2850,.T.);
#3510 = ORIENTED_EDGE('',*,*,#2767,.T.);
#3511 = ORIENTED_EDGE('',*,*,#2808,.T.);
#3512 = ORIENTED_EDGE('',*,*,#2823,.T.);
#3513 = FACE_BOUND('',#3514,.T.);
#3514 = EDGE_LOOP('',(#3515));
#3515 = ORIENTED_EDGE('',*,*,#2750,.T.);
#3516 = FACE_BOUND('',#3517,.T.);
#3517 = EDGE_LOOP('',(#3518));
#3518 = ORIENTED_EDGE('',*,*,#2725,.T.);
#3519 = FACE_BOUND('',#3520,.T.);
#3520 = EDGE_LOOP('',(#3521));
#3521 = ORIENTED_EDGE('',*,*,#2700,.T.);
#3522 = FACE_BOUND('',#3523,.T.);
#3523 = EDGE_LOOP('',(#3524));
#3524 = ORIENTED_EDGE('',*,*,#2675,.T.);
#3525 = FACE_BOUND('',#3526,.T.);
#3526 = EDGE_LOOP('',(#3527));
#3527 = ORIENTED_EDGE('',*,*,#2650,.T.);
#3528 = FACE_BOUND('',#3529,.T.);
#3529 = EDGE_LOOP('',(#3530));
#3530 = ORIENTED_EDGE('',*,*,#2625,.T.);
#3531 = FACE_BOUND('',#3532,.T.);
#3532 = EDGE_LOOP('',(#3533));
#3533 = ORIENTED_EDGE('',*,*,#2600,.T.);
#3534 = FACE_BOUND('',#3535,.T.);
#3535 = EDGE_LOOP('',(#3536));
#3536 = ORIENTED_EDGE('',*,*,#2575,.T.);
#3537 = FACE_BOUND('',#3538,.T.);
#3538 = EDGE_LOOP('',(#3539,#3540,#3541,#3542));
#3539 = ORIENTED_EDGE('',*,*,#2552,.T.);
#3540 = ORIENTED_EDGE('',*,*,#2469,.T.);
#3541 = ORIENTED_EDGE('',*,*,#2510,.T.);
#3542 = ORIENTED_EDGE('',*,*,#2525,.T.);
#3543 = FACE_BOUND('',#3544,.T.);
#3544 = EDGE_LOOP('',(#3545));
#3545 = ORIENTED_EDGE('',*,*,#2452,.T.);
#3546 = FACE_BOUND('',#3547,.T.);
#3547 = EDGE_LOOP('',(#3548));
#3548 = ORIENTED_EDGE('',*,*,#2427,.T.);
#3549 = FACE_BOUND('',#3550,.T.);
#3550 = EDGE_LOOP('',(#3551));
#3551 = ORIENTED_EDGE('',*,*,#2402,.T.);
#3552 = FACE_BOUND('',#3553,.T.);
#3553 = EDGE_LOOP('',(#3554));
#3554 = ORIENTED_EDGE('',*,*,#2377,.T.);
#3555 = FACE_BOUND('',#3556,.T.);
#3556 = EDGE_LOOP('',(#3557));
#3557 = ORIENTED_EDGE('',*,*,#2352,.T.);
#3558 = FACE_BOUND('',#3559,.T.);
#3559 = EDGE_LOOP('',(#3560));
#3560 = ORIENTED_EDGE('',*,*,#2327,.T.);
#3561 = FACE_BOUND('',#3562,.T.);
#3562 = EDGE_LOOP('',(#3563));
#3563 = ORIENTED_EDGE('',*,*,#2302,.T.);
#3564 = FACE_BOUND('',#3565,.T.);
#3565 = EDGE_LOOP('',(#3566));
#3566 = ORIENTED_EDGE('',*,*,#2277,.T.);
#3567 = FACE_BOUND('',#3568,.T.);
#3568 = EDGE_LOOP('',(#3569));
#3569 = ORIENTED_EDGE('',*,*,#2252,.T.);
#3570 = FACE_BOUND('',#3571,.T.);
#3571 = EDGE_LOOP('',(#3572));
#3572 = ORIENTED_EDGE('',*,*,#2227,.T.);
#3573 = FACE_BOUND('',#3574,.T.);
#3574 = EDGE_LOOP('',(#3575));
#3575 = ORIENTED_EDGE('',*,*,#2202,.T.);
#3576 = FACE_BOUND('',#3577,.T.);
#3577 = EDGE_LOOP('',(#3578));
#3578 = ORIENTED_EDGE('',*,*,#2177,.T.);
#3579 = PLANE('',#3580);
#3580 = AXIS2_PLACEMENT_3D('',#3581,#3582,#3583);
#3581 = CARTESIAN_POINT('',(0.,0.,-4.14));
#3582 = DIRECTION('',(0.,0.,1.));
#3583 = DIRECTION('',(1.110223024625E-16,-1.,0.));
#3584 = MANIFOLD_SOLID_BREP('',#3585);
#3585 = CLOSED_SHELL('',(#3586,#3626,#3666,#3688,#3710,#3722));
#3586 = ADVANCED_FACE('',(#3587),#3621,.F.);
#3587 = FACE_BOUND('',#3588,.F.);
#3588 = EDGE_LOOP('',(#3589,#3599,#3607,#3615));
#3589 = ORIENTED_EDGE('',*,*,#3590,.F.);
#3590 = EDGE_CURVE('',#3591,#3593,#3595,.T.);
#3591 = VERTEX_POINT('',#3592);
#3592 = CARTESIAN_POINT('',(-8.89,-15.24,-4.14));
#3593 = VERTEX_POINT('',#3594);
#3594 = CARTESIAN_POINT('',(-8.89,-15.24,-1.6));
#3595 = LINE('',#3596,#3597);
#3596 = CARTESIAN_POINT('',(-8.89,-15.24,-4.14));
#3597 = VECTOR('',#3598,1.);
#3598 = DIRECTION('',(0.,0.,1.));
#3599 = ORIENTED_EDGE('',*,*,#3600,.T.);
#3600 = EDGE_CURVE('',#3591,#3601,#3603,.T.);
#3601 = VERTEX_POINT('',#3602);
#3602 = CARTESIAN_POINT('',(-8.89,15.24,-4.14));
#3603 = LINE('',#3604,#3605);
#3604 = CARTESIAN_POINT('',(-8.89,-15.24,-4.14));
#3605 = VECTOR('',#3606,1.);
#3606 = DIRECTION('',(-0.,1.,0.));
#3607 = ORIENTED_EDGE('',*,*,#3608,.T.);
#3608 = EDGE_CURVE('',#3601,#3609,#3611,.T.);
#3609 = VERTEX_POINT('',#3610);
#3610 = CARTESIAN_POINT('',(-8.89,15.24,-1.6));
#3611 = LINE('',#3612,#3613);
#3612 = CARTESIAN_POINT('',(-8.89,15.24,-4.14));
#3613 = VECTOR('',#3614,1.);
#3614 = DIRECTION('',(0.,0.,1.));
#3615 = ORIENTED_EDGE('',*,*,#3616,.F.);
#3616 = EDGE_CURVE('',#3593,#3609,#3617,.T.);
#3617 = LINE('',#3618,#3619);
#3618 = CARTESIAN_POINT('',(-8.89,-15.24,-1.6));
#3619 = VECTOR('',#3620,1.);
#3620 = DIRECTION('',(-0.,1.,0.));
#3621 = PLANE('',#3622);
#3622 = AXIS2_PLACEMENT_3D('',#3623,#3624,#3625);
#3623 = CARTESIAN_POINT('',(-8.89,-15.24,-4.14));
#3624 = DIRECTION('',(1.,0.,-0.));
#3625 = DIRECTION('',(0.,0.,1.));
#3626 = ADVANCED_FACE('',(#3627),#3661,.T.);
#3627 = FACE_BOUND('',#3628,.T.);
#3628 = EDGE_LOOP('',(#3629,#3639,#3647,#3655));
#3629 = ORIENTED_EDGE('',*,*,#3630,.F.);
#3630 = EDGE_CURVE('',#3631,#3633,#3635,.T.);
#3631 = VERTEX_POINT('',#3632);
#3632 = CARTESIAN_POINT('',(-6.35,-15.24,-4.14));
#3633 = VERTEX_POINT('',#3634);
#3634 = CARTESIAN_POINT('',(-6.35,-15.24,-1.6));
#3635 = LINE('',#3636,#3637);
#3636 = CARTESIAN_POINT('',(-6.35,-15.24,-4.14));
#3637 = VECTOR('',#3638,1.);
#3638 = DIRECTION('',(0.,0.,1.));
#3639 = ORIENTED_EDGE('',*,*,#3640,.T.);
#3640 = EDGE_CURVE('',#3631,#3641,#3643,.T.);
#3641 = VERTEX_POINT('',#3642);
#3642 = CARTESIAN_POINT('',(-6.35,15.24,-4.14));
#3643 = LINE('',#3644,#3645);
#3644 = CARTESIAN_POINT('',(-6.35,-15.24,-4.14));
#3645 = VECTOR('',#3646,1.);
#3646 = DIRECTION('',(-0.,1.,0.));
#3647 = ORIENTED_EDGE('',*,*,#3648,.T.);
#3648 = EDGE_CURVE('',#3641,#3649,#3651,.T.);
#3649 = VERTEX_POINT('',#3650);
#3650 = CARTESIAN_POINT('',(-6.35,15.24,-1.6));
#3651 = LINE('',#3652,#3653);
#3652 = CARTESIAN_POINT('',(-6.35,15.24,-4.14));
#3653 = VECTOR('',#3654,1.);
#3654 = DIRECTION('',(0.,0.,1.));
#3655 = ORIENTED_EDGE('',*,*,#3656,.F.);
#3656 = EDGE_CURVE('',#3633,#3649,#3657,.T.);
#3657 = LINE('',#3658,#3659);
#3658 = CARTESIAN_POINT('',(-6.35,-15.24,-1.6));
#3659 = VECTOR('',#3660,1.);
#3660 = DIRECTION('',(-0.,1.,0.));
#3661 = PLANE('',#3662);
#3662 = AXIS2_PLACEMENT_3D('',#3663,#3664,#3665);
#3663 = CARTESIAN_POINT('',(-6.35,-15.24,-4.14));
#3664 = DIRECTION('',(1.,0.,-0.));
#3665 = DIRECTION('',(0.,0.,1.));
#3666 = ADVANCED_FACE('',(#3667),#3683,.F.);
#3667 = FACE_BOUND('',#3668,.F.);
#3668 = EDGE_LOOP('',(#3669,#3675,#3676,#3682));
#3669 = ORIENTED_EDGE('',*,*,#3670,.F.);
#3670 = EDGE_CURVE('',#3591,#3631,#3671,.T.);
#3671 = LINE('',#3672,#3673);
#3672 = CARTESIAN_POINT('',(-8.89,-15.24,-4.14));
#3673 = VECTOR('',#3674,1.);
#3674 = DIRECTION('',(1.,0.,-0.));
#3675 = ORIENTED_EDGE('',*,*,#3590,.T.);
#3676 = ORIENTED_EDGE('',*,*,#3677,.T.);
#3677 = EDGE_CURVE('',#3593,#3633,#3678,.T.);
#3678 = LINE('',#3679,#3680);
#3679 = CARTESIAN_POINT('',(-8.89,-15.24,-1.6));
#3680 = VECTOR('',#3681,1.);
#3681 = DIRECTION('',(1.,0.,-0.));
#3682 = ORIENTED_EDGE('',*,*,#3630,.F.);
#3683 = PLANE('',#3684);
#3684 = AXIS2_PLACEMENT_3D('',#3685,#3686,#3687);
#3685 = CARTESIAN_POINT('',(-8.89,-15.24,-4.14));
#3686 = DIRECTION('',(-0.,1.,0.));
#3687 = DIRECTION('',(0.,0.,1.));
#3688 = ADVANCED_FACE('',(#3689),#3705,.T.);
#3689 = FACE_BOUND('',#3690,.T.);
#3690 = EDGE_LOOP('',(#3691,#3697,#3698,#3704));
#3691 = ORIENTED_EDGE('',*,*,#3692,.F.);
#3692 = EDGE_CURVE('',#3601,#3641,#3693,.T.);
#3693 = LINE('',#3694,#3695);
#3694 = CARTESIAN_POINT('',(-8.89,15.24,-4.14));
#3695 = VECTOR('',#3696,1.);
#3696 = DIRECTION('',(1.,0.,-0.));
#3697 = ORIENTED_EDGE('',*,*,#3608,.T.);
#3698 = ORIENTED_EDGE('',*,*,#3699,.T.);
#3699 = EDGE_CURVE('',#3609,#3649,#3700,.T.);
#3700 = LINE('',#3701,#3702);
#3701 = CARTESIAN_POINT('',(-8.89,15.24,-1.6));
#3702 = VECTOR('',#3703,1.);
#3703 = DIRECTION('',(1.,0.,-0.));
#3704 = ORIENTED_EDGE('',*,*,#3648,.F.);
#3705 = PLANE('',#3706);
#3706 = AXIS2_PLACEMENT_3D('',#3707,#3708,#3709);
#3707 = CARTESIAN_POINT('',(-8.89,15.24,-4.14));
#3708 = DIRECTION('',(-0.,1.,0.));
#3709 = DIRECTION('',(0.,0.,1.));
#3710 = ADVANCED_FACE('',(#3711),#3717,.F.);
#3711 = FACE_BOUND('',#3712,.F.);
#3712 = EDGE_LOOP('',(#3713,#3714,#3715,#3716));
#3713 = ORIENTED_EDGE('',*,*,#3600,.F.);
#3714 = ORIENTED_EDGE('',*,*,#3670,.T.);
#3715 = ORIENTED_EDGE('',*,*,#3640,.T.);
#3716 = ORIENTED_EDGE('',*,*,#3692,.F.);
#3717 = PLANE('',#3718);
#3718 = AXIS2_PLACEMENT_3D('',#3719,#3720,#3721);
#3719 = CARTESIAN_POINT('',(-8.89,-15.24,-4.14));
#3720 = DIRECTION('',(0.,0.,1.));
#3721 = DIRECTION('',(1.,0.,-0.));
#3722 = ADVANCED_FACE('',(#3723),#3729,.T.);
#3723 = FACE_BOUND('',#3724,.T.);
#3724 = EDGE_LOOP('',(#3725,#3726,#3727,#3728));
#3725 = ORIENTED_EDGE('',*,*,#3616,.F.);
#3726 = ORIENTED_EDGE('',*,*,#3677,.T.);
#3727 = ORIENTED_EDGE('',*,*,#3656,.T.);
#3728 = ORIENTED_EDGE('',*,*,#3699,.F.);
#3729 = PLANE('',#3730);
#3730 = AXIS2_PLACEMENT_3D('',#3731,#3732,#3733);
#3731 = CARTESIAN_POINT('',(-8.89,-15.24,-1.6));
#3732 = DIRECTION('',(0.,0.,1.));
#3733 = DIRECTION('',(1.,0.,-0.));
#3734 = MANIFOLD_SOLID_BREP('',#3735);
#3735 = CLOSED_SHELL('',(#3736,#3776,#3816,#3838,#3860,#3872));
#3736 = ADVANCED_FACE('',(#3737),#3771,.F.);
#3737 = FACE_BOUND('',#3738,.F.);
#3738 = EDGE_LOOP('',(#3739,#3749,#3757,#3765));
#3739 = ORIENTED_EDGE('',*,*,#3740,.F.);
#3740 = EDGE_CURVE('',#3741,#3743,#3745,.T.);
#3741 = VERTEX_POINT('',#3742);
#3742 = CARTESIAN_POINT('',(6.35,-15.24,-4.14));
#3743 = VERTEX_POINT('',#3744);
#3744 = CARTESIAN_POINT('',(6.35,-15.24,-1.6));
#3745 = LINE('',#3746,#3747);
#3746 = CARTESIAN_POINT('',(6.35,-15.24,-4.14));
#3747 = VECTOR('',#3748,1.);
#3748 = DIRECTION('',(0.,0.,1.));
#3749 = ORIENTED_EDGE('',*,*,#3750,.T.);
#3750 = EDGE_CURVE('',#3741,#3751,#3753,.T.);
#3751 = VERTEX_POINT('',#3752);
#3752 = CARTESIAN_POINT('',(6.35,15.24,-4.14));
#3753 = LINE('',#3754,#3755);
#3754 = CARTESIAN_POINT('',(6.35,-15.24,-4.14));
#3755 = VECTOR('',#3756,1.);
#3756 = DIRECTION('',(-0.,1.,0.));
#3757 = ORIENTED_EDGE('',*,*,#3758,.T.);
#3758 = EDGE_CURVE('',#3751,#3759,#3761,.T.);
#3759 = VERTEX_POINT('',#3760);
#3760 = CARTESIAN_POINT('',(6.35,15.24,-1.6));
#3761 = LINE('',#3762,#3763);
#3762 = CARTESIAN_POINT('',(6.35,15.24,-4.14));
#3763 = VECTOR('',#3764,1.);
#3764 = DIRECTION('',(0.,0.,1.));
#3765 = ORIENTED_EDGE('',*,*,#3766,.F.);
#3766 = EDGE_CURVE('',#3743,#3759,#3767,.T.);
#3767 = LINE('',#3768,#3769);
#3768 = CARTESIAN_POINT('',(6.35,-15.24,-1.6));
#3769 = VECTOR('',#3770,1.);
#3770 = DIRECTION('',(-0.,1.,0.));
#3771 = PLANE('',#3772);
#3772 = AXIS2_PLACEMENT_3D('',#3773,#3774,#3775);
#3773 = CARTESIAN_POINT('',(6.35,-15.24,-4.14));
#3774 = DIRECTION('',(1.,0.,-0.));
#3775 = DIRECTION('',(0.,0.,1.));
#3776 = ADVANCED_FACE('',(#3777),#3811,.T.);
#3777 = FACE_BOUND('',#3778,.T.);
#3778 = EDGE_LOOP('',(#3779,#3789,#3797,#3805));
#3779 = ORIENTED_EDGE('',*,*,#3780,.F.);
#3780 = EDGE_CURVE('',#3781,#3783,#3785,.T.);
#3781 = VERTEX_POINT('',#3782);
#3782 = CARTESIAN_POINT('',(8.89,-15.24,-4.14));
#3783 = VERTEX_POINT('',#3784);
#3784 = CARTESIAN_POINT('',(8.89,-15.24,-1.6));
#3785 = LINE('',#3786,#3787);
#3786 = CARTESIAN_POINT('',(8.89,-15.24,-4.14));
#3787 = VECTOR('',#3788,1.);
#3788 = DIRECTION('',(0.,0.,1.));
#3789 = ORIENTED_EDGE('',*,*,#3790,.T.);
#3790 = EDGE_CURVE('',#3781,#3791,#3793,.T.);
#3791 = VERTEX_POINT('',#3792);
#3792 = CARTESIAN_POINT('',(8.89,15.24,-4.14));
#3793 = LINE('',#3794,#3795);
#3794 = CARTESIAN_POINT('',(8.89,-15.24,-4.14));
#3795 = VECTOR('',#3796,1.);
#3796 = DIRECTION('',(-0.,1.,0.));
#3797 = ORIENTED_EDGE('',*,*,#3798,.T.);
#3798 = EDGE_CURVE('',#3791,#3799,#3801,.T.);
#3799 = VERTEX_POINT('',#3800);
#3800 = CARTESIAN_POINT('',(8.89,15.24,-1.6));
#3801 = LINE('',#3802,#3803);
#3802 = CARTESIAN_POINT('',(8.89,15.24,-4.14));
#3803 = VECTOR('',#3804,1.);
#3804 = DIRECTION('',(0.,0.,1.));
#3805 = ORIENTED_EDGE('',*,*,#3806,.F.);
#3806 = EDGE_CURVE('',#3783,#3799,#3807,.T.);
#3807 = LINE('',#3808,#3809);
#3808 = CARTESIAN_POINT('',(8.89,-15.24,-1.6));
#3809 = VECTOR('',#3810,1.);
#3810 = DIRECTION('',(-0.,1.,0.));
#3811 = PLANE('',#3812);
#3812 = AXIS2_PLACEMENT_3D('',#3813,#3814,#3815);
#3813 = CARTESIAN_POINT('',(8.89,-15.24,-4.14));
#3814 = DIRECTION('',(1.,0.,-0.));
#3815 = DIRECTION('',(0.,0.,1.));
#3816 = ADVANCED_FACE('',(#3817),#3833,.F.);
#3817 = FACE_BOUND('',#3818,.F.);
#3818 = EDGE_LOOP('',(#3819,#3825,#3826,#3832));
#3819 = ORIENTED_EDGE('',*,*,#3820,.F.);
#3820 = EDGE_CURVE('',#3741,#3781,#3821,.T.);
#3821 = LINE('',#3822,#3823);
#3822 = CARTESIAN_POINT('',(6.35,-15.24,-4.14));
#3823 = VECTOR('',#3824,1.);
#3824 = DIRECTION('',(1.,0.,-0.));
#3825 = ORIENTED_EDGE('',*,*,#3740,.T.);
#3826 = ORIENTED_EDGE('',*,*,#3827,.T.);
#3827 = EDGE_CURVE('',#3743,#3783,#3828,.T.);
#3828 = LINE('',#3829,#3830);
#3829 = CARTESIAN_POINT('',(6.35,-15.24,-1.6));
#3830 = VECTOR('',#3831,1.);
#3831 = DIRECTION('',(1.,0.,-0.));
#3832 = ORIENTED_EDGE('',*,*,#3780,.F.);
#3833 = PLANE('',#3834);
#3834 = AXIS2_PLACEMENT_3D('',#3835,#3836,#3837);
#3835 = CARTESIAN_POINT('',(6.35,-15.24,-4.14));
#3836 = DIRECTION('',(-0.,1.,0.));
#3837 = DIRECTION('',(0.,0.,1.));
#3838 = ADVANCED_FACE('',(#3839),#3855,.T.);
#3839 = FACE_BOUND('',#3840,.T.);
#3840 = EDGE_LOOP('',(#3841,#3847,#3848,#3854));
#3841 = ORIENTED_EDGE('',*,*,#3842,.F.);
#3842 = EDGE_CURVE('',#3751,#3791,#3843,.T.);
#3843 = LINE('',#3844,#3845);
#3844 = CARTESIAN_POINT('',(6.35,15.24,-4.14));
#3845 = VECTOR('',#3846,1.);
#3846 = DIRECTION('',(1.,0.,-0.));
#3847 = ORIENTED_EDGE('',*,*,#3758,.T.);
#3848 = ORIENTED_EDGE('',*,*,#3849,.T.);
#3849 = EDGE_CURVE('',#3759,#3799,#3850,.T.);
#3850 = LINE('',#3851,#3852);
#3851 = CARTESIAN_POINT('',(6.35,15.24,-1.6));
#3852 = VECTOR('',#3853,1.);
#3853 = DIRECTION('',(1.,0.,-0.));
#3854 = ORIENTED_EDGE('',*,*,#3798,.F.);
#3855 = PLANE('',#3856);
#3856 = AXIS2_PLACEMENT_3D('',#3857,#3858,#3859);
#3857 = CARTESIAN_POINT('',(6.35,15.24,-4.14));
#3858 = DIRECTION('',(-0.,1.,0.));
#3859 = DIRECTION('',(0.,0.,1.));
#3860 = ADVANCED_FACE('',(#3861),#3867,.F.);
#3861 = FACE_BOUND('',#3862,.F.);
#3862 = EDGE_LOOP('',(#3863,#3864,#3865,#3866));
#3863 = ORIENTED_EDGE('',*,*,#3750,.F.);
#3864 = ORIENTED_EDGE('',*,*,#3820,.T.);
#3865 = ORIENTED_EDGE('',*,*,#3790,.T.);
#3866 = ORIENTED_EDGE('',*,*,#3842,.F.);
#3867 = PLANE('',#3868);
#3868 = AXIS2_PLACEMENT_3D('',#3869,#3870,#3871);
#3869 = CARTESIAN_POINT('',(6.35,-15.24,-4.14));
#3870 = DIRECTION('',(0.,0.,1.));
#3871 = DIRECTION('',(1.,0.,-0.));
#3872 = ADVANCED_FACE('',(#3873),#3879,.T.);
#3873 = FACE_BOUND('',#3874,.T.);
#3874 = EDGE_LOOP('',(#3875,#3876,#3877,#3878));
#3875 = ORIENTED_EDGE('',*,*,#3766,.F.);
#3876 = ORIENTED_EDGE('',*,*,#3827,.T.);
#3877 = ORIENTED_EDGE('',*,*,#3806,.T.);
#3878 = ORIENTED_EDGE('',*,*,#3849,.F.);
#3879 = PLANE('',#3880);
#3880 = AXIS2_PLACEMENT_3D('',#3881,#3882,#3883);
#3881 = CARTESIAN_POINT('',(6.35,-15.24,-1.6));
#3882 = DIRECTION('',(0.,0.,1.));
#3883 = DIRECTION('',(1.,0.,-0.));
#3884 = ( GEOMETRIC_REPRESENTATION_CONTEXT(3) 
GLOBAL_UNCERTAINTY_ASSIGNED_CONTEXT((#3888)) 
GLOBAL_UNIT_ASSIGNED_CONTEXT((#3885,#3886,#3887)) REPRESENTATION_CONTEXT
('Context #1','3D Context with UNIT and UNCERTAINTY') );
#3885 = ( LENGTH_UNIT() NAMED_UNIT(*) SI_UNIT(.MILLI.,.METRE.) );
#3886 = ( NAMED_UNIT(*) PLANE_ANGLE_UNIT() SI_UNIT($,.RADIAN.) );
#3887 = ( NAMED_UNIT(*) SI_UNIT($,.STERADIAN.) SOLID_ANGLE_UNIT() );
#3888 = UNCERTAINTY_MEASURE_WITH_UNIT(LENGTH_MEASURE(1.E-07),#3885,
  'distance_accuracy_value','confusion accuracy');
#3889 = PRODUCT_RELATED_PRODUCT_CATEGORY('part',$,(#7));
ENDSEC;
END-ISO-10303-21;
